{"prior": [[0.5, 0.5, 0.5, 0.5, 0.5, 0.5, 0.5, 0.5], [0.5, 0.07317073170731707, 0.08533916849015317, 0.10371819960861056, 0.11523687580025609, 0.11047696697920913, 0.1267911419887104, 0.5], [0.5, 0.1935483870967742, 0.09121395036887994, 0.09844851904090268, 0.09157397531616639, 0.10323281716924748, 0.1240768094534712, 0.5], [0.5, 0.12121212121212122, 0.09423186750428326, 0.09054054054054055, 0.08100074312608373, 0.08552292632663576, 0.08647640900616664, 0.5], [0.5, 0.14736842105263157, 0.07551487414187644, 0.08747716663283946, 0.0630712387372788, 0.06998323085522638, 0.0622341933654664, 0.5], [0.5, 0.17647058823529413, 0.06614785992217899, 0.0737410071942446, 0.05817371937639198, 0.05406324379462768, 0.05672211617125716, 0.5], [0.5, 0.14285714285714285, 0.07361268403171008, 0.058795411089866155, 0.04303745085867991, 0.05105105105105105, 0.03357314148681055, 0.5], [0.5, 0.1, 0.06624605678233439, 0.043259557344064385, 0.04004054738976178, 0.03375527426160337, 0.014285714285714285, 0.5], [0.5, 0.2, 0.09259259259259259, 0.04878048780487805, 0.03225806451612903, 0.1111111111111111, 0.5, 0.5], [0.5, 0.2, 0.10344827586206896, 0.023809523809523808, 0.0297029702970297, 0.5, 0.5, 0.5], [0.5, 0.5, 0.5, 0.5, 0.5, 0.5, 0.5, 0.5]], "games": 4000, "global_rate": 0.07857855712772537}