[L2] preset=iqe-qrl -> iqe=True quasimetric=True qrl=True embed_scale=1.0
shards=lichess_full_stage device=mps steps=120000 batch=512 d=64 quasimetric=True ply_gap_weight=0.05 asym_weight=0.0 two_horizon=False
model params: 2.3M (d=64 channels=64 blocks=6 enc_out=256)
holdout: 8 batches of 512
/Users/kav/code/remote/github/catspace/catspace/nn/fb.py:676: UserWarning: Converting a tensor with requires_grad=True to a scalar may lead to unexpected behavior.
Consider using tensor.detach() first. (Triggered internally at /Users/runner/work/pytorch/pytorch/torch/csrc/autograd/generated/python_variable_methods.cpp:823.)
  d_unr = float(d_far[m].mean())
    qrl push 39.955 sq_dev 0.0000 lam 1.000 d_step 0.240 d_rand 0.230 var 0.000 sib 0.000 unr 29.769 unrb 29.762 d_unr 0.23 d_oth 0.23
step 100  loss 453.2607  train_top1 0.000  lr 1.00e-04  (3.2 it/s)
    qrl push 33.184 sq_dev 31.8545 lam 1.607 d_step 6.543 d_rand 7.186 var 0.000 sib 0.000 unr 22.946 unrb 23.660 d_unr 7.05 d_oth 7.60
step 200  loss 324.2418  train_top1 0.000  lr 1.00e-04  (3.4 it/s)
    qrl push 29.656 sq_dev 15.9719 lam 2.213 d_step 4.024 d_rand 11.369 var 0.000 sib 0.000 unr 19.763 unrb 17.647 d_unr 10.43 d_oth 14.83
step 300  loss 218.0667  train_top1 0.000  lr 1.00e-04  (3.4 it/s)
    qrl push 18.494 sq_dev 9.7271 lam 2.767 d_step 2.850 d_rand 31.417 var 0.000 sib 0.000 unr 11.388 unrb 9.354 d_unr 28.27 d_oth 48.67
step 400  loss 135.3685  train_top1 0.000  lr 1.00e-04  (3.4 it/s)
    qrl push 11.930 sq_dev 8.3470 lam 3.155 d_step 2.363 d_rand 47.341 var 0.000 sib 0.000 unr 7.887 unrb 7.272 d_unr 38.32 d_oth 78.84
step 500  loss 209.0216  train_top1 0.000  lr 1.00e-04  (3.4 it/s)
    qrl push 11.384 sq_dev 8.6671 lam 3.488 d_step 2.071 d_rand 54.812 var 0.000 sib 0.000 unr 7.554 unrb 8.171 d_unr 44.60 d_oth 81.18
step 600  loss 208.2431  train_top1 0.000  lr 1.00e-04  (3.5 it/s)
    qrl push 8.190 sq_dev 7.5304 lam 3.844 d_step 1.783 d_rand 71.354 var 0.000 sib 0.000 unr 5.601 unrb 8.336 d_unr 54.57 d_oth 115.96
step 700  loss 318.1522  train_top1 0.000  lr 1.00e-04  (3.5 it/s)
    qrl push 13.298 sq_dev 4.9081 lam 4.239 d_step 2.431 d_rand 54.238 var 0.000 sib 0.000 unr 9.373 unrb 8.503 d_unr 44.80 d_oth 91.59
step 800  loss 133.9245  train_top1 0.000  lr 1.00e-04  (3.5 it/s)
    qrl push 10.968 sq_dev 3.9281 lam 4.603 d_step 1.647 d_rand 64.546 var 0.000 sib 0.000 unr 7.316 unrb 6.343 d_unr 55.88 d_oth 103.60
step 900  loss 153.4095  train_top1 0.000  lr 1.00e-04  (2.7 it/s)
    qrl push 10.644 sq_dev 10.2210 lam 4.998 d_step 1.530 d_rand 59.699 var 0.000 sib 0.000 unr 7.700 unrb 9.886 d_unr 46.81 d_oth 99.61
step 1000  loss 117.5400  train_top1 0.000  lr 1.00e-04  (1.5 it/s)
    qrl push 11.180 sq_dev 3.7273 lam 5.301 d_step 1.468 d_rand 62.710 var 0.000 sib 0.000 unr 7.255 unrb 5.712 d_unr 54.36 d_oth 98.39
step 1100  loss 125.3043  train_top1 0.000  lr 1.00e-04  (1.4 it/s)
    qrl push 8.877 sq_dev 1.2666 lam 5.606 d_step 1.377 d_rand 77.838 var 0.000 sib 0.000 unr 6.622 unrb 7.675 d_unr 59.24 d_oth 124.81
step 1200  loss 130.2323  train_top1 0.000  lr 1.00e-04  (1.7 it/s)
    qrl push 8.382 sq_dev 1.7944 lam 5.925 d_step 1.410 d_rand 75.673 var 0.000 sib 0.000 unr 5.368 unrb 5.083 d_unr 63.67 d_oth 122.22
step 1300  loss 142.7786  train_top1 0.000  lr 1.00e-04  (1.7 it/s)
    qrl push 8.272 sq_dev 1.0120 lam 6.170 d_step 0.588 d_rand 77.326 var 0.000 sib 0.000 unr 5.799 unrb 6.732 d_unr 65.46 d_oth 123.32
step 1400  loss 131.0154  train_top1 0.000  lr 1.00e-04  (2.1 it/s)
    qrl push 10.519 sq_dev 1.0126 lam 6.533 d_step 1.073 d_rand 75.944 var 0.000 sib 0.000 unr 6.732 unrb 7.182 d_unr 70.26 d_oth 105.77
step 1500  loss 130.7725  train_top1 0.000  lr 1.00e-04  (1.8 it/s)
    qrl push 8.660 sq_dev 2.2929 lam 6.799 d_step 1.011 d_rand 83.199 var 0.000 sib 0.000 unr 5.818 unrb 5.750 d_unr 66.78 d_oth 132.45
step 1600  loss 410.4572  train_top1 0.000  lr 1.00e-04  (1.8 it/s)
    qrl push 21.246 sq_dev 2.6119 lam 7.434 d_step 2.201 d_rand 27.519 var 0.000 sib 0.000 unr 16.008 unrb 18.163 d_unr 19.35 d_oth 53.08
step 1700  loss 162.4755  train_top1 0.000  lr 1.00e-04  (2.0 it/s)
    qrl push 12.548 sq_dev 3.5930 lam 7.616 d_step 1.419 d_rand 55.804 var 0.000 sib 0.000 unr 9.245 unrb 9.825 d_unr 40.76 d_oth 96.98
step 1800  loss 154.6474  train_top1 0.000  lr 1.00e-04  (1.9 it/s)
    qrl push 10.508 sq_dev 1.8921 lam 7.778 d_step 1.380 d_rand 65.414 var 0.000 sib 0.000 unr 7.214 unrb 8.660 d_unr 51.88 d_oth 106.01
step 1900  loss 134.7009  train_top1 0.000  lr 9.99e-05  (1.9 it/s)
    qrl push 10.147 sq_dev 1.3565 lam 7.947 d_step 1.259 d_rand 70.270 var 0.000 sib 0.000 unr 6.180 unrb 6.146 d_unr 56.94 d_oth 114.71
step 2000  loss 127.3213  train_top1 0.000  lr 9.99e-05  (1.7 it/s)
  VAL step 2000  loss 447.4265  top1 0.005  top8 0.040
    qrl push 10.456 sq_dev 1.3410 lam 8.136 d_step 1.407 d_rand 69.996 var 0.000 sib 0.000 unr 7.158 unrb 6.361 d_unr 54.79 d_oth 119.67
step 2100  loss 120.9453  train_top1 0.000  lr 9.99e-05  (1.5 it/s)
    qrl push 8.223 sq_dev 2.0322 lam 8.334 d_step 1.318 d_rand 75.202 var 0.000 sib 0.000 unr 5.457 unrb 6.885 d_unr 61.24 d_oth 119.69
step 2200  loss 134.2618  train_top1 0.000  lr 9.99e-05  (2.0 it/s)
    qrl push 8.825 sq_dev 2.8886 lam 8.526 d_step 1.530 d_rand 78.417 var 0.000 sib 0.000 unr 6.048 unrb 7.000 d_unr 64.80 d_oth 125.95
step 2300  loss 128.4272  train_top1 0.000  lr 9.99e-05  (1.7 it/s)
    qrl push 12.411 sq_dev 0.6063 lam 8.724 d_step 1.245 d_rand 64.179 var 0.000 sib 0.000 unr 8.375 unrb 6.401 d_unr 54.18 d_oth 121.52
step 2400  loss 135.0357  train_top1 0.000  lr 9.99e-05  (1.8 it/s)
    qrl push 8.514 sq_dev 4.0441 lam 8.930 d_step 1.289 d_rand 86.797 var 0.000 sib 0.000 unr 6.144 unrb 8.088 d_unr 67.85 d_oth 148.25
step 2500  loss 234.2641  train_top1 0.000  lr 9.99e-05  (1.7 it/s)
    qrl push 10.078 sq_dev 1.7292 lam 9.151 d_step 1.426 d_rand 70.442 var 0.000 sib 0.000 unr 6.681 unrb 7.768 d_unr 57.89 d_oth 120.28
step 2600  loss 114.7105  train_top1 0.000  lr 9.99e-05  (1.8 it/s)
    qrl push 10.366 sq_dev 0.1855 lam 9.340 d_step 1.099 d_rand 77.886 var 0.000 sib 0.000 unr 7.340 unrb 5.426 d_unr 64.00 d_oth 138.86
step 2700  loss 124.9875  train_top1 0.000  lr 9.99e-05  (2.1 it/s)
    qrl push 9.385 sq_dev 5.1278 lam 9.515 d_step 1.379 d_rand 74.038 var 0.000 sib 0.000 unr 5.589 unrb 6.674 d_unr 65.18 d_oth 113.92
step 2800  loss 111.8695  train_top1 0.000  lr 9.99e-05  (2.1 it/s)
    qrl push 6.989 sq_dev 0.7763 lam 9.700 d_step 1.210 d_rand 93.981 var 0.000 sib 0.000 unr 5.081 unrb 6.787 d_unr 73.21 d_oth 152.00
step 2900  loss 238.1516  train_top1 0.000  lr 9.99e-05  (1.7 it/s)
    qrl push 10.246 sq_dev 3.7722 lam 9.894 d_step 1.292 d_rand 85.362 var 0.000 sib 0.000 unr 6.892 unrb 5.936 d_unr 72.56 d_oth 136.82
step 3000  loss 121.1288  train_top1 0.000  lr 9.99e-05  (1.8 it/s)
    qrl push 8.728 sq_dev 2.1491 lam 10.116 d_step 1.459 d_rand 90.063 var 0.000 sib 0.000 unr 6.125 unrb 7.361 d_unr 72.68 d_oth 149.40
step 3100  loss 129.1574  train_top1 0.000  lr 9.99e-05  (2.0 it/s)
    qrl push 10.611 sq_dev 0.6580 lam 10.332 d_step 1.203 d_rand 84.119 var 0.000 sib 0.000 unr 7.803 unrb 5.149 d_unr 66.33 d_oth 137.48
step 3200  loss 157.2289  train_top1 0.000  lr 9.98e-05  (2.1 it/s)
    qrl push 10.876 sq_dev 0.4730 lam 10.577 d_step 1.234 d_rand 83.018 var 0.000 sib 0.000 unr 7.437 unrb 6.583 d_unr 72.58 d_oth 130.03
step 3300  loss 103.2422  train_top1 0.000  lr 9.98e-05  (2.1 it/s)
    qrl push 8.667 sq_dev 5.4050 lam 10.745 d_step 1.507 d_rand 89.112 var 0.000 sib 0.000 unr 5.669 unrb 6.046 d_unr 74.06 d_oth 144.15
step 3400  loss 394.2086  train_top1 0.000  lr 9.98e-05  (2.1 it/s)
    qrl push 29.742 sq_dev 0.1825 lam 11.308 d_step 1.362 d_rand 15.425 var 0.000 sib 0.000 unr 22.081 unrb 20.137 d_unr 13.60 d_oth 26.42
step 3500  loss 181.7106  train_top1 0.000  lr 9.98e-05  (2.0 it/s)
    qrl push 13.641 sq_dev 1.2207 lam 11.503 d_step 0.741 d_rand 57.161 var 0.000 sib 0.000 unr 9.657 unrb 8.541 d_unr 47.72 d_oth 90.89
step 3600  loss 127.6162  train_top1 0.000  lr 9.98e-05  (1.9 it/s)
    qrl push 9.434 sq_dev 1.2264 lam 11.689 d_step 0.596 d_rand 69.129 var 0.000 sib 0.000 unr 6.076 unrb 6.334 d_unr 60.41 d_oth 101.37
step 3700  loss 159.5777  train_top1 0.000  lr 9.98e-05  (1.8 it/s)
    qrl push 11.087 sq_dev 1.7187 lam 11.925 d_step 0.556 d_rand 67.871 var 0.000 sib 0.000 unr 7.155 unrb 6.286 d_unr 63.33 d_oth 86.80
step 3800  loss 169.8800  train_top1 0.000  lr 9.98e-05  (2.1 it/s)
    qrl push 10.273 sq_dev 1.0416 lam 12.129 d_step 0.697 d_rand 70.354 var 0.000 sib 0.000 unr 6.335 unrb 5.062 d_unr 63.52 d_oth 96.94
step 3900  loss 142.4840  train_top1 0.000  lr 9.98e-05  (1.9 it/s)
    qrl push 8.211 sq_dev 0.7988 lam 12.311 d_step 0.311 d_rand 82.672 var 0.000 sib 0.000 unr 5.653 unrb 5.721 d_unr 72.06 d_oth 115.53
step 4000  loss 118.2363  train_top1 0.000  lr 9.98e-05  (1.7 it/s)
  VAL step 4000  loss 460.8294  top1 0.001  top8 0.025
    qrl push 8.805 sq_dev 1.6309 lam 12.493 d_step 0.646 d_rand 83.314 var 0.000 sib 0.000 unr 5.556 unrb 5.615 d_unr 72.78 d_oth 113.34
step 4100  loss 154.1366  train_top1 0.000  lr 9.97e-05  (1.4 it/s)
    qrl push 9.912 sq_dev 0.5691 lam 12.736 d_step 0.091 d_rand 76.212 var 0.000 sib 0.000 unr 7.109 unrb 5.687 d_unr 62.98 d_oth 118.05
step 4200  loss 135.3779  train_top1 0.000  lr 9.97e-05  (2.1 it/s)
    qrl push 10.625 sq_dev 3.3425 lam 12.987 d_step 0.180 d_rand 74.362 var 0.000 sib 0.000 unr 7.213 unrb 5.326 d_unr 67.76 d_oth 97.17
step 4300  loss 116.8172  train_top1 0.000  lr 9.97e-05  (2.2 it/s)
    qrl push 10.373 sq_dev 2.8621 lam 13.201 d_step 0.361 d_rand 79.471 var 0.000 sib 0.000 unr 7.189 unrb 6.408 d_unr 71.41 d_oth 109.97
step 4400  loss 108.2581  train_top1 0.000  lr 9.97e-05  (1.9 it/s)
    qrl push 8.244 sq_dev 0.2729 lam 13.380 d_step 0.138 d_rand 89.926 var 0.000 sib 0.000 unr 5.617 unrb 6.417 d_unr 76.96 d_oth 124.37
step 4500  loss 121.9640  train_top1 0.000  lr 9.97e-05  (2.0 it/s)
    qrl push 8.758 sq_dev 1.4321 lam 13.588 d_step 0.332 d_rand 89.179 var 0.000 sib 0.000 unr 5.958 unrb 5.972 d_unr 78.15 d_oth 128.58
step 4600  loss 140.0866  train_top1 0.000  lr 9.97e-05  (2.0 it/s)
    qrl push 11.016 sq_dev 0.1102 lam 13.811 d_step 0.112 d_rand 77.546 var 0.000 sib 0.000 unr 7.423 unrb 6.194 d_unr 66.40 d_oth 122.89
step 4700  loss 127.4747  train_top1 0.000  lr 9.97e-05  (2.2 it/s)
    qrl push 9.359 sq_dev 0.0542 lam 14.020 d_step 0.041 d_rand 87.067 var 0.000 sib 0.000 unr 5.924 unrb 5.907 d_unr 80.07 d_oth 119.43
step 4800  loss 120.7976  train_top1 0.000  lr 9.96e-05  (2.1 it/s)
    qrl push 8.484 sq_dev 0.3543 lam 14.240 d_step 0.115 d_rand 99.509 var 0.000 sib 0.000 unr 6.108 unrb 5.628 d_unr 90.86 d_oth 124.53
step 4900  loss 115.8378  train_top1 0.000  lr 9.96e-05  (1.9 it/s)
    qrl push 9.332 sq_dev 1.4652 lam 14.500 d_step 0.172 d_rand 89.620 var 0.000 sib 0.000 unr 6.505 unrb 7.160 d_unr 74.07 d_oth 143.89
step 5000  loss 347.7147  train_top1 0.000  lr 9.96e-05  (1.9 it/s)
  ladder checkpoint -> field_scratch_full_v4_step5000.pt
    qrl push 14.888 sq_dev 2.7757 lam 14.919 d_step 0.540 d_rand 51.074 var 0.000 sib 0.000 unr 11.918 unrb 18.407 d_unr 37.51 d_oth 101.63
step 5100  loss 244.8449  train_top1 0.000  lr 9.96e-05  (2.1 it/s)
    qrl push 11.991 sq_dev 1.8879 lam 15.286 d_step 0.190 d_rand 58.475 var 0.000 sib 0.000 unr 8.626 unrb 10.581 d_unr 43.29 d_oth 108.09
step 5200  loss 156.6359  train_top1 0.000  lr 9.96e-05  (2.4 it/s)
    qrl push 12.823 sq_dev 0.1579 lam 15.522 d_step 0.233 d_rand 62.954 var 0.000 sib 0.000 unr 8.786 unrb 6.855 d_unr 49.38 d_oth 110.33
step 5300  loss 126.1182  train_top1 0.000  lr 9.96e-05  (2.2 it/s)
    qrl push 9.868 sq_dev 0.0913 lam 15.858 d_step 0.047 d_rand 68.872 var 0.000 sib 0.000 unr 6.578 unrb 8.496 d_unr 58.97 d_oth 110.19
step 5400  loss 145.3581  train_top1 0.000  lr 9.96e-05  (2.3 it/s)
    qrl push 10.683 sq_dev 0.3229 lam 16.070 d_step 0.123 d_rand 68.106 var 0.000 sib 0.000 unr 6.539 unrb 6.460 d_unr 56.78 d_oth 121.91
step 5500  loss 204.2851  train_top1 0.000  lr 9.95e-05  (2.1 it/s)
    qrl push 12.340 sq_dev 0.4940 lam 16.284 d_step 0.167 d_rand 64.088 var 0.000 sib 0.000 unr 8.482 unrb 7.040 d_unr 51.77 d_oth 119.21
step 5600  loss 139.1955  train_top1 0.000  lr 9.95e-05  (1.8 it/s)
    qrl push 10.022 sq_dev 2.5960 lam 16.596 d_step 0.633 d_rand 76.288 var 0.000 sib 0.000 unr 6.513 unrb 6.541 d_unr 64.43 d_oth 121.17
step 5700  loss 130.0746  train_top1 0.000  lr 9.95e-05  (1.8 it/s)
    qrl push 10.112 sq_dev 0.0866 lam 16.807 d_step 0.067 d_rand 76.571 var 0.000 sib 0.000 unr 7.342 unrb 6.247 d_unr 58.05 d_oth 133.27
step 5800  loss 117.2248  train_top1 0.000  lr 9.95e-05  (1.9 it/s)
    qrl push 7.672 sq_dev 0.0612 lam 17.018 d_step 0.068 d_rand 90.351 var 0.000 sib 0.000 unr 5.556 unrb 6.174 d_unr 77.64 d_oth 144.06
step 5900  loss 111.9512  train_top1 0.000  lr 9.95e-05  (2.0 it/s)
    qrl push 9.383 sq_dev 0.9591 lam 17.278 d_step 0.363 d_rand 81.442 var 0.000 sib 0.000 unr 6.441 unrb 5.453 d_unr 66.57 d_oth 133.38
step 6000  loss 157.4676  train_top1 0.000  lr 9.94e-05  (1.7 it/s)
  VAL step 6000  loss 499.5925  top1 0.000  top8 0.011
    qrl push 11.089 sq_dev 2.2074 lam 17.590 d_step 0.150 d_rand 77.869 var 0.000 sib 0.000 unr 7.776 unrb 8.616 d_unr 62.90 d_oth 138.80
step 6100  loss 139.5069  train_top1 0.000  lr 9.94e-05  (1.7 it/s)
    qrl push 9.791 sq_dev 0.4906 lam 17.801 d_step 0.069 d_rand 89.336 var 0.000 sib 0.000 unr 6.658 unrb 7.098 d_unr 72.77 d_oth 155.05
step 6200  loss 113.0234  train_top1 0.000  lr 9.94e-05  (2.0 it/s)
    qrl push 11.245 sq_dev 8.4025 lam 18.027 d_step 0.269 d_rand 75.798 var 0.000 sib 0.000 unr 7.699 unrb 6.748 d_unr 63.80 d_oth 129.12
step 6300  loss 123.1883  train_top1 0.000  lr 9.94e-05  (1.8 it/s)
    qrl push 10.822 sq_dev 0.0710 lam 18.256 d_step 0.059 d_rand 82.463 var 0.000 sib 0.000 unr 7.076 unrb 5.562 d_unr 69.43 d_oth 143.56
step 6400  loss 133.4455  train_top1 0.000  lr 9.94e-05  (1.7 it/s)
    qrl push 11.095 sq_dev 0.1391 lam 18.522 d_step 0.042 d_rand 86.957 var 0.000 sib 0.000 unr 7.661 unrb 6.751 d_unr 71.78 d_oth 155.33
step 6500  loss 94.7340  train_top1 0.000  lr 9.94e-05  (1.9 it/s)
    qrl push 7.320 sq_dev 1.8682 lam 18.708 d_step 0.193 d_rand 104.639 var 0.000 sib 0.000 unr 5.053 unrb 4.978 d_unr 85.11 d_oth 159.16
step 6600  loss 108.3322  train_top1 0.000  lr 9.93e-05  (2.3 it/s)
    qrl push 8.190 sq_dev 0.4906 lam 18.993 d_step 0.154 d_rand 100.262 var 0.000 sib 0.000 unr 5.830 unrb 4.767 d_unr 81.66 d_oth 162.14
step 6700  loss 167.8834  train_top1 0.000  lr 9.93e-05  (1.8 it/s)
    qrl push 11.228 sq_dev 0.4560 lam 19.254 d_step 0.094 d_rand 88.081 var 0.000 sib 0.000 unr 8.059 unrb 5.702 d_unr 72.44 d_oth 148.01
step 6800  loss 115.6623  train_top1 0.000  lr 9.93e-05  (1.9 it/s)
    qrl push 10.520 sq_dev 0.2276 lam 19.508 d_step 0.062 d_rand 84.982 var 0.000 sib 0.000 unr 7.344 unrb 7.139 d_unr 73.62 d_oth 136.19
step 6900  loss 103.9454  train_top1 0.000  lr 9.93e-05  (2.0 it/s)
    qrl push 10.956 sq_dev 2.5347 lam 19.820 d_step 0.230 d_rand 85.491 var 0.000 sib 0.000 unr 7.212 unrb 5.129 d_unr 74.77 d_oth 149.98
step 7000  loss 125.5823  train_top1 0.000  lr 9.92e-05  (1.8 it/s)
    qrl push 8.207 sq_dev 2.6704 lam 20.006 d_step 0.108 d_rand 103.046 var 0.000 sib 0.000 unr 5.628 unrb 5.915 d_unr 82.80 d_oth 169.96

======================================================================
  QRL COLLAPSE DETECTED @ step 7000
  LOCAL COLLAPSE: d_step=0.196~0 over last 2000 steps (all-F-above-all-B; the one-sided constraint decayed -- use --qrl-two-sided).
======================================================================

step 7100  loss 168.2017  train_top1 0.000  lr 9.92e-05  (1.9 it/s)
    qrl push 8.509 sq_dev 0.1371 lam 20.271 d_step 0.119 d_rand 100.589 var 0.000 sib 0.000 unr 5.583 unrb 5.989 d_unr 86.41 d_oth 162.04
step 7200  loss 165.2700  train_top1 0.000  lr 9.92e-05  (1.9 it/s)
    qrl push 10.929 sq_dev 0.4883 lam 20.607 d_step 0.057 d_rand 86.266 var 0.000 sib 0.000 unr 8.007 unrb 8.684 d_unr 69.24 d_oth 157.28
step 7300  loss 104.3219  train_top1 0.000  lr 9.92e-05  (2.1 it/s)
    qrl push 7.214 sq_dev 0.1407 lam 20.832 d_step 0.049 d_rand 111.654 var 0.000 sib 0.000 unr 5.174 unrb 6.979 d_unr 93.46 d_oth 166.80
step 7400  loss 111.9364  train_top1 0.000  lr 9.92e-05  (2.0 it/s)
    qrl push 12.261 sq_dev 0.0701 lam 21.129 d_step 0.042 d_rand 91.910 var 0.000 sib 0.000 unr 8.528 unrb 6.292 d_unr 80.17 d_oth 142.77
step 7500  loss 152.0827  train_top1 0.000  lr 9.91e-05  (1.7 it/s)
    qrl push 10.819 sq_dev 1.2236 lam 21.520 d_step 0.416 d_rand 79.334 var 0.000 sib 0.000 unr 7.362 unrb 5.540 d_unr 69.05 d_oth 122.91
step 7600  loss 114.3182  train_top1 0.000  lr 9.91e-05  (2.0 it/s)
    qrl push 10.314 sq_dev 0.2531 lam 21.717 d_step 0.072 d_rand 91.440 var 0.000 sib 0.000 unr 7.370 unrb 6.540 d_unr 75.02 d_oth 148.14
step 7700  loss 267.7327  train_top1 0.000  lr 9.91e-05  (2.1 it/s)
    qrl push 7.960 sq_dev 0.0643 lam 21.931 d_step 0.025 d_rand 99.615 var 0.000 sib 0.000 unr 5.588 unrb 5.383 d_unr 85.24 d_oth 154.03
step 7800  loss 410.3478  train_top1 0.000  lr 9.91e-05  (1.8 it/s)
    qrl push 8.783 sq_dev 0.2448 lam 22.134 d_step 0.097 d_rand 110.777 var 0.000 sib 0.000 unr 6.271 unrb 4.618 d_unr 91.18 d_oth 174.11
step 7900  loss 277.5936  train_top1 0.000  lr 9.90e-05  (1.9 it/s)
    qrl push 15.805 sq_dev 0.2026 lam 22.666 d_step 0.106 d_rand 49.253 var 0.000 sib 0.000 unr 12.278 unrb 15.740 d_unr 35.89 d_oth 88.92
step 8000  loss 160.2391  train_top1 0.000  lr 9.90e-05  (2.0 it/s)
  VAL step 8000  loss 475.4234  top1 0.000  top8 0.013
    qrl push 10.517 sq_dev 1.7507 lam 22.933 d_step 0.302 d_rand 75.598 var 0.000 sib 0.000 unr 7.182 unrb 8.624 d_unr 54.44 d_oth 150.32
step 8100  loss 130.5033  train_top1 0.000  lr 9.90e-05  (1.4 it/s)
    qrl push 11.685 sq_dev 1.4042 lam 23.153 d_step 0.085 d_rand 80.336 var 0.000 sib 0.000 unr 8.866 unrb 6.781 d_unr 59.72 d_oth 146.25
step 8200  loss 137.1366  train_top1 0.000  lr 9.90e-05  (2.1 it/s)
    qrl push 10.155 sq_dev 1.0126 lam 23.566 d_step 0.089 d_rand 74.522 var 0.000 sib 0.000 unr 6.725 unrb 7.349 d_unr 61.60 d_oth 127.10
step 8300  loss 127.1512  train_top1 0.000  lr 9.89e-05  (1.9 it/s)
    qrl push 11.533 sq_dev 0.0772 lam 23.758 d_step 0.028 d_rand 77.353 var 0.000 sib 0.000 unr 8.423 unrb 6.730 d_unr 61.08 d_oth 136.82
step 8400  loss 149.1945  train_top1 0.000  lr 9.89e-05  (2.0 it/s)
    qrl push 11.714 sq_dev 0.1290 lam 24.027 d_step 0.030 d_rand 73.938 var 0.000 sib 0.000 unr 8.101 unrb 9.349 d_unr 61.61 d_oth 126.69
step 8500  loss 156.4142  train_top1 0.000  lr 9.89e-05  (2.0 it/s)
    qrl push 11.033 sq_dev 0.1927 lam 24.297 d_step 0.052 d_rand 87.708 var 0.000 sib 0.000 unr 7.667 unrb 6.509 d_unr 71.15 d_oth 161.36
step 8600  loss 131.3597  train_top1 0.000  lr 9.89e-05  (2.1 it/s)
    qrl push 10.823 sq_dev 0.0567 lam 24.566 d_step 0.031 d_rand 82.548 var 0.000 sib 0.000 unr 7.961 unrb 6.087 d_unr 64.16 d_oth 134.22
step 8700  loss 119.3767  train_top1 0.000  lr 9.88e-05  (2.1 it/s)
    qrl push 8.188 sq_dev 0.1245 lam 24.756 d_step 0.060 d_rand 102.585 var 0.000 sib 0.000 unr 5.789 unrb 6.191 d_unr 82.53 d_oth 158.60
step 8800  loss 129.8347  train_top1 0.000  lr 9.88e-05  (2.1 it/s)
    qrl push 10.055 sq_dev 0.1801 lam 25.008 d_step 0.042 d_rand 83.757 var 0.000 sib 0.000 unr 6.713 unrb 7.492 d_unr 69.12 d_oth 150.56
step 8900  loss 125.1882  train_top1 0.000  lr 9.88e-05  (1.9 it/s)
    qrl push 10.337 sq_dev 0.1611 lam 25.271 d_step 0.032 d_rand 85.106 var 0.000 sib 0.000 unr 6.688 unrb 7.124 d_unr 69.46 d_oth 161.54
step 9000  loss 113.1823  train_top1 0.000  lr 9.88e-05  (1.9 it/s)
    qrl push 8.916 sq_dev 0.6388 lam 25.529 d_step 0.152 d_rand 100.738 var 0.000 sib 0.000 unr 6.454 unrb 6.694 d_unr 81.02 d_oth 161.13
step 9100  loss 150.3607  train_top1 0.000  lr 9.87e-05  (1.8 it/s)
    qrl push 10.324 sq_dev 0.2115 lam 25.780 d_step 0.091 d_rand 89.210 var 0.000 sib 0.000 unr 7.247 unrb 5.310 d_unr 66.30 d_oth 155.15
step 9200  loss 371.7188  train_top1 0.000  lr 9.87e-05  (2.0 it/s)
    qrl push 35.706 sq_dev 0.1151 lam 26.421 d_step 0.062 d_rand 7.139 var 0.000 sib 0.000 unr 25.456 unrb 20.328 d_unr 8.76 d_oth 2.32
step 9300  loss 345.2603  train_top1 0.000  lr 9.87e-05  (1.7 it/s)
    qrl push 28.698 sq_dev 0.6454 lam 26.431 d_step 0.231 d_rand 21.614 var 0.000 sib 0.000 unr 19.956 unrb 16.028 d_unr 23.75 d_oth 11.44
step 9400  loss 295.4948  train_top1 0.000  lr 9.86e-05  (1.6 it/s)
    qrl push 18.659 sq_dev 0.0744 lam 26.437 d_step 0.034 d_rand 48.645 var 0.000 sib 0.000 unr 15.368 unrb 14.583 d_unr 34.70 d_oth 90.36
step 9500  loss 248.7182  train_top1 0.000  lr 9.86e-05  (1.5 it/s)
    qrl push 16.715 sq_dev 0.0000 lam 26.478 d_step 0.002 d_rand 52.693 var 0.000 sib 0.000 unr 13.216 unrb 12.194 d_unr 41.24 d_oth 98.17
step 9600  loss 149.4334  train_top1 0.000  lr 9.86e-05  (1.9 it/s)
    qrl push 9.527 sq_dev 1.8215 lam 26.512 d_step 0.078 d_rand 86.029 var 0.000 sib 0.000 unr 7.286 unrb 7.740 d_unr 66.54 d_oth 145.73
step 9700  loss 122.6934  train_top1 0.000  lr 9.86e-05  (1.9 it/s)
    qrl push 8.383 sq_dev 0.0375 lam 26.574 d_step 0.027 d_rand 84.624 var 0.000 sib 0.000 unr 5.798 unrb 7.646 d_unr 70.58 d_oth 143.20
step 9800  loss 114.5521  train_top1 0.000  lr 9.85e-05  (1.9 it/s)
    qrl push 11.165 sq_dev 0.1010 lam 26.618 d_step 0.036 d_rand 75.021 var 0.000 sib 0.000 unr 8.122 unrb 6.012 d_unr 60.27 d_oth 135.03
step 9900  loss 115.3851  train_top1 0.000  lr 9.85e-05  (2.0 it/s)
    qrl push 8.934 sq_dev 1.6221 lam 26.668 d_step 0.170 d_rand 89.104 var 0.000 sib 0.000 unr 7.018 unrb 6.436 d_unr 67.09 d_oth 146.45
step 10000  loss 238.5201  train_top1 0.000  lr 9.85e-05  (2.4 it/s)
  VAL step 10000  loss 459.8001  top1 0.001  top8 0.018
  ladder checkpoint -> field_scratch_full_v4_step10000.pt
    qrl push 8.893 sq_dev 0.2418 lam 26.726 d_step 0.163 d_rand 83.400 var 0.000 sib 0.000 unr 6.417 unrb 5.384 d_unr 66.48 d_oth 131.79
step 10100  loss 110.1590  train_top1 0.000  lr 9.84e-05  (1.5 it/s)
    qrl push 9.740 sq_dev 0.1001 lam 26.787 d_step 0.028 d_rand 78.495 var 0.000 sib 0.000 unr 6.951 unrb 5.434 d_unr 64.09 d_oth 121.71
step 10200  loss 116.8057  train_top1 0.000  lr 9.84e-05  (1.9 it/s)
    qrl push 12.490 sq_dev 0.6025 lam 26.821 d_step 0.146 d_rand 75.258 var 0.000 sib 0.000 unr 8.550 unrb 6.817 d_unr 59.73 d_oth 124.88
step 10300  loss 103.7757  train_top1 0.000  lr 9.84e-05  (1.6 it/s)
    qrl push 8.357 sq_dev 0.0510 lam 26.851 d_step 0.031 d_rand 85.144 var 0.000 sib 0.000 unr 5.646 unrb 5.341 d_unr 71.86 d_oth 127.15
step 10400  loss 105.5152  train_top1 0.000  lr 9.83e-05  (1.8 it/s)
    qrl push 10.673 sq_dev 1.3478 lam 26.917 d_step 0.242 d_rand 79.323 var 0.000 sib 0.000 unr 7.124 unrb 5.477 d_unr 68.92 d_oth 137.18
step 10500  loss 99.9841  train_top1 0.000  lr 9.83e-05  (1.9 it/s)
    qrl push 8.875 sq_dev 0.3847 lam 26.974 d_step 0.165 d_rand 84.575 var 0.000 sib 0.000 unr 5.747 unrb 5.247 d_unr 72.37 d_oth 133.52
step 10600  loss 93.7222  train_top1 0.000  lr 9.83e-05  (1.8 it/s)
    qrl push 7.591 sq_dev 0.1705 lam 27.030 d_step 0.116 d_rand 89.983 var 0.000 sib 0.000 unr 5.285 unrb 6.074 d_unr 77.00 d_oth 139.69
step 10700  loss 120.7535  train_top1 0.000  lr 9.82e-05  (2.4 it/s)
    qrl push 8.117 sq_dev 0.1228 lam 27.097 d_step 0.063 d_rand 89.655 var 0.000 sib 0.000 unr 4.952 unrb 5.376 d_unr 78.53 d_oth 126.40
step 10800  loss 109.3868  train_top1 0.000  lr 9.82e-05  (2.2 it/s)
    qrl push 7.642 sq_dev 0.6454 lam 27.145 d_step 0.194 d_rand 95.635 var 0.000 sib 0.000 unr 5.282 unrb 5.806 d_unr 79.69 d_oth 152.57
step 10900  loss 137.8917  train_top1 0.000  lr 9.82e-05  (1.9 it/s)
    qrl push 7.892 sq_dev 0.4121 lam 27.212 d_step 0.124 d_rand 93.783 var 0.000 sib 0.000 unr 5.730 unrb 5.735 d_unr 76.73 d_oth 138.66
step 11000  loss 110.6595  train_top1 0.000  lr 9.81e-05  (2.1 it/s)
    qrl push 8.175 sq_dev 2.2011 lam 27.262 d_step 0.678 d_rand 99.879 var 0.000 sib 0.000 unr 6.263 unrb 5.986 d_unr 75.84 d_oth 165.38
step 11100  loss 113.7870  train_top1 0.000  lr 9.81e-05  (2.0 it/s)
    qrl push 9.273 sq_dev 0.5396 lam 27.322 d_step 0.066 d_rand 89.752 var 0.000 sib 0.000 unr 6.390 unrb 6.344 d_unr 75.94 d_oth 132.96
step 11200  loss 108.7450  train_top1 0.000  lr 9.81e-05  (2.2 it/s)
    qrl push 10.069 sq_dev 0.0302 lam 27.408 d_step 0.034 d_rand 89.240 var 0.000 sib 0.000 unr 6.628 unrb 5.833 d_unr 81.22 d_oth 122.27
step 11300  loss 129.8637  train_top1 0.000  lr 9.80e-05  (1.8 it/s)
    qrl push 8.363 sq_dev 0.4493 lam 27.474 d_step 0.305 d_rand 99.681 var 0.000 sib 0.000 unr 5.342 unrb 5.523 d_unr 89.98 d_oth 138.68
step 11400  loss 108.5988  train_top1 0.000  lr 9.80e-05  (2.2 it/s)
    qrl push 9.021 sq_dev 0.0597 lam 27.548 d_step 0.030 d_rand 98.984 var 0.000 sib 0.000 unr 6.562 unrb 6.167 d_unr 83.46 d_oth 158.43
step 11500  loss 107.6514  train_top1 0.000  lr 9.80e-05  (1.9 it/s)
    qrl push 11.452 sq_dev 0.0843 lam 27.622 d_step 0.054 d_rand 86.526 var 0.000 sib 0.000 unr 7.541 unrb 5.532 d_unr 78.36 d_oth 126.43
step 11600  loss 112.2107  train_top1 0.000  lr 9.79e-05  (1.7 it/s)
    qrl push 8.039 sq_dev 0.0850 lam 27.694 d_step 0.051 d_rand 103.646 var 0.000 sib 0.000 unr 5.681 unrb 5.398 d_unr 86.39 d_oth 149.96
step 11700  loss 129.0000  train_top1 0.000  lr 9.79e-05  (1.8 it/s)
    qrl push 8.210 sq_dev 0.4636 lam 27.778 d_step 0.239 d_rand 101.445 var 0.000 sib 0.000 unr 5.744 unrb 5.794 d_unr 91.58 d_oth 142.11
step 11800  loss 113.7329  train_top1 0.000  lr 9.79e-05  (2.1 it/s)
    qrl push 7.925 sq_dev 0.0039 lam 27.834 d_step 0.016 d_rand 106.373 var 0.000 sib 0.000 unr 5.342 unrb 5.290 d_unr 93.97 d_oth 150.72
step 11900  loss 102.2765  train_top1 0.000  lr 9.78e-05  (2.1 it/s)
    qrl push 8.622 sq_dev 1.0485 lam 27.914 d_step 0.153 d_rand 102.585 var 0.000 sib 0.000 unr 6.371 unrb 4.773 d_unr 85.64 d_oth 157.33
step 12000  loss 112.5335  train_top1 0.000  lr 9.78e-05  (1.9 it/s)
  VAL step 12000  loss 514.1010  top1 0.001  top8 0.017
    qrl push 8.799 sq_dev 0.4436 lam 28.082 d_step 0.119 d_rand 90.264 var 0.000 sib 0.000 unr 5.869 unrb 5.416 d_unr 77.74 d_oth 131.19
step 12100  loss 115.9249  train_top1 0.000  lr 9.78e-05  (1.5 it/s)
    qrl push 8.938 sq_dev 0.1575 lam 28.161 d_step 0.053 d_rand 99.502 var 0.000 sib 0.000 unr 6.301 unrb 5.309 d_unr 83.71 d_oth 160.96
step 12200  loss 191.4342  train_top1 0.000  lr 9.77e-05  (1.6 it/s)
    qrl push 9.777 sq_dev 1.7897 lam 28.249 d_step 0.396 d_rand 96.612 var 0.000 sib 0.000 unr 7.590 unrb 5.560 d_unr 77.46 d_oth 151.34
step 12300  loss 136.2707  train_top1 0.000  lr 9.77e-05  (1.5 it/s)
    qrl push 9.750 sq_dev 0.3253 lam 28.378 d_step 0.152 d_rand 93.252 var 0.000 sib 0.000 unr 6.377 unrb 4.498 d_unr 80.18 d_oth 134.59
step 12400  loss 105.4440  train_top1 0.000  lr 9.76e-05  (1.9 it/s)
    qrl push 11.387 sq_dev 0.0308 lam 28.487 d_step 0.027 d_rand 93.705 var 0.000 sib 0.000 unr 8.009 unrb 5.148 d_unr 87.06 d_oth 127.54
step 12500  loss 120.5335  train_top1 0.000  lr 9.76e-05  (1.7 it/s)
    qrl push 10.201 sq_dev 0.0721 lam 28.587 d_step 0.067 d_rand 88.797 var 0.000 sib 0.000 unr 7.737 unrb 6.522 d_unr 69.60 d_oth 150.15
step 12600  loss 109.7710  train_top1 0.000  lr 9.76e-05  (1.6 it/s)
    qrl push 8.162 sq_dev 1.7289 lam 28.698 d_step 0.157 d_rand 109.486 var 0.000 sib 0.000 unr 5.368 unrb 4.116 d_unr 96.84 d_oth 161.58
step 12700  loss 102.8771  train_top1 0.000  lr 9.75e-05  (1.7 it/s)
    qrl push 9.863 sq_dev 0.0386 lam 28.836 d_step 0.017 d_rand 100.195 var 0.000 sib 0.000 unr 6.754 unrb 5.142 d_unr 90.46 d_oth 134.68
step 12800  loss 112.9502  train_top1 0.000  lr 9.75e-05  (1.9 it/s)
    qrl push 9.823 sq_dev 1.9089 lam 28.949 d_step 0.089 d_rand 96.820 var 0.000 sib 0.000 unr 6.710 unrb 5.669 d_unr 82.64 d_oth 167.06
step 12900  loss 161.6231  train_top1 0.000  lr 9.75e-05  (1.7 it/s)
    qrl push 13.879 sq_dev 0.0014 lam 29.097 d_step 0.004 d_rand 69.924 var 0.000 sib 0.000 unr 10.644 unrb 9.974 d_unr 55.61 d_oth 128.58
step 13000  loss 101.4828  train_top1 0.000  lr 9.74e-05  (1.6 it/s)
    qrl push 9.482 sq_dev 0.0642 lam 29.178 d_step 0.036 d_rand 112.817 var 0.000 sib 0.000 unr 7.254 unrb 4.500 d_unr 99.40 d_oth 158.64
step 13100  loss 127.5435  train_top1 0.000  lr 9.74e-05  (1.5 it/s)
    qrl push 11.036 sq_dev 3.1614 lam 29.391 d_step 0.132 d_rand 88.254 var 0.000 sib 0.000 unr 8.040 unrb 7.068 d_unr 73.38 d_oth 145.90
step 13200  loss 142.1186  train_top1 0.000  lr 9.73e-05  (1.5 it/s)
    qrl push 8.467 sq_dev 0.1599 lam 29.511 d_step 0.059 d_rand 111.438 var 0.000 sib 0.000 unr 5.671 unrb 5.309 d_unr 97.47 d_oth 155.13
step 13300  loss 126.3930  train_top1 0.000  lr 9.73e-05  (1.4 it/s)
    qrl push 9.295 sq_dev 0.1668 lam 29.683 d_step 0.055 d_rand 105.334 var 0.000 sib 0.000 unr 7.655 unrb 7.473 d_unr 80.15 d_oth 175.66
step 13400  loss 127.3245  train_top1 0.000  lr 9.73e-05  (1.4 it/s)
    qrl push 9.194 sq_dev 0.0000 lam 29.871 d_step 0.001 d_rand 104.235 var 0.000 sib 0.000 unr 7.138 unrb 6.676 d_unr 83.74 d_oth 165.09
step 13500  loss 111.5765  train_top1 0.000  lr 9.72e-05  (1.6 it/s)
    qrl push 6.682 sq_dev 0.1599 lam 30.000 d_step 0.058 d_rand 113.883 var 0.000 sib 0.000 unr 5.337 unrb 7.469 d_unr 88.75 d_oth 175.31
step 13600  loss 110.6759  train_top1 0.000  lr 9.72e-05  (1.6 it/s)
    qrl push 9.249 sq_dev 0.1225 lam 30.136 d_step 0.029 d_rand 100.510 var 0.000 sib 0.000 unr 6.984 unrb 5.058 d_unr 79.83 d_oth 161.27
step 13700  loss 109.0527  train_top1 0.000  lr 9.71e-05  (1.5 it/s)
    qrl push 7.379 sq_dev 0.0051 lam 30.257 d_step 0.021 d_rand 131.289 var 0.000 sib 0.000 unr 5.297 unrb 4.827 d_unr 116.44 d_oth 183.73
step 13800  loss 84.0426  train_top1 0.000  lr 9.71e-05  (1.3 it/s)
    qrl push 9.109 sq_dev 0.0012 lam 30.470 d_step 0.006 d_rand 109.628 var 0.000 sib 0.000 unr 6.102 unrb 5.618 d_unr 99.24 d_oth 165.71
step 13900  loss 109.4838  train_top1 0.000  lr 9.71e-05  (1.6 it/s)
    qrl push 10.572 sq_dev 0.3962 lam 30.711 d_step 0.109 d_rand 95.481 var 0.000 sib 0.000 unr 7.646 unrb 5.487 d_unr 85.39 d_oth 133.24
step 14000  loss 105.5996  train_top1 0.000  lr 9.70e-05  (1.5 it/s)
  VAL step 14000  loss 568.4332  top1 0.001  top8 0.013
    qrl push 9.338 sq_dev 0.1448 lam 30.915 d_step 0.091 d_rand 97.877 var 0.000 sib 0.000 unr 7.241 unrb 5.861 d_unr 79.00 d_oth 156.29
step 14100  loss 105.8679  train_top1 0.000  lr 9.70e-05  (1.3 it/s)
    qrl push 10.129 sq_dev 0.0858 lam 31.055 d_step 0.053 d_rand 96.999 var 0.000 sib 0.000 unr 7.089 unrb 6.126 d_unr 86.63 d_oth 127.15
step 14200  loss 123.5580  train_top1 0.000  lr 9.69e-05  (1.6 it/s)
    qrl push 10.251 sq_dev 0.7826 lam 31.199 d_step 0.210 d_rand 94.842 var 0.000 sib 0.000 unr 7.169 unrb 8.109 d_unr 83.05 d_oth 145.31
step 14300  loss 127.3116  train_top1 0.000  lr 9.69e-05  (1.7 it/s)
    qrl push 10.237 sq_dev 0.0000 lam 31.413 d_step 0.000 d_rand 102.544 var 0.000 sib 0.000 unr 8.249 unrb 6.508 d_unr 86.19 d_oth 147.32
step 14400  loss 107.1291  train_top1 0.000  lr 9.68e-05  (1.6 it/s)
    qrl push 9.708 sq_dev 0.3670 lam 31.578 d_step 0.153 d_rand 104.524 var 0.000 sib 0.000 unr 7.324 unrb 5.668 d_unr 87.12 d_oth 162.65
step 14500  loss 110.2907  train_top1 0.000  lr 9.68e-05  (1.7 it/s)
    qrl push 8.102 sq_dev 0.1350 lam 31.758 d_step 0.048 d_rand 111.175 var 0.000 sib 0.000 unr 6.419 unrb 6.057 d_unr 88.92 d_oth 164.90
step 14600  loss 183.7409  train_top1 0.000  lr 9.68e-05  (1.6 it/s)
    qrl push 10.980 sq_dev 0.2626 lam 31.954 d_step 0.033 d_rand 91.062 var 0.000 sib 0.000 unr 8.213 unrb 7.558 d_unr 78.64 d_oth 138.09
step 14700  loss 160.9711  train_top1 0.000  lr 9.67e-05  (1.5 it/s)
    qrl push 9.269 sq_dev 1.7344 lam 32.096 d_step 0.400 d_rand 98.677 var 0.000 sib 0.000 unr 6.343 unrb 6.874 d_unr 85.54 d_oth 161.97
step 14800  loss 169.9174  train_top1 0.000  lr 9.67e-05  (1.7 it/s)
    qrl push 13.809 sq_dev 0.0267 lam 32.390 d_step 0.018 d_rand 91.347 var 0.000 sib 0.000 unr 10.951 unrb 8.512 d_unr 77.62 d_oth 132.95
step 14900  loss 108.8925  train_top1 0.000  lr 9.66e-05  (1.4 it/s)
    qrl push 6.411 sq_dev 0.4593 lam 32.602 d_step 0.081 d_rand 115.238 var 0.000 sib 0.000 unr 4.878 unrb 6.829 d_unr 87.47 d_oth 186.55
step 15000  loss 115.0536  train_top1 0.000  lr 9.66e-05  (1.4 it/s)
  ladder checkpoint -> field_scratch_full_v4_step15000.pt
    qrl push 9.432 sq_dev 0.0125 lam 32.773 d_step 0.007 d_rand 112.723 var 0.000 sib 0.000 unr 7.643 unrb 7.160 d_unr 84.96 d_oth 191.05
step 15100  loss 189.2715  train_top1 0.000  lr 9.65e-05  (1.3 it/s)
    qrl push 8.767 sq_dev 0.0000 lam 32.924 d_step 0.000 d_rand 113.817 var 0.000 sib 0.000 unr 6.381 unrb 5.808 d_unr 89.79 d_oth 214.03
step 15200  loss 107.3361  train_top1 0.000  lr 9.65e-05  (1.5 it/s)
    qrl push 9.059 sq_dev 0.0258 lam 33.089 d_step 0.015 d_rand 118.164 var 0.000 sib 0.000 unr 6.681 unrb 6.412 d_unr 101.52 d_oth 189.38
step 15300  loss 126.1788  train_top1 0.000  lr 9.64e-05  (1.4 it/s)
    qrl push 11.057 sq_dev 0.4558 lam 33.323 d_step 0.110 d_rand 98.759 var 0.000 sib 0.000 unr 8.485 unrb 8.542 d_unr 82.60 d_oth 152.72
step 15400  loss 189.2229  train_top1 0.000  lr 9.64e-05  (1.5 it/s)
    qrl push 9.390 sq_dev 0.9493 lam 33.566 d_step 0.077 d_rand 103.789 var 0.000 sib 0.000 unr 7.169 unrb 6.725 d_unr 88.73 d_oth 147.29
step 15500  loss 111.4507  train_top1 0.000  lr 9.63e-05  (1.5 it/s)
    qrl push 8.969 sq_dev 0.3077 lam 33.777 d_step 0.049 d_rand 126.870 var 0.000 sib 0.000 unr 6.899 unrb 6.227 d_unr 114.48 d_oth 157.93
step 15600  loss 404.4864  train_top1 0.000  lr 9.63e-05  (1.3 it/s)
    qrl push 37.523 sq_dev 0.0017 lam 34.454 d_step 0.005 d_rand 3.772 var 0.000 sib 0.000 unr 26.835 unrb 19.467 d_unr 4.96 d_oth 0.00
step 15700  loss 355.9658  train_top1 0.000  lr 9.63e-05  (1.5 it/s)
    qrl push 36.358 sq_dev 0.0370 lam 34.487 d_step 0.047 d_rand 7.520 var 0.000 sib 0.000 unr 25.940 unrb 17.014 d_unr 9.32 d_oth 0.00
step 15800  loss 351.9830  train_top1 0.000  lr 9.62e-05  (1.5 it/s)
    qrl push 28.944 sq_dev 0.2167 lam 34.499 d_step 0.059 d_rand 32.778 var 0.000 sib 0.000 unr 18.481 unrb 14.226 d_unr 42.38 d_oth 0.00
step 15900  loss 345.5810  train_top1 0.000  lr 9.62e-05  (1.5 it/s)
    qrl push 33.714 sq_dev 0.0000 lam 34.510 d_step 0.000 d_rand 18.944 var 0.000 sib 0.000 unr 23.784 unrb 15.875 d_unr 22.93 d_oth 0.00
step 16000  loss 393.3102  train_top1 0.000  lr 9.61e-05  (1.5 it/s)
  VAL step 16000  loss 6.1242  top1 0.000  top8 0.000
    qrl push 33.747 sq_dev 0.0000 lam 34.518 d_step 0.001 d_rand 14.907 var 0.000 sib 0.000 unr 23.378 unrb 15.881 d_unr 18.75 d_oth 0.00
step 16100  loss 315.0655  train_top1 0.000  lr 9.61e-05  (1.2 it/s)
    qrl push 34.099 sq_dev 0.0215 lam 34.524 d_step 0.009 d_rand 16.915 var 0.000 sib 0.000 unr 23.655 unrb 15.915 d_unr 22.15 d_oth 0.00
step 16200  loss 370.4132  train_top1 0.000  lr 9.60e-05  (1.4 it/s)
    qrl push 29.945 sq_dev 0.0000 lam 34.532 d_step 0.004 d_rand 33.661 var 0.000 sib 0.000 unr 19.465 unrb 15.185 d_unr 43.63 d_oth 0.00
step 16300  loss 364.3361  train_top1 0.000  lr 9.60e-05  (1.5 it/s)
    qrl push 35.007 sq_dev 0.0000 lam 34.540 d_step 0.001 d_rand 13.571 var 0.000 sib 0.000 unr 23.900 unrb 15.624 d_unr 19.97 d_oth 0.00
step 16400  loss 286.5674  train_top1 0.000  lr 9.59e-05  (1.4 it/s)
    qrl push 35.330 sq_dev 0.0000 lam 34.546 d_step 0.000 d_rand 11.689 var 0.000 sib 0.000 unr 25.290 unrb 16.675 d_unr 14.05 d_oth 0.00
step 16500  loss 323.1924  train_top1 0.000  lr 9.59e-05  (1.5 it/s)
    qrl push 31.784 sq_dev 0.0268 lam 34.550 d_step 0.010 d_rand 31.863 var 0.000 sib 0.000 unr 21.589 unrb 13.970 d_unr 40.99 d_oth 0.00
step 16600  loss 334.4460  train_top1 0.000  lr 9.58e-05  (1.4 it/s)
    qrl push 28.149 sq_dev 0.1698 lam 34.559 d_step 0.067 d_rand 45.559 var 0.000 sib 0.000 unr 18.750 unrb 13.559 d_unr 54.63 d_oth 0.00
step 16700  loss 319.8720  train_top1 0.000  lr 9.58e-05  (1.4 it/s)
    qrl push 31.966 sq_dev 0.0088 lam 34.564 d_step 0.007 d_rand 29.280 var 0.000 sib 0.000 unr 21.430 unrb 15.703 d_unr 38.11 d_oth 0.00
step 16800  loss 298.8611  train_top1 0.000  lr 9.57e-05  (1.4 it/s)
    qrl push 24.317 sq_dev 0.0000 lam 34.568 d_step 0.000 d_rand 59.028 var 0.000 sib 0.000 unr 16.200 unrb 14.737 d_unr 65.84 d_oth 0.00
step 16900  loss 291.9557  train_top1 0.000  lr 9.57e-05  (1.4 it/s)
    qrl push 31.502 sq_dev 0.0284 lam 34.576 d_step 0.014 d_rand 28.933 var 0.000 sib 0.000 unr 21.491 unrb 14.655 d_unr 36.13 d_oth 0.00
step 17000  loss 352.1052  train_top1 0.000  lr 9.56e-05  (1.5 it/s)
    qrl push 33.148 sq_dev 0.0000 lam 34.580 d_step 0.000 d_rand 28.599 var 0.000 sib 0.000 unr 22.566 unrb 14.732 d_unr 38.33 d_oth 0.00
step 17100  loss 321.5331  train_top1 0.000  lr 9.56e-05  (1.5 it/s)
    qrl push 32.630 sq_dev 0.0000 lam 34.588 d_step 0.000 d_rand 30.082 var 0.000 sib 0.000 unr 22.385 unrb 15.308 d_unr 38.80 d_oth 0.00
step 17200  loss 276.7943  train_top1 0.000  lr 9.55e-05  (1.5 it/s)
    qrl push 30.736 sq_dev 0.0000 lam 34.595 d_step 0.000 d_rand 37.234 var 0.000 sib 0.000 unr 20.249 unrb 14.007 d_unr 49.26 d_oth 0.00
step 17300  loss 341.4592  train_top1 0.000  lr 9.55e-05  (1.5 it/s)
    qrl push 26.765 sq_dev 0.1101 lam 34.599 d_step 0.019 d_rand 62.809 var 0.000 sib 0.000 unr 17.927 unrb 13.775 d_unr 72.96 d_oth 0.00
step 17400  loss 314.5736  train_top1 0.000  lr 9.54e-05  (1.5 it/s)
    qrl push 34.563 sq_dev 0.0607 lam 34.605 d_step 0.025 d_rand 19.830 var 0.000 sib 0.000 unr 24.258 unrb 15.328 d_unr 25.72 d_oth 0.00
step 17500  loss 355.9978  train_top1 0.000  lr 9.54e-05  (1.5 it/s)
    qrl push 33.202 sq_dev 0.1492 lam 34.610 d_step 0.041 d_rand 28.312 var 0.000 sib 0.000 unr 23.335 unrb 15.187 d_unr 35.11 d_oth 0.43
step 17600  loss 334.2621  train_top1 0.000  lr 9.53e-05  (1.7 it/s)
    qrl push 28.596 sq_dev 0.0000 lam 34.697 d_step 0.000 d_rand 29.628 var 0.000 sib 0.000 unr 22.358 unrb 18.308 d_unr 25.15 d_oth 51.50
step 17700  loss 195.1033  train_top1 0.000  lr 9.53e-05  (2.0 it/s)
    qrl push 15.871 sq_dev 0.0855 lam 34.928 d_step 0.015 d_rand 76.571 var 0.000 sib 0.000 unr 12.503 unrb 10.754 d_unr 61.41 d_oth 139.02
step 17800  loss 198.4733  train_top1 0.000  lr 9.52e-05  (1.9 it/s)
    qrl push 9.453 sq_dev 0.0151 lam 35.168 d_step 0.013 d_rand 109.629 var 0.000 sib 0.000 unr 7.821 unrb 8.050 d_unr 83.78 d_oth 182.55
step 17900  loss 164.9507  train_top1 0.000  lr 9.51e-05  (1.7 it/s)
    qrl push 10.587 sq_dev 0.1170 lam 35.397 d_step 0.040 d_rand 96.524 var 0.000 sib 0.000 unr 7.024 unrb 5.602 d_unr 84.52 d_oth 143.61
step 18000  loss 121.7172  train_top1 0.000  lr 9.51e-05  (1.6 it/s)
  VAL step 18000  loss 658.7229  top1 0.000  top8 0.012
    qrl push 9.031 sq_dev 0.0655 lam 35.623 d_step 0.066 d_rand 112.055 var 0.000 sib 0.000 unr 6.214 unrb 5.203 d_unr 96.33 d_oth 176.04
step 18100  loss 102.0473  train_top1 0.000  lr 9.50e-05  (1.3 it/s)
    qrl push 10.189 sq_dev 0.1981 lam 35.767 d_step 0.065 d_rand 111.024 var 0.000 sib 0.000 unr 7.042 unrb 5.284 d_unr 93.79 d_oth 167.94
step 18200  loss 134.5348  train_top1 0.000  lr 9.50e-05  (1.6 it/s)
    qrl push 7.558 sq_dev 0.1453 lam 36.040 d_step 0.050 d_rand 112.080 var 0.000 sib 0.000 unr 4.761 unrb 5.805 d_unr 97.81 d_oth 161.16
step 18300  loss 116.4523  train_top1 0.000  lr 9.49e-05  (1.5 it/s)
    qrl push 10.354 sq_dev 0.0821 lam 36.281 d_step 0.044 d_rand 98.603 var 0.000 sib 0.000 unr 7.910 unrb 4.680 d_unr 83.37 d_oth 147.83
step 18400  loss 370.1064  train_top1 0.000  lr 9.49e-05  (1.7 it/s)
    qrl push 30.507 sq_dev 0.0000 lam 36.837 d_step 0.000 d_rand 21.117 var 0.000 sib 0.000 unr 22.421 unrb 17.019 d_unr 22.70 d_oth 15.11
step 18500  loss 301.7682  train_top1 0.000  lr 9.48e-05  (1.5 it/s)
    qrl push 27.227 sq_dev 0.9673 lam 36.927 d_step 0.218 d_rand 24.309 var 0.000 sib 0.000 unr 21.579 unrb 15.166 d_unr 19.67 d_oth 37.53
step 18600  loss 157.3609  train_top1 0.000  lr 9.48e-05  (1.7 it/s)
    qrl push 10.639 sq_dev 0.0996 lam 36.933 d_step 0.095 d_rand 79.885 var 0.000 sib 0.000 unr 7.705 unrb 7.961 d_unr 67.06 d_oth 121.74
step 18700  loss 133.7291  train_top1 0.000  lr 9.47e-05  (1.5 it/s)
    qrl push 7.955 sq_dev 0.4037 lam 36.988 d_step 0.050 d_rand 92.822 var 0.000 sib 0.000 unr 6.308 unrb 10.172 d_unr 76.60 d_oth 144.24
step 18800  loss 131.7192  train_top1 0.000  lr 9.47e-05  (1.7 it/s)
    qrl push 8.991 sq_dev 0.9204 lam 37.071 d_step 0.133 d_rand 82.238 var 0.000 sib 0.000 unr 5.667 unrb 7.046 d_unr 74.03 d_oth 113.30
step 18900  loss 167.3272  train_top1 0.000  lr 9.46e-05  (1.8 it/s)
    qrl push 8.366 sq_dev 0.4872 lam 37.146 d_step 0.073 d_rand 97.912 var 0.000 sib 0.000 unr 6.291 unrb 7.106 d_unr 81.66 d_oth 147.38
step 19000  loss 112.6864  train_top1 0.000  lr 9.45e-05  (1.6 it/s)
    qrl push 8.302 sq_dev 0.1571 lam 37.246 d_step 0.081 d_rand 93.702 var 0.000 sib 0.000 unr 5.770 unrb 5.929 d_unr 82.30 d_oth 137.89
step 19100  loss 127.6141  train_top1 0.000  lr 9.45e-05  (1.7 it/s)
    qrl push 8.793 sq_dev 0.1664 lam 37.351 d_step 0.052 d_rand 93.469 var 0.000 sib 0.000 unr 6.239 unrb 7.276 d_unr 77.59 d_oth 145.90
step 19200  loss 117.7774  train_top1 0.000  lr 9.44e-05  (2.0 it/s)
    qrl push 10.258 sq_dev 0.0108 lam 37.475 d_step 0.011 d_rand 101.666 var 0.000 sib 0.000 unr 6.448 unrb 6.787 d_unr 98.78 d_oth 111.94
step 19300  loss 137.7574  train_top1 0.000  lr 9.44e-05  (2.0 it/s)
    qrl push 9.094 sq_dev 0.0466 lam 37.635 d_step 0.027 d_rand 93.231 var 0.000 sib 0.000 unr 6.781 unrb 6.417 d_unr 80.58 d_oth 140.22
step 19400  loss 108.6181  train_top1 0.000  lr 9.43e-05  (1.9 it/s)
    qrl push 10.540 sq_dev 0.1237 lam 37.836 d_step 0.031 d_rand 88.048 var 0.000 sib 0.000 unr 8.041 unrb 4.989 d_unr 71.36 d_oth 134.18
step 19500  loss 123.4761  train_top1 0.000  lr 9.43e-05  (1.8 it/s)
    qrl push 7.942 sq_dev 0.3959 lam 37.972 d_step 0.130 d_rand 96.160 var 0.000 sib 0.000 unr 5.522 unrb 5.750 d_unr 81.12 d_oth 140.81
step 19600  loss 385.6839  train_top1 0.000  lr 9.42e-05  (1.5 it/s)
    qrl push 36.393 sq_dev 0.0077 lam 38.475 d_step 0.010 d_rand 6.351 var 0.000 sib 0.000 unr 25.601 unrb 19.522 d_unr 8.45 d_oth 0.05
step 19700  loss 341.8204  train_top1 0.000  lr 9.41e-05  (1.5 it/s)
    qrl push 35.428 sq_dev 0.4611 lam 38.484 d_step 0.093 d_rand 7.432 var 0.000 sib 0.000 unr 24.440 unrb 16.741 d_unr 10.11 d_oth 0.09
step 19800  loss 342.1969  train_top1 0.000  lr 9.41e-05  (1.9 it/s)
    qrl push 33.208 sq_dev 0.0680 lam 38.492 d_step 0.034 d_rand 15.706 var 0.000 sib 0.000 unr 22.077 unrb 15.148 d_unr 21.96 d_oth 0.33
step 19900  loss 320.0152  train_top1 0.000  lr 9.40e-05  (1.9 it/s)
    qrl push 34.029 sq_dev 0.0087 lam 38.502 d_step 0.022 d_rand 13.225 var 0.000 sib 0.000 unr 23.260 unrb 15.793 d_unr 17.82 d_oth 0.75
step 20000  loss 338.9672  train_top1 0.000  lr 9.40e-05  (1.5 it/s)
  VAL step 20000  loss 6.8072  top1 0.000  top8 0.000
  ladder checkpoint -> field_scratch_full_v4_step20000.pt
    qrl push 29.452 sq_dev 0.0831 lam 38.506 d_step 0.060 d_rand 29.609 var 0.000 sib 0.000 unr 19.545 unrb 13.933 d_unr 35.92 d_oth 0.41
step 20100  loss 340.1129  train_top1 0.000  lr 9.39e-05  (1.1 it/s)
    qrl push 32.970 sq_dev 0.0366 lam 38.511 d_step 0.036 d_rand 21.377 var 0.000 sib 0.000 unr 23.271 unrb 15.184 d_unr 25.87 d_oth 2.38
step 20200  loss 355.8690  train_top1 0.000  lr 9.39e-05  (1.2 it/s)
    qrl push 29.918 sq_dev 0.0014 lam 38.520 d_step 0.006 d_rand 21.976 var 0.000 sib 0.000 unr 21.517 unrb 15.076 d_unr 24.54 d_oth 13.79
step 20300  loss 247.8312  train_top1 0.000  lr 9.38e-05  (1.3 it/s)
    qrl push 21.177 sq_dev 0.0000 lam 38.526 d_step 0.000 d_rand 49.761 var 0.000 sib 0.000 unr 15.920 unrb 12.815 d_unr 48.10 d_oth 55.57
step 20400  loss 139.5559  train_top1 0.000  lr 9.37e-05  (1.7 it/s)
    qrl push 11.065 sq_dev 0.0023 lam 38.520 d_step 0.007 d_rand 84.540 var 0.000 sib 0.000 unr 9.196 unrb 8.955 d_unr 65.63 d_oth 138.96
step 20500  loss 153.1994  train_top1 0.000  lr 9.37e-05  (1.6 it/s)
    qrl push 8.735 sq_dev 0.0000 lam 38.739 d_step 0.001 d_rand 99.920 var 0.000 sib 0.000 unr 6.598 unrb 8.797 d_unr 84.16 d_oth 148.21
step 20600  loss 107.8966  train_top1 0.000  lr 9.36e-05  (1.4 it/s)
    qrl push 10.215 sq_dev 0.0006 lam 38.893 d_step 0.010 d_rand 93.379 var 0.000 sib 0.000 unr 6.971 unrb 6.428 d_unr 81.39 d_oth 143.41
step 20700  loss 144.7024  train_top1 0.000  lr 9.36e-05  (1.5 it/s)
    qrl push 10.411 sq_dev 2.5652 lam 38.978 d_step 0.115 d_rand 99.231 var 0.000 sib 0.000 unr 7.343 unrb 5.465 d_unr 89.20 d_oth 144.93
step 20800  loss 90.5776  train_top1 0.000  lr 9.35e-05  (1.6 it/s)
    qrl push 7.962 sq_dev 5.8767 lam 39.091 d_step 0.132 d_rand 117.359 var 0.000 sib 0.000 unr 6.032 unrb 6.032 d_unr 100.24 d_oth 166.14
step 20900  loss 112.1974  train_top1 0.000  lr 9.34e-05  (1.5 it/s)
    qrl push 8.663 sq_dev 0.0529 lam 39.225 d_step 0.034 d_rand 109.302 var 0.000 sib 0.000 unr 5.966 unrb 5.291 d_unr 95.18 d_oth 160.91
step 21000  loss 104.9280  train_top1 0.000  lr 9.34e-05  (1.7 it/s)
    qrl push 10.602 sq_dev 0.2641 lam 39.355 d_step 0.050 d_rand 85.509 var 0.000 sib 0.000 unr 7.905 unrb 6.014 d_unr 74.54 d_oth 125.15
step 21100  loss 126.1045  train_top1 0.000  lr 9.33e-05  (1.6 it/s)
    qrl push 11.006 sq_dev 0.0470 lam 39.468 d_step 0.046 d_rand 90.474 var 0.000 sib 0.000 unr 7.538 unrb 6.335 d_unr 82.37 d_oth 123.03
step 21200  loss 87.7997  train_top1 0.000  lr 9.32e-05  (1.5 it/s)
    qrl push 9.788 sq_dev 0.0049 lam 39.560 d_step 0.021 d_rand 100.403 var 0.000 sib 0.000 unr 6.504 unrb 4.951 d_unr 90.40 d_oth 143.76
step 21300  loss 129.4151  train_top1 0.000  lr 9.32e-05  (1.7 it/s)
    qrl push 10.445 sq_dev 0.1030 lam 39.695 d_step 0.033 d_rand 110.100 var 0.000 sib 0.000 unr 7.900 unrb 6.324 d_unr 96.15 d_oth 168.28
step 21400  loss 323.0681  train_top1 0.000  lr 9.31e-05  (1.7 it/s)
    qrl push 8.255 sq_dev 0.0043 lam 39.828 d_step 0.007 d_rand 105.318 var 0.000 sib 0.000 unr 5.904 unrb 5.712 d_unr 92.98 d_oth 148.38
step 21500  loss 113.6973  train_top1 0.000  lr 9.31e-05  (1.8 it/s)
    qrl push 9.640 sq_dev 0.1404 lam 40.015 d_step 0.061 d_rand 97.328 var 0.000 sib 0.000 unr 7.291 unrb 6.144 d_unr 85.02 d_oth 148.66
step 21600  loss 107.5891  train_top1 0.000  lr 9.30e-05  (1.8 it/s)
    qrl push 7.032 sq_dev 0.0526 lam 40.153 d_step 0.029 d_rand 118.607 var 0.000 sib 0.000 unr 4.906 unrb 5.187 d_unr 99.34 d_oth 177.62
step 21700  loss 125.0229  train_top1 0.000  lr 9.29e-05  (1.7 it/s)
    qrl push 9.950 sq_dev 0.0003 lam 40.442 d_step 0.008 d_rand 99.547 var 0.000 sib 0.000 unr 7.008 unrb 5.397 d_unr 86.85 d_oth 151.20
step 21800  loss 125.7200  train_top1 0.000  lr 9.29e-05  (1.6 it/s)
    qrl push 8.501 sq_dev 0.0162 lam 40.590 d_step 0.017 d_rand 107.991 var 0.000 sib 0.000 unr 6.445 unrb 6.077 d_unr 87.71 d_oth 176.87
step 21900  loss 112.6750  train_top1 0.000  lr 9.28e-05  (1.9 it/s)
    qrl push 7.672 sq_dev 0.0027 lam 40.745 d_step 0.006 d_rand 104.944 var 0.000 sib 0.000 unr 5.709 unrb 6.274 d_unr 85.40 d_oth 160.64
step 22000  loss 90.5380  train_top1 0.000  lr 9.27e-05  (1.8 it/s)
  VAL step 22000  loss 630.9199  top1 0.000  top8 0.012
    qrl push 7.614 sq_dev 24.8060 lam 40.823 d_step 0.246 d_rand 109.520 var 0.000 sib 0.000 unr 5.570 unrb 6.053 d_unr 89.52 d_oth 164.82
step 22100  loss 93.4622  train_top1 0.000  lr 9.27e-05  (1.5 it/s)
    qrl push 9.187 sq_dev 0.1420 lam 41.125 d_step 0.052 d_rand 103.391 var 0.000 sib 0.000 unr 6.452 unrb 6.364 d_unr 92.40 d_oth 138.90
step 22200  loss 116.5408  train_top1 0.000  lr 9.26e-05  (1.6 it/s)
    qrl push 8.702 sq_dev 0.1578 lam 41.264 d_step 0.029 d_rand 104.955 var 0.000 sib 0.000 unr 5.948 unrb 5.745 d_unr 91.52 d_oth 181.28
step 22300  loss 101.3916  train_top1 0.000  lr 9.25e-05  (2.0 it/s)
    qrl push 7.398 sq_dev 0.1530 lam 41.414 d_step 0.053 d_rand 118.923 var 0.000 sib 0.000 unr 5.521 unrb 5.075 d_unr 97.76 d_oth 169.52
step 22400  loss 121.2679  train_top1 0.000  lr 9.25e-05  (1.9 it/s)
    qrl push 7.757 sq_dev 0.2276 lam 41.574 d_step 0.069 d_rand 114.801 var 0.000 sib 0.000 unr 5.985 unrb 4.841 d_unr 95.77 d_oth 168.76
step 22500  loss 108.6569  train_top1 0.000  lr 9.24e-05  (2.0 it/s)
    qrl push 9.196 sq_dev 0.0703 lam 41.697 d_step 0.026 d_rand 110.281 var 0.000 sib 0.000 unr 6.699 unrb 5.579 d_unr 93.30 d_oth 172.36
step 22600  loss 104.1870  train_top1 0.000  lr 9.24e-05  (1.9 it/s)
    qrl push 9.438 sq_dev 0.3183 lam 41.926 d_step 0.091 d_rand 103.592 var 0.000 sib 0.000 unr 6.039 unrb 5.102 d_unr 93.45 d_oth 152.44
step 22700  loss 101.3858  train_top1 0.000  lr 9.23e-05  (2.0 it/s)
    qrl push 11.772 sq_dev 0.0004 lam 42.122 d_step 0.003 d_rand 93.013 var 0.000 sib 0.000 unr 8.312 unrb 6.292 d_unr 80.35 d_oth 145.20
step 22800  loss 114.8044  train_top1 0.000  lr 9.22e-05  (1.9 it/s)
    qrl push 10.170 sq_dev 1.0145 lam 42.259 d_step 0.116 d_rand 109.524 var 0.000 sib 0.000 unr 6.899 unrb 5.685 d_unr 99.72 d_oth 146.21
step 22900  loss 116.2638  train_top1 0.000  lr 9.22e-05  (1.9 it/s)
    qrl push 6.361 sq_dev 0.0711 lam 42.407 d_step 0.029 d_rand 115.350 var 0.000 sib 0.000 unr 4.352 unrb 7.656 d_unr 100.88 d_oth 154.55
step 23000  loss 106.2979  train_top1 0.000  lr 9.21e-05  (1.8 it/s)
    qrl push 7.680 sq_dev 0.2883 lam 42.565 d_step 0.073 d_rand 116.543 var 0.000 sib 0.000 unr 6.014 unrb 5.422 d_unr 96.25 d_oth 165.05
step 23100  loss 233.0795  train_top1 0.000  lr 9.20e-05  (1.9 it/s)
    qrl push 20.877 sq_dev 0.0010 lam 42.982 d_step 0.003 d_rand 40.323 var 0.000 sib 0.000 unr 15.773 unrb 13.758 d_unr 36.95 d_oth 55.92
step 23200  loss 112.8601  train_top1 0.000  lr 9.20e-05  (2.0 it/s)
    qrl push 10.275 sq_dev 0.4584 lam 43.041 d_step 0.089 d_rand 92.654 var 0.000 sib 0.000 unr 7.816 unrb 7.934 d_unr 83.45 d_oth 123.07
step 23300  loss 102.1567  train_top1 0.000  lr 9.19e-05  (1.9 it/s)
    qrl push 10.398 sq_dev 0.0002 lam 43.121 d_step 0.008 d_rand 89.279 var 0.000 sib 0.000 unr 7.452 unrb 6.210 d_unr 76.92 d_oth 135.50
step 23400  loss 118.4864  train_top1 0.000  lr 9.18e-05  (2.1 it/s)
    qrl push 9.189 sq_dev 0.1533 lam 43.246 d_step 0.038 d_rand 93.866 var 0.000 sib 0.000 unr 6.823 unrb 5.406 d_unr 82.91 d_oth 135.83
step 23500  loss 118.7626  train_top1 0.000  lr 9.17e-05  (2.1 it/s)
    qrl push 8.468 sq_dev 0.2625 lam 43.326 d_step 0.084 d_rand 103.563 var 0.000 sib 0.000 unr 6.106 unrb 4.627 d_unr 92.40 d_oth 144.82
step 23600  loss 148.2484  train_top1 0.000  lr 9.17e-05  (2.1 it/s)
    qrl push 11.100 sq_dev 0.4182 lam 43.417 d_step 0.211 d_rand 95.930 var 0.000 sib 0.000 unr 7.518 unrb 5.290 d_unr 90.61 d_oth 121.55
step 23700  loss 128.4776  train_top1 0.000  lr 9.16e-05  (1.8 it/s)
    qrl push 7.006 sq_dev 0.0000 lam 43.536 d_step 0.000 d_rand 113.596 var 0.000 sib 0.000 unr 5.311 unrb 6.727 d_unr 91.17 d_oth 174.37
step 23800  loss 106.6686  train_top1 0.000  lr 9.15e-05  (2.2 it/s)
    qrl push 8.019 sq_dev 0.3061 lam 43.687 d_step 0.177 d_rand 109.060 var 0.000 sib 0.000 unr 5.584 unrb 4.588 d_unr 99.07 d_oth 141.70
step 23900  loss 116.4203  train_top1 0.000  lr 9.15e-05  (1.9 it/s)
    qrl push 10.354 sq_dev 0.0043 lam 43.766 d_step 0.006 d_rand 103.675 var 0.000 sib 0.000 unr 8.029 unrb 5.749 d_unr 88.96 d_oth 146.37
step 24000  loss 812.0567  train_top1 0.000  lr 9.14e-05  (1.8 it/s)
  VAL step 24000  loss 600.6331  top1 0.000  top8 0.015
    qrl push 10.494 sq_dev 0.2684 lam 43.886 d_step 0.075 d_rand 105.226 var 0.000 sib 0.000 unr 6.907 unrb 5.626 d_unr 96.78 d_oth 133.11
step 24100  loss 105.8524  train_top1 0.000  lr 9.13e-05  (1.4 it/s)
    qrl push 7.412 sq_dev 0.0511 lam 44.056 d_step 0.025 d_rand 107.599 var 0.000 sib 0.000 unr 5.504 unrb 6.553 d_unr 86.17 d_oth 178.37
step 24200  loss 107.0865  train_top1 0.000  lr 9.13e-05  (1.8 it/s)
    qrl push 8.019 sq_dev 0.1257 lam 44.123 d_step 0.050 d_rand 121.928 var 0.000 sib 0.000 unr 5.931 unrb 5.553 d_unr 103.58 d_oth 185.00
step 24300  loss 99.8156  train_top1 0.000  lr 9.12e-05  (1.9 it/s)
    qrl push 9.978 sq_dev 0.2239 lam 44.355 d_step 0.101 d_rand 105.597 var 0.000 sib 0.000 unr 6.930 unrb 4.388 d_unr 92.42 d_oth 146.81
step 24400  loss 99.8783  train_top1 0.000  lr 9.11e-05  (2.0 it/s)
    qrl push 8.070 sq_dev 0.0825 lam 44.456 d_step 0.062 d_rand 109.353 var 0.000 sib 0.000 unr 5.706 unrb 4.016 d_unr 95.31 d_oth 148.57
step 24500  loss 98.9976  train_top1 0.000  lr 9.11e-05  (1.8 it/s)
    qrl push 10.821 sq_dev 0.0028 lam 44.553 d_step 0.017 d_rand 93.399 var 0.000 sib 0.000 unr 8.009 unrb 7.177 d_unr 79.96 d_oth 136.82
step 24600  loss 105.6489  train_top1 0.000  lr 9.10e-05  (1.5 it/s)
    qrl push 8.279 sq_dev 0.0244 lam 44.658 d_step 0.011 d_rand 110.848 var 0.000 sib 0.000 unr 6.478 unrb 6.532 d_unr 88.74 d_oth 175.30
step 24700  loss 108.5632  train_top1 0.000  lr 9.09e-05  (1.4 it/s)
    qrl push 9.772 sq_dev 0.0290 lam 44.875 d_step 0.026 d_rand 106.409 var 0.000 sib 0.000 unr 6.590 unrb 5.079 d_unr 101.25 d_oth 124.02
step 24800  loss 130.8208  train_top1 0.000  lr 9.08e-05  (1.4 it/s)
    qrl push 9.011 sq_dev 0.0038 lam 45.070 d_step 0.013 d_rand 107.590 var 0.000 sib 0.000 unr 6.892 unrb 7.247 d_unr 85.17 d_oth 165.44
step 24900  loss 140.1310  train_top1 0.000  lr 9.08e-05  (1.5 it/s)
    qrl push 12.633 sq_dev 0.6551 lam 45.230 d_step 0.051 d_rand 93.637 var 0.000 sib 0.000 unr 9.608 unrb 9.161 d_unr 84.69 d_oth 127.49
step 25000  loss 147.0864  train_top1 0.000  lr 9.07e-05  (1.6 it/s)
  ladder checkpoint -> field_scratch_full_v4_step25000.pt
    qrl push 10.474 sq_dev 0.0000 lam 45.371 d_step 0.000 d_rand 95.457 var 0.000 sib 0.000 unr 7.445 unrb 8.032 d_unr 86.45 d_oth 138.71
step 25100  loss 105.0014  train_top1 0.000  lr 9.06e-05  (1.7 it/s)
    qrl push 10.115 sq_dev 0.0094 lam 45.518 d_step 0.008 d_rand 112.325 var 0.000 sib 0.000 unr 7.767 unrb 6.152 d_unr 95.41 d_oth 168.20
step 25200  loss 118.1913  train_top1 0.000  lr 9.06e-05  (1.8 it/s)
    qrl push 7.742 sq_dev 0.0000 lam 45.709 d_step 0.000 d_rand 123.722 var 0.000 sib 0.000 unr 5.605 unrb 5.433 d_unr 104.37 d_oth 184.31
step 25300  loss 90.8354  train_top1 0.000  lr 9.05e-05  (1.7 it/s)
    qrl push 10.441 sq_dev 0.0155 lam 45.873 d_step 0.010 d_rand 111.874 var 0.000 sib 0.000 unr 6.899 unrb 6.145 d_unr 106.25 d_oth 131.72
step 25400  loss 156.1308  train_top1 0.000  lr 9.04e-05  (1.5 it/s)
    qrl push 7.575 sq_dev 0.1231 lam 46.059 d_step 0.018 d_rand 124.316 var 0.000 sib 0.000 unr 6.369 unrb 6.664 d_unr 98.79 d_oth 186.50
step 25500  loss 118.6419  train_top1 0.000  lr 9.03e-05  (1.6 it/s)
    qrl push 8.475 sq_dev 0.0028 lam 46.176 d_step 0.012 d_rand 123.062 var 0.000 sib 0.000 unr 6.034 unrb 6.584 d_unr 116.38 d_oth 152.02
step 25600  loss 133.8490  train_top1 0.000  lr 9.03e-05  (1.6 it/s)
    qrl push 10.404 sq_dev 0.0000 lam 46.307 d_step 0.000 d_rand 114.822 var 0.000 sib 0.000 unr 7.867 unrb 6.007 d_unr 101.75 d_oth 158.95
step 25700  loss 99.2767  train_top1 0.000  lr 9.02e-05  (2.3 it/s)
    qrl push 8.645 sq_dev 0.0412 lam 46.467 d_step 0.040 d_rand 106.300 var 0.000 sib 0.000 unr 6.219 unrb 6.140 d_unr 88.02 d_oth 156.83
step 25800  loss 103.2219  train_top1 0.000  lr 9.01e-05  (2.3 it/s)
    qrl push 9.430 sq_dev 0.1308 lam 46.631 d_step 0.091 d_rand 119.547 var 0.000 sib 0.000 unr 6.145 unrb 6.295 d_unr 108.87 d_oth 171.67
step 25900  loss 155.0158  train_top1 0.000  lr 9.00e-05  (2.3 it/s)
    qrl push 11.631 sq_dev 0.2824 lam 46.806 d_step 0.066 d_rand 102.843 var 0.000 sib 0.000 unr 8.295 unrb 6.061 d_unr 95.24 d_oth 132.44
step 26000  loss 108.1215  train_top1 0.000  lr 9.00e-05  (2.3 it/s)
  VAL step 26000  loss 631.6679  top1 0.001  top8 0.013
    qrl push 10.638 sq_dev 0.0000 lam 47.022 d_step 0.000 d_rand 112.484 var 0.000 sib 0.000 unr 6.953 unrb 5.992 d_unr 103.31 d_oth 155.50
step 26100  loss 151.2126  train_top1 0.000  lr 8.99e-05  (1.9 it/s)
    qrl push 10.617 sq_dev 0.0000 lam 47.172 d_step 0.000 d_rand 93.050 var 0.000 sib 0.000 unr 7.792 unrb 7.764 d_unr 78.55 d_oth 139.69
step 26200  loss 118.9073  train_top1 0.000  lr 8.98e-05  (2.5 it/s)
    qrl push 7.906 sq_dev 0.1791 lam 47.293 d_step 0.055 d_rand 135.751 var 0.000 sib 0.000 unr 5.547 unrb 5.147 d_unr 122.50 d_oth 200.47
step 26300  loss 177.1294  train_top1 0.000  lr 8.97e-05  (3.0 it/s)
    qrl push 13.292 sq_dev 0.0004 lam 47.727 d_step 0.006 d_rand 77.191 var 0.000 sib 0.000 unr 11.256 unrb 11.151 d_unr 58.11 d_oth 129.95
step 26400  loss 148.9887  train_top1 0.000  lr 8.97e-05  (2.6 it/s)
    qrl push 11.542 sq_dev 0.0000 lam 47.820 d_step 0.000 d_rand 108.118 var 0.000 sib 0.000 unr 9.131 unrb 6.418 d_unr 92.95 d_oth 173.84
step 26500  loss 118.9686  train_top1 0.000  lr 8.96e-05  (2.7 it/s)
    qrl push 8.039 sq_dev 0.0003 lam 47.920 d_step 0.005 d_rand 118.880 var 0.000 sib 0.000 unr 6.100 unrb 4.929 d_unr 105.58 d_oth 163.29
step 26600  loss 153.5713  train_top1 0.000  lr 8.95e-05  (2.6 it/s)
    qrl push 10.875 sq_dev 0.0688 lam 48.108 d_step 0.028 d_rand 102.381 var 0.000 sib 0.000 unr 8.445 unrb 6.573 d_unr 84.16 d_oth 164.57
step 26700  loss 123.0530  train_top1 0.000  lr 8.94e-05  (1.9 it/s)
    qrl push 9.365 sq_dev 0.3537 lam 48.362 d_step 0.109 d_rand 104.488 var 0.000 sib 0.000 unr 6.935 unrb 6.545 d_unr 84.19 d_oth 162.92
step 26800  loss 134.4414  train_top1 0.000  lr 8.94e-05  (1.8 it/s)
    qrl push 10.353 sq_dev 0.3220 lam 48.494 d_step 0.042 d_rand 117.382 var 0.000 sib 0.000 unr 8.050 unrb 5.756 d_unr 105.83 d_oth 158.16
step 26900  loss 129.5426  train_top1 0.000  lr 8.93e-05  (2.0 it/s)
    qrl push 8.238 sq_dev 0.1544 lam 48.609 d_step 0.055 d_rand 117.086 var 0.000 sib 0.000 unr 5.960 unrb 6.685 d_unr 102.10 d_oth 165.52
step 27000  loss 103.4399  train_top1 0.000  lr 8.92e-05  (1.9 it/s)
    qrl push 8.156 sq_dev 0.0016 lam 48.727 d_step 0.005 d_rand 122.755 var 0.000 sib 0.000 unr 5.675 unrb 6.033 d_unr 105.46 d_oth 178.02
step 27100  loss 234.0720  train_top1 0.000  lr 8.91e-05  (2.0 it/s)
    qrl push 14.319 sq_dev 0.0000 lam 49.000 d_step 0.000 d_rand 69.160 var 0.000 sib 0.000 unr 11.980 unrb 13.332 d_unr 52.73 d_oth 126.52
step 27200  loss 141.5175  train_top1 0.000  lr 8.91e-05  (2.1 it/s)
    qrl push 12.026 sq_dev 0.0042 lam 49.239 d_step 0.010 d_rand 103.790 var 0.000 sib 0.000 unr 8.893 unrb 7.761 d_unr 90.63 d_oth 155.41
step 27300  loss 129.7350  train_top1 0.000  lr 8.90e-05  (1.9 it/s)
    qrl push 9.233 sq_dev 0.0821 lam 49.344 d_step 0.044 d_rand 112.536 var 0.000 sib 0.000 unr 7.036 unrb 5.552 d_unr 94.89 d_oth 172.11
step 27400  loss 111.9663  train_top1 0.000  lr 8.89e-05  (2.0 it/s)
    qrl push 10.006 sq_dev 0.0672 lam 49.495 d_step 0.024 d_rand 106.536 var 0.000 sib 0.000 unr 7.861 unrb 6.911 d_unr 87.16 d_oth 164.06
step 27500  loss 103.6995  train_top1 0.000  lr 8.88e-05  (1.8 it/s)
    qrl push 8.881 sq_dev 0.1739 lam 49.644 d_step 0.030 d_rand 119.263 var 0.000 sib 0.000 unr 6.503 unrb 7.040 d_unr 98.92 d_oth 174.40
step 27600  loss 271.1302  train_top1 0.000  lr 8.88e-05  (1.9 it/s)
    qrl push 9.058 sq_dev 0.1007 lam 49.816 d_step 0.031 d_rand 114.111 var 0.000 sib 0.000 unr 6.624 unrb 6.192 d_unr 98.30 d_oth 153.37
step 27700  loss 105.6486  train_top1 0.000  lr 8.87e-05  (2.0 it/s)
    qrl push 10.291 sq_dev 0.0033 lam 49.906 d_step 0.011 d_rand 117.309 var 0.000 sib 0.000 unr 7.500 unrb 5.423 d_unr 99.91 d_oth 166.38
step 27800  loss 109.5917  train_top1 0.000  lr 8.86e-05  (2.2 it/s)
    qrl push 9.541 sq_dev 0.2351 lam 50.093 d_step 0.025 d_rand 111.069 var 0.000 sib 0.000 unr 6.883 unrb 5.060 d_unr 95.18 d_oth 167.18
step 27900  loss 149.9543  train_top1 0.000  lr 8.85e-05  (1.8 it/s)
    qrl push 9.350 sq_dev 0.0000 lam 50.186 d_step 0.000 d_rand 127.041 var 0.000 sib 0.000 unr 6.809 unrb 5.874 d_unr 115.05 d_oth 174.66
step 28000  loss 144.3115  train_top1 0.000  lr 8.84e-05  (1.9 it/s)
  VAL step 28000  loss 541.7358  top1 0.000  top8 0.004
    qrl push 10.736 sq_dev 0.0000 lam 50.378 d_step 0.000 d_rand 101.914 var 0.000 sib 0.000 unr 8.372 unrb 8.277 d_unr 86.02 d_oth 160.68
step 28100  loss 153.4572  train_top1 0.000  lr 8.84e-05  (1.6 it/s)
    qrl push 8.777 sq_dev 0.5208 lam 50.531 d_step 0.046 d_rand 108.809 var 0.000 sib 0.000 unr 6.214 unrb 5.720 d_unr 91.92 d_oth 165.82
step 28200  loss 100.8875  train_top1 0.000  lr 8.83e-05  (2.1 it/s)
    qrl push 10.144 sq_dev 0.0021 lam 50.744 d_step 0.004 d_rand 124.964 var 0.000 sib 0.000 unr 7.264 unrb 5.971 d_unr 115.51 d_oth 159.12
step 28300  loss 152.7775  train_top1 0.000  lr 8.82e-05  (1.8 it/s)
    qrl push 7.718 sq_dev 0.0000 lam 50.837 d_step 0.005 d_rand 132.192 var 0.000 sib 0.000 unr 5.770 unrb 4.834 d_unr 111.18 d_oth 181.95
step 28400  loss 106.5322  train_top1 0.000  lr 8.81e-05  (1.9 it/s)
    qrl push 9.293 sq_dev 0.1129 lam 51.057 d_step 0.017 d_rand 113.310 var 0.000 sib 0.000 unr 6.878 unrb 6.713 d_unr 96.60 d_oth 183.01
step 28500  loss 119.5591  train_top1 0.000  lr 8.80e-05  (2.4 it/s)
    qrl push 8.431 sq_dev 0.1033 lam 51.247 d_step 0.043 d_rand 131.078 var 0.000 sib 0.000 unr 6.166 unrb 5.858 d_unr 109.73 d_oth 207.31
step 28600  loss 124.2584  train_top1 0.000  lr 8.80e-05  (2.1 it/s)
    qrl push 8.495 sq_dev 0.0095 lam 51.344 d_step 0.007 d_rand 135.856 var 0.000 sib 0.000 unr 6.397 unrb 5.386 d_unr 127.42 d_oth 160.63
step 28700  loss 128.1825  train_top1 0.000  lr 8.79e-05  (2.0 it/s)
    qrl push 7.227 sq_dev 0.0904 lam 51.557 d_step 0.032 d_rand 140.135 var 0.000 sib 0.000 unr 6.181 unrb 7.319 d_unr 118.79 d_oth 189.75
step 28800  loss 100.6422  train_top1 0.000  lr 8.78e-05  (2.1 it/s)
    qrl push 8.417 sq_dev 0.1981 lam 51.749 d_step 0.045 d_rand 113.793 var 0.000 sib 0.000 unr 5.208 unrb 5.513 d_unr 106.62 d_oth 156.96
step 28900  loss 89.6838  train_top1 0.000  lr 8.77e-05  (2.0 it/s)
    qrl push 6.017 sq_dev 11.2724 lam 51.838 d_step 0.216 d_rand 136.563 var 0.000 sib 0.000 unr 4.654 unrb 6.394 d_unr 114.27 d_oth 198.19
step 29000  loss 163.3224  train_top1 0.000  lr 8.76e-05  (2.0 it/s)
    qrl push 13.614 sq_dev 0.0000 lam 52.117 d_step 0.000 d_rand 96.143 var 0.000 sib 0.000 unr 10.447 unrb 8.618 d_unr 90.16 d_oth 116.36
step 29100  loss 114.9408  train_top1 0.000  lr 8.76e-05  (2.4 it/s)
    qrl push 9.521 sq_dev 0.0069 lam 52.216 d_step 0.010 d_rand 112.882 var 0.000 sib 0.000 unr 6.995 unrb 7.558 d_unr 99.11 d_oth 162.65
step 29200  loss 101.7106  train_top1 0.000  lr 8.75e-05  (2.2 it/s)
    qrl push 7.815 sq_dev 0.0362 lam 52.377 d_step 0.026 d_rand 132.877 var 0.000 sib 0.000 unr 5.941 unrb 5.114 d_unr 112.99 d_oth 206.41
step 29300  loss 98.5107  train_top1 0.000  lr 8.74e-05  (2.0 it/s)
    qrl push 8.833 sq_dev 0.8644 lam 52.470 d_step 0.050 d_rand 133.105 var 0.000 sib 0.000 unr 6.740 unrb 5.139 d_unr 116.42 d_oth 190.07
step 29400  loss 90.5843  train_top1 0.000  lr 8.73e-05  (1.9 it/s)
    qrl push 9.135 sq_dev 0.0756 lam 52.574 d_step 0.014 d_rand 129.764 var 0.000 sib 0.000 unr 6.919 unrb 5.013 d_unr 112.28 d_oth 192.92
step 29500  loss 103.8177  train_top1 0.000  lr 8.72e-05  (1.8 it/s)
    qrl push 9.242 sq_dev 0.0000 lam 52.687 d_step 0.000 d_rand 141.821 var 0.000 sib 0.000 unr 7.257 unrb 5.226 d_unr 124.65 d_oth 200.45
step 29600  loss 110.5176  train_top1 0.000  lr 8.72e-05  (1.8 it/s)
    qrl push 10.198 sq_dev 0.0001 lam 52.878 d_step 0.003 d_rand 121.003 var 0.000 sib 0.000 unr 8.085 unrb 6.541 d_unr 103.46 d_oth 178.32
step 29700  loss 84.4350  train_top1 0.000  lr 8.71e-05  (1.8 it/s)
    qrl push 9.670 sq_dev 0.0060 lam 53.044 d_step 0.005 d_rand 122.586 var 0.000 sib 0.000 unr 6.676 unrb 5.785 d_unr 114.04 d_oth 158.69
step 29800  loss 479.0682  train_top1 0.000  lr 8.70e-05  (2.3 it/s)
    qrl push 11.179 sq_dev 0.4544 lam 53.194 d_step 0.050 d_rand 121.763 var 0.000 sib 0.000 unr 8.121 unrb 4.089 d_unr 110.27 d_oth 170.76
step 29900  loss 106.7002  train_top1 0.000  lr 8.69e-05  (2.0 it/s)
    qrl push 8.057 sq_dev 0.0498 lam 53.345 d_step 0.023 d_rand 145.673 var 0.000 sib 0.000 unr 5.699 unrb 5.177 d_unr 133.77 d_oth 184.56
step 30000  loss 138.5635  train_top1 0.000  lr 8.68e-05  (3.3 it/s)
  VAL step 30000  loss 677.8141  top1 0.000  top8 0.005
  ladder checkpoint -> field_scratch_full_v4_step30000.pt
    qrl push 9.749 sq_dev 0.0031 lam 53.514 d_step 0.005 d_rand 125.606 var 0.000 sib 0.000 unr 7.576 unrb 5.578 d_unr 114.90 d_oth 163.00
step 30100  loss 98.6375  train_top1 0.000  lr 8.67e-05  (2.5 it/s)
    qrl push 7.697 sq_dev 0.0000 lam 53.806 d_step 0.000 d_rand 137.257 var 0.000 sib 0.000 unr 6.131 unrb 5.997 d_unr 118.71 d_oth 192.32
step 30200  loss 165.6830  train_top1 0.000  lr 8.67e-05  (3.7 it/s)
    qrl push 11.787 sq_dev 0.0000 lam 54.117 d_step 0.000 d_rand 104.386 var 0.000 sib 0.000 unr 8.464 unrb 8.353 d_unr 97.45 d_oth 134.07
step 30300  loss 97.6270  train_top1 0.000  lr 8.66e-05  (3.9 it/s)
    qrl push 10.153 sq_dev 0.2096 lam 54.183 d_step 0.025 d_rand 125.740 var 0.000 sib 0.000 unr 7.562 unrb 6.808 d_unr 112.52 d_oth 175.21
step 30400  loss 109.5839  train_top1 0.000  lr 8.65e-05  (4.3 it/s)
    qrl push 6.984 sq_dev 0.0106 lam 54.270 d_step 0.014 d_rand 137.740 var 0.000 sib 0.000 unr 5.387 unrb 6.987 d_unr 106.68 d_oth 223.47
step 30500  loss 86.7899  train_top1 0.000  lr 8.64e-05  (3.6 it/s)
    qrl push 9.729 sq_dev 0.0137 lam 54.376 d_step 0.014 d_rand 128.317 var 0.000 sib 0.000 unr 6.036 unrb 5.635 d_unr 129.53 d_oth 122.70
step 30600  loss 224.7383  train_top1 0.000  lr 8.63e-05  (3.6 it/s)
    qrl push 8.235 sq_dev 0.0305 lam 54.459 d_step 0.010 d_rand 122.405 var 0.000 sib 0.000 unr 6.530 unrb 7.326 d_unr 99.63 d_oth 190.74
step 30700  loss 159.1784  train_top1 0.000  lr 8.62e-05  (3.6 it/s)
    qrl push 9.623 sq_dev 0.1310 lam 54.658 d_step 0.024 d_rand 113.634 var 0.000 sib 0.000 unr 7.018 unrb 7.283 d_unr 102.89 d_oth 162.02
step 30800  loss 112.2953  train_top1 0.000  lr 8.61e-05  (3.6 it/s)
    qrl push 9.529 sq_dev 0.0000 lam 54.876 d_step 0.000 d_rand 127.900 var 0.000 sib 0.000 unr 6.820 unrb 6.000 d_unr 123.09 d_oth 145.91
step 30900  loss 95.2343  train_top1 0.000  lr 8.61e-05  (3.5 it/s)
    qrl push 9.245 sq_dev 0.0000 lam 54.980 d_step 0.000 d_rand 139.532 var 0.000 sib 0.000 unr 7.087 unrb 4.833 d_unr 119.02 d_oth 227.59
step 31000  loss 103.2853  train_top1 0.000  lr 8.60e-05  (3.6 it/s)
    qrl push 7.840 sq_dev 0.2542 lam 55.138 d_step 0.045 d_rand 156.243 var 0.000 sib 0.000 unr 5.797 unrb 5.409 d_unr 143.01 d_oth 210.11
step 31100  loss 108.2609  train_top1 0.000  lr 8.59e-05  (3.5 it/s)
    qrl push 9.235 sq_dev 0.0142 lam 55.404 d_step 0.007 d_rand 122.900 var 0.000 sib 0.000 unr 6.931 unrb 6.771 d_unr 96.82 d_oth 199.55
step 31200  loss 117.1303  train_top1 0.000  lr 8.58e-05  (3.5 it/s)
    qrl push 9.907 sq_dev 0.0743 lam 55.603 d_step 0.023 d_rand 124.664 var 0.000 sib 0.000 unr 7.746 unrb 5.665 d_unr 108.37 d_oth 182.85
step 31300  loss 126.8657  train_top1 0.000  lr 8.57e-05  (3.6 it/s)
    qrl push 7.853 sq_dev 0.1388 lam 55.746 d_step 0.037 d_rand 125.156 var 0.000 sib 0.000 unr 5.516 unrb 5.672 d_unr 108.17 d_oth 187.23
step 31400  loss 105.8320  train_top1 0.000  lr 8.56e-05  (4.2 it/s)
    qrl push 6.563 sq_dev 2.3997 lam 55.971 d_step 0.093 d_rand 140.386 var 0.000 sib 0.000 unr 5.295 unrb 6.608 d_unr 110.61 d_oth 211.58
step 31500  loss 105.2299  train_top1 0.000  lr 8.55e-05  (1.6 it/s)
    qrl push 9.639 sq_dev 0.0000 lam 56.176 d_step 0.003 d_rand 127.497 var 0.000 sib 0.000 unr 6.066 unrb 5.084 d_unr 122.53 d_oth 155.57
step 31600  loss 138.4340  train_top1 0.000  lr 8.55e-05  (1.7 it/s)
    qrl push 12.087 sq_dev 0.7462 lam 56.339 d_step 0.067 d_rand 105.362 var 0.000 sib 0.000 unr 8.576 unrb 6.549 d_unr 100.97 d_oth 122.84
step 31700  loss 118.5138  train_top1 0.000  lr 8.54e-05  (2.0 it/s)
    qrl push 9.550 sq_dev 0.0082 lam 56.422 d_step 0.015 d_rand 123.256 var 0.000 sib 0.000 unr 6.929 unrb 5.121 d_unr 109.24 d_oth 171.09
step 31800  loss 108.6598  train_top1 0.000  lr 8.53e-05  (2.0 it/s)
    qrl push 9.712 sq_dev 0.3434 lam 56.562 d_step 0.036 d_rand 119.091 var 0.000 sib 0.000 unr 7.324 unrb 5.443 d_unr 101.48 d_oth 167.28
step 31900  loss 105.4213  train_top1 0.000  lr 8.52e-05  (2.0 it/s)
    qrl push 8.059 sq_dev 0.0000 lam 56.632 d_step 0.001 d_rand 153.251 var 0.000 sib 0.000 unr 5.472 unrb 4.384 d_unr 144.41 d_oth 185.17
step 32000  loss 129.6441  train_top1 0.000  lr 8.51e-05  (1.9 it/s)
  VAL step 32000  loss 560.2103  top1 0.000  top8 0.006
    qrl push 10.952 sq_dev 0.0431 lam 56.755 d_step 0.027 d_rand 122.908 var 0.000 sib 0.000 unr 8.469 unrb 7.046 d_unr 115.93 d_oth 143.84
step 32100  loss 126.5149  train_top1 0.000  lr 8.50e-05  (1.5 it/s)
    qrl push 9.090 sq_dev 0.0058 lam 56.917 d_step 0.006 d_rand 121.827 var 0.000 sib 0.000 unr 6.411 unrb 6.354 d_unr 109.76 d_oth 169.18
step 32200  loss 107.9937  train_top1 0.000  lr 8.49e-05  (1.8 it/s)
    qrl push 7.621 sq_dev 1.8081 lam 57.057 d_step 0.108 d_rand 130.713 var 0.000 sib 0.000 unr 5.674 unrb 6.232 d_unr 115.47 d_oth 179.98
step 32300  loss 102.5720  train_top1 0.000  lr 8.48e-05  (2.2 it/s)
    qrl push 7.897 sq_dev 0.1307 lam 57.168 d_step 0.031 d_rand 137.071 var 0.000 sib 0.000 unr 5.720 unrb 4.828 d_unr 124.95 d_oth 189.51
step 32400  loss 101.8330  train_top1 0.000  lr 8.48e-05  (1.9 it/s)
    qrl push 9.717 sq_dev 0.0124 lam 57.444 d_step 0.013 d_rand 126.247 var 0.000 sib 0.000 unr 6.643 unrb 5.668 d_unr 124.15 d_oth 134.01
step 32500  loss 147.4776  train_top1 0.000  lr 8.47e-05  (1.4 it/s)
    qrl push 10.843 sq_dev 2.1014 lam 57.584 d_step 0.227 d_rand 115.493 var 0.000 sib 0.000 unr 7.744 unrb 6.045 d_unr 110.28 d_oth 138.65
step 32600  loss 213.6683  train_top1 0.000  lr 8.46e-05  (1.4 it/s)
    qrl push 11.417 sq_dev 0.1605 lam 57.877 d_step 0.078 d_rand 86.247 var 0.000 sib 0.000 unr 8.147 unrb 7.017 d_unr 70.82 d_oth 159.58
step 32700  loss 98.8396  train_top1 0.000  lr 8.45e-05  (1.4 it/s)
    qrl push 10.212 sq_dev 0.1217 lam 57.915 d_step 0.056 d_rand 108.694 var 0.000 sib 0.000 unr 7.582 unrb 6.055 d_unr 93.42 d_oth 156.10
step 32800  loss 100.8953  train_top1 0.000  lr 8.44e-05  (1.6 it/s)
    qrl push 8.677 sq_dev 0.0192 lam 57.973 d_step 0.029 d_rand 118.569 var 0.000 sib 0.000 unr 5.810 unrb 4.943 d_unr 100.65 d_oth 174.04
step 32900  loss 97.8442  train_top1 0.000  lr 8.43e-05  (1.7 it/s)
    qrl push 8.331 sq_dev 0.0011 lam 58.043 d_step 0.007 d_rand 109.501 var 0.000 sib 0.000 unr 6.297 unrb 5.142 d_unr 86.01 d_oth 177.81
step 33000  loss 93.2860  train_top1 0.000  lr 8.42e-05  (1.8 it/s)
    qrl push 8.028 sq_dev 0.0000 lam 58.087 d_step 0.000 d_rand 123.462 var 0.000 sib 0.000 unr 5.545 unrb 5.416 d_unr 113.90 d_oth 169.52
step 33100  loss 116.0300  train_top1 0.000  lr 8.41e-05  (1.7 it/s)
    qrl push 10.053 sq_dev 0.0307 lam 58.165 d_step 0.026 d_rand 113.908 var 0.000 sib 0.000 unr 7.539 unrb 6.094 d_unr 95.18 d_oth 190.11
step 33200  loss 108.2347  train_top1 0.000  lr 8.40e-05  (2.3 it/s)
    qrl push 7.217 sq_dev 0.0000 lam 58.227 d_step 0.000 d_rand 128.337 var 0.000 sib 0.000 unr 5.075 unrb 5.142 d_unr 104.27 d_oth 192.91
step 33300  loss 136.6991  train_top1 0.000  lr 8.40e-05  (2.3 it/s)
    qrl push 10.630 sq_dev 0.0212 lam 58.418 d_step 0.028 d_rand 106.954 var 0.000 sib 0.000 unr 8.392 unrb 7.717 d_unr 93.87 d_oth 153.69
step 33400  loss 104.0957  train_top1 0.000  lr 8.39e-05  (2.2 it/s)
    qrl push 8.881 sq_dev 0.0288 lam 58.502 d_step 0.018 d_rand 117.586 var 0.000 sib 0.000 unr 6.927 unrb 7.377 d_unr 98.48 d_oth 170.40
step 33500  loss 117.1300  train_top1 0.000  lr 8.38e-05  (2.2 it/s)
    qrl push 10.051 sq_dev 0.1298 lam 58.533 d_step 0.022 d_rand 120.110 var 0.000 sib 0.000 unr 7.320 unrb 5.972 d_unr 101.30 d_oth 194.79
step 33600  loss 144.8053  train_top1 0.000  lr 8.37e-05  (2.2 it/s)
    qrl push 10.882 sq_dev 0.0000 lam 58.677 d_step 0.000 d_rand 107.539 var 0.000 sib 0.000 unr 8.515 unrb 6.353 d_unr 89.62 d_oth 166.08
step 33700  loss 151.3910  train_top1 0.000  lr 8.36e-05  (2.0 it/s)
    qrl push 9.523 sq_dev 0.0000 lam 58.764 d_step 0.000 d_rand 113.905 var 0.000 sib 0.000 unr 7.492 unrb 7.774 d_unr 93.76 d_oth 191.05
step 33800  loss 93.8304  train_top1 0.000  lr 8.35e-05  (2.1 it/s)
    qrl push 9.621 sq_dev 0.0005 lam 58.826 d_step 0.006 d_rand 127.321 var 0.000 sib 0.000 unr 6.354 unrb 5.819 d_unr 123.90 d_oth 144.01
step 33900  loss 118.4577  train_top1 0.000  lr 8.34e-05  (2.3 it/s)
    qrl push 10.298 sq_dev 0.0000 lam 59.081 d_step 0.000 d_rand 103.304 var 0.000 sib 0.000 unr 7.116 unrb 6.480 d_unr 94.87 d_oth 143.30
step 34000  loss 139.1650  train_top1 0.000  lr 8.33e-05  (2.1 it/s)
  VAL step 34000  loss 655.5947  top1 0.000  top8 0.013
    qrl push 8.340 sq_dev 0.0165 lam 59.201 d_step 0.016 d_rand 119.986 var 0.000 sib 0.000 unr 6.714 unrb 5.689 d_unr 98.46 d_oth 183.23
step 34100  loss 107.6256  train_top1 0.000  lr 8.32e-05  (1.7 it/s)
    qrl push 10.280 sq_dev 0.2267 lam 59.243 d_step 0.027 d_rand 138.827 var 0.000 sib 0.000 unr 7.194 unrb 6.865 d_unr 133.17 d_oth 167.06
step 34200  loss 86.5200  train_top1 0.000  lr 8.31e-05  (1.8 it/s)
    qrl push 9.957 sq_dev 0.0318 lam 59.464 d_step 0.028 d_rand 100.661 var 0.000 sib 0.000 unr 7.090 unrb 5.763 d_unr 89.52 d_oth 148.94
step 34300  loss 111.6765  train_top1 0.000  lr 8.30e-05  (2.0 it/s)
    qrl push 9.183 sq_dev 0.0501 lam 59.725 d_step 0.016 d_rand 87.919 var 0.000 sib 0.000 unr 6.082 unrb 6.459 d_unr 73.78 d_oth 146.90
step 34400  loss 93.9211  train_top1 0.000  lr 8.30e-05  (2.0 it/s)
    qrl push 11.618 sq_dev 0.0037 lam 59.809 d_step 0.005 d_rand 91.237 var 0.000 sib 0.000 unr 8.463 unrb 6.170 d_unr 79.89 d_oth 136.83
step 34500  loss 113.2424  train_top1 0.000  lr 8.29e-05  (2.2 it/s)
    qrl push 7.801 sq_dev 0.0197 lam 59.889 d_step 0.021 d_rand 115.578 var 0.000 sib 0.000 unr 5.153 unrb 5.104 d_unr 109.51 d_oth 138.55
step 34600  loss 121.5865  train_top1 0.000  lr 8.28e-05  (2.2 it/s)
    qrl push 10.105 sq_dev 0.0154 lam 59.924 d_step 0.007 d_rand 111.818 var 0.000 sib 0.000 unr 6.847 unrb 5.989 d_unr 103.08 d_oth 144.90
step 34700  loss 125.2268  train_top1 0.000  lr 8.27e-05  (1.9 it/s)
    qrl push 11.085 sq_dev 0.0367 lam 60.087 d_step 0.014 d_rand 96.559 var 0.000 sib 0.000 unr 8.304 unrb 6.748 d_unr 87.96 d_oth 122.89
step 34800  loss 106.9130  train_top1 0.000  lr 8.26e-05  (1.6 it/s)
    qrl push 7.676 sq_dev 0.2720 lam 60.137 d_step 0.026 d_rand 122.519 var 0.000 sib 0.000 unr 5.398 unrb 5.491 d_unr 109.30 d_oth 195.32
step 34900  loss 114.9448  train_top1 0.000  lr 8.25e-05  (2.2 it/s)
    qrl push 8.618 sq_dev 0.0003 lam 60.180 d_step 0.003 d_rand 118.627 var 0.000 sib 0.000 unr 6.521 unrb 4.922 d_unr 102.20 d_oth 180.06
step 35000  loss 109.0436  train_top1 0.000  lr 8.24e-05  (2.0 it/s)
  ladder checkpoint -> field_scratch_full_v4_step35000.pt
    qrl push 7.932 sq_dev 0.0794 lam 60.254 d_step 0.027 d_rand 121.070 var 0.000 sib 0.000 unr 5.808 unrb 4.808 d_unr 103.10 d_oth 172.82
step 35100  loss 105.8626  train_top1 0.000  lr 8.23e-05  (2.2 it/s)
    qrl push 8.202 sq_dev 0.5084 lam 60.331 d_step 0.082 d_rand 117.373 var 0.000 sib 0.000 unr 6.470 unrb 9.048 d_unr 98.21 d_oth 176.08
step 35200  loss 127.8985  train_top1 0.000  lr 8.22e-05  (2.1 it/s)
    qrl push 10.087 sq_dev 0.0153 lam 60.544 d_step 0.008 d_rand 122.038 var 0.000 sib 0.000 unr 8.205 unrb 5.483 d_unr 103.53 d_oth 171.69
step 35300  loss 284.7476  train_top1 0.000  lr 8.21e-05  (1.9 it/s)
    qrl push 6.168 sq_dev 0.1242 lam 60.577 d_step 0.058 d_rand 137.400 var 0.000 sib 0.000 unr 4.024 unrb 5.607 d_unr 129.94 d_oth 168.89
step 35400  loss 102.5231  train_top1 0.000  lr 8.20e-05  (2.2 it/s)
    qrl push 7.846 sq_dev 0.1202 lam 60.662 d_step 0.021 d_rand 137.085 var 0.000 sib 0.000 unr 5.934 unrb 5.422 d_unr 121.36 d_oth 176.74
step 35500  loss 157.6305  train_top1 0.000  lr 8.19e-05  (1.6 it/s)
    qrl push 10.181 sq_dev 0.0000 lam 60.790 d_step 0.000 d_rand 105.591 var 0.000 sib 0.000 unr 7.568 unrb 7.948 d_unr 88.77 d_oth 153.05
step 35600  loss 116.0953  train_top1 0.000  lr 8.18e-05  (1.9 it/s)
    qrl push 7.629 sq_dev 0.0008 lam 60.822 d_step 0.008 d_rand 162.869 var 0.000 sib 0.000 unr 5.114 unrb 5.162 d_unr 161.34 d_oth 171.52
step 35700  loss 98.8977  train_top1 0.000  lr 8.17e-05  (2.0 it/s)
    qrl push 7.977 sq_dev 0.1024 lam 60.854 d_step 0.045 d_rand 142.161 var 0.000 sib 0.000 unr 5.446 unrb 4.871 d_unr 130.52 d_oth 187.27
step 35800  loss 125.8988  train_top1 0.000  lr 8.16e-05  (1.9 it/s)
    qrl push 12.053 sq_dev 0.0000 lam 60.971 d_step 0.000 d_rand 120.951 var 0.000 sib 0.000 unr 9.877 unrb 6.777 d_unr 92.00 d_oth 201.79
step 35900  loss 126.0253  train_top1 0.000  lr 8.15e-05  (1.9 it/s)
    qrl push 8.887 sq_dev 0.1273 lam 61.086 d_step 0.041 d_rand 128.399 var 0.000 sib 0.000 unr 6.721 unrb 6.514 d_unr 109.73 d_oth 198.22
step 36000  loss 130.7036  train_top1 0.000  lr 8.15e-05  (2.2 it/s)
  VAL step 36000  loss 630.7596  top1 0.000  top8 0.003
    qrl push 13.538 sq_dev 0.0120 lam 61.170 d_step 0.015 d_rand 97.807 var 0.000 sib 0.000 unr 10.358 unrb 8.597 d_unr 80.42 d_oth 165.20
step 36100  loss 110.9498  train_top1 0.000  lr 8.14e-05  (1.7 it/s)
    qrl push 8.655 sq_dev 0.0001 lam 61.280 d_step 0.003 d_rand 135.285 var 0.000 sib 0.000 unr 6.396 unrb 5.526 d_unr 116.90 d_oth 208.30
step 36200  loss 98.6005  train_top1 0.000  lr 8.13e-05  (1.6 it/s)
    qrl push 7.940 sq_dev 0.0477 lam 61.323 d_step 0.012 d_rand 139.279 var 0.000 sib 0.000 unr 5.511 unrb 4.354 d_unr 123.62 d_oth 201.45
step 36300  loss 81.5511  train_top1 0.000  lr 8.12e-05  (1.8 it/s)
    qrl push 6.626 sq_dev 0.0000 lam 61.459 d_step 0.002 d_rand 140.307 var 0.000 sib 0.000 unr 4.816 unrb 5.741 d_unr 116.77 d_oth 233.77
step 36400  loss 109.5947  train_top1 0.000  lr 8.11e-05  (1.6 it/s)
    qrl push 7.239 sq_dev 0.0559 lam 61.654 d_step 0.035 d_rand 125.785 var 0.000 sib 0.000 unr 4.678 unrb 4.539 d_unr 117.86 d_oth 167.32
step 36500  loss 119.4444  train_top1 0.000  lr 8.10e-05  (1.8 it/s)
    qrl push 9.503 sq_dev 0.0131 lam 61.716 d_step 0.007 d_rand 129.749 var 0.000 sib 0.000 unr 7.210 unrb 6.075 d_unr 116.21 d_oth 179.22
step 36600  loss 94.2292  train_top1 0.000  lr 8.09e-05  (2.1 it/s)
    qrl push 8.929 sq_dev 0.0001 lam 61.775 d_step 0.002 d_rand 127.395 var 0.000 sib 0.000 unr 6.875 unrb 6.107 d_unr 98.00 d_oth 220.36
step 36700  loss 105.9304  train_top1 0.000  lr 8.08e-05  (2.1 it/s)
    qrl push 9.611 sq_dev 0.0081 lam 61.846 d_step 0.006 d_rand 123.626 var 0.000 sib 0.000 unr 7.540 unrb 5.700 d_unr 102.62 d_oth 207.04
step 36800  loss 127.6641  train_top1 0.000  lr 8.07e-05  (2.1 it/s)
    qrl push 8.824 sq_dev 0.0000 lam 61.910 d_step 0.002 d_rand 136.495 var 0.000 sib 0.000 unr 6.854 unrb 5.604 d_unr 116.58 d_oth 206.09
step 36900  loss 123.2759  train_top1 0.000  lr 8.06e-05  (2.0 it/s)
    qrl push 8.723 sq_dev 0.0000 lam 62.105 d_step 0.000 d_rand 124.751 var 0.000 sib 0.000 unr 7.143 unrb 8.417 d_unr 103.39 d_oth 178.30
step 37000  loss 117.7738  train_top1 0.000  lr 8.05e-05  (2.0 it/s)
    qrl push 8.517 sq_dev 0.5498 lam 62.158 d_step 0.035 d_rand 126.465 var 0.000 sib 0.000 unr 6.490 unrb 6.720 d_unr 105.13 d_oth 192.50
step 37100  loss 111.2101  train_top1 0.000  lr 8.04e-05  (1.6 it/s)
    qrl push 8.751 sq_dev 0.3367 lam 62.284 d_step 0.058 d_rand 133.303 var 0.000 sib 0.000 unr 6.546 unrb 5.292 d_unr 107.68 d_oth 205.58
step 37200  loss 91.1648  train_top1 0.000  lr 8.03e-05  (2.0 it/s)
    qrl push 7.576 sq_dev 0.0000 lam 62.374 d_step 0.000 d_rand 133.547 var 0.000 sib 0.000 unr 5.654 unrb 4.958 d_unr 111.73 d_oth 206.39
step 37300  loss 103.1535  train_top1 0.000  lr 8.02e-05  (1.7 it/s)
    qrl push 10.017 sq_dev 0.0048 lam 62.515 d_step 0.008 d_rand 133.852 var 0.000 sib 0.000 unr 7.650 unrb 6.072 d_unr 114.48 d_oth 227.19
step 37400  loss 141.8701  train_top1 0.000  lr 8.01e-05  (2.1 it/s)
    qrl push 10.269 sq_dev 0.0000 lam 62.764 d_step 0.001 d_rand 116.947 var 0.000 sib 0.000 unr 8.276 unrb 6.417 d_unr 100.01 d_oth 167.76
step 37500  loss 110.5550  train_top1 0.000  lr 8.00e-05  (1.7 it/s)
    qrl push 8.792 sq_dev 0.1583 lam 62.895 d_step 0.052 d_rand 119.133 var 0.000 sib 0.000 unr 6.623 unrb 6.854 d_unr 98.57 d_oth 182.12
step 37600  loss 98.1295  train_top1 0.000  lr 7.99e-05  (2.0 it/s)
    qrl push 8.495 sq_dev 0.0044 lam 62.945 d_step 0.011 d_rand 135.539 var 0.000 sib 0.000 unr 6.621 unrb 5.819 d_unr 107.18 d_oth 215.93
step 37700  loss 82.2190  train_top1 0.000  lr 7.98e-05  (1.9 it/s)
    qrl push 9.249 sq_dev 0.2784 lam 63.012 d_step 0.046 d_rand 170.898 var 0.000 sib 0.000 unr 6.266 unrb 4.823 d_unr 165.61 d_oth 193.51
step 37800  loss 133.4694  train_top1 0.000  lr 7.97e-05  (2.2 it/s)
    qrl push 11.318 sq_dev 0.0000 lam 63.268 d_step 0.000 d_rand 123.217 var 0.000 sib 0.000 unr 8.582 unrb 6.414 d_unr 109.98 d_oth 166.00
step 37900  loss 3841.3835  train_top1 0.000  lr 7.96e-05  (2.0 it/s)
    qrl push 9.760 sq_dev 0.0697 lam 63.361 d_step 0.030 d_rand 135.281 var 0.000 sib 0.000 unr 7.301 unrb 6.466 d_unr 123.18 d_oth 177.51
step 38000  loss 136.4671  train_top1 0.000  lr 7.95e-05  (1.9 it/s)
  VAL step 38000  loss 576.2188  top1 0.000  top8 0.011
    qrl push 11.927 sq_dev 0.0000 lam 63.632 d_step 0.000 d_rand 104.247 var 0.000 sib 0.000 unr 9.062 unrb 6.593 d_unr 83.81 d_oth 178.92
step 38100  loss 102.0019  train_top1 0.000  lr 7.94e-05  (1.5 it/s)
    qrl push 9.540 sq_dev 0.2674 lam 63.662 d_step 0.033 d_rand 120.177 var 0.000 sib 0.000 unr 7.398 unrb 5.614 d_unr 100.07 d_oth 190.38
step 38200  loss 103.5171  train_top1 0.000  lr 7.93e-05  (1.7 it/s)
    qrl push 8.810 sq_dev 0.3064 lam 63.704 d_step 0.036 d_rand 139.781 var 0.000 sib 0.000 unr 6.312 unrb 5.616 d_unr 132.52 d_oth 180.30
step 38300  loss 96.6434  train_top1 0.000  lr 7.92e-05  (1.7 it/s)
    qrl push 10.292 sq_dev 0.0000 lam 63.747 d_step 0.000 d_rand 136.470 var 0.000 sib 0.000 unr 7.968 unrb 5.665 d_unr 118.24 d_oth 197.35
step 38400  loss 143.1938  train_top1 0.000  lr 7.91e-05  (1.7 it/s)
    qrl push 12.517 sq_dev 0.0000 lam 63.809 d_step 0.000 d_rand 98.571 var 0.000 sib 0.000 unr 9.609 unrb 9.193 d_unr 86.05 d_oth 145.40
step 38500  loss 110.8047  train_top1 0.000  lr 7.90e-05  (1.8 it/s)
    qrl push 7.633 sq_dev 0.0000 lam 63.831 d_step 0.000 d_rand 142.479 var 0.000 sib 0.000 unr 6.122 unrb 6.724 d_unr 118.47 d_oth 200.76
step 38600  loss 98.8707  train_top1 0.000  lr 7.89e-05  (1.6 it/s)
    qrl push 8.196 sq_dev 0.1196 lam 63.878 d_step 0.019 d_rand 129.552 var 0.000 sib 0.000 unr 6.728 unrb 6.720 d_unr 104.50 d_oth 209.63
step 38700  loss 144.8877  train_top1 0.000  lr 7.88e-05  (1.7 it/s)
    qrl push 6.793 sq_dev 0.1165 lam 63.903 d_step 0.050 d_rand 152.267 var 0.000 sib 0.000 unr 4.940 unrb 4.258 d_unr 126.66 d_oth 239.70
step 38800  loss 102.4144  train_top1 0.000  lr 7.87e-05  (1.6 it/s)
    qrl push 7.553 sq_dev 0.1966 lam 63.960 d_step 0.028 d_rand 144.598 var 0.000 sib 0.000 unr 5.482 unrb 5.585 d_unr 123.48 d_oth 218.33
step 38900  loss 108.8778  train_top1 0.000  lr 7.86e-05  (1.6 it/s)
    qrl push 8.684 sq_dev 0.0000 lam 64.097 d_step 0.000 d_rand 130.697 var 0.000 sib 0.000 unr 6.652 unrb 5.230 d_unr 112.79 d_oth 186.72
step 39000  loss 91.3206  train_top1 0.000  lr 7.85e-05  (1.9 it/s)
    qrl push 9.663 sq_dev 0.0143 lam 64.233 d_step 0.020 d_rand 121.336 var 0.000 sib 0.000 unr 6.627 unrb 5.435 d_unr 112.44 d_oth 173.97
step 39100  loss 101.7797  train_top1 0.000  lr 7.84e-05  (1.7 it/s)
    qrl push 9.511 sq_dev 1.2486 lam 64.265 d_step 0.064 d_rand 130.466 var 0.000 sib 0.000 unr 7.429 unrb 5.670 d_unr 102.89 d_oth 219.57
step 39200  loss 271.2537  train_top1 0.000  lr 7.83e-05  (1.6 it/s)
    qrl push 19.585 sq_dev 0.0000 lam 64.712 d_step 0.000 d_rand 48.170 var 0.000 sib 0.000 unr 16.031 unrb 16.071 d_unr 36.03 d_oth 95.78
step 39300  loss 201.2911  train_top1 0.000  lr 7.82e-05  (1.9 it/s)
    qrl push 12.635 sq_dev 0.0144 lam 64.759 d_step 0.008 d_rand 89.931 var 0.000 sib 0.000 unr 10.011 unrb 10.422 d_unr 74.01 d_oth 141.39
step 39400  loss 146.2291  train_top1 0.000  lr 7.81e-05  (1.7 it/s)
    qrl push 12.313 sq_dev 0.7333 lam 64.761 d_step 0.048 d_rand 107.251 var 0.000 sib 0.000 unr 9.610 unrb 8.376 d_unr 91.97 d_oth 169.43
step 39500  loss 112.3173  train_top1 0.000  lr 7.80e-05  (1.7 it/s)
    qrl push 9.803 sq_dev 0.0244 lam 64.785 d_step 0.009 d_rand 122.698 var 0.000 sib 0.000 unr 7.439 unrb 6.980 d_unr 105.42 d_oth 212.01
step 39600  loss 113.1328  train_top1 0.000  lr 7.79e-05  (2.4 it/s)
    qrl push 7.497 sq_dev 0.4496 lam 64.797 d_step 0.068 d_rand 136.688 var 0.000 sib 0.000 unr 5.627 unrb 5.931 d_unr 115.81 d_oth 210.41
step 39700  loss 98.2238  train_top1 0.000  lr 7.78e-05  (2.2 it/s)
    qrl push 8.699 sq_dev 0.0103 lam 64.871 d_step 0.010 d_rand 123.547 var 0.000 sib 0.000 unr 6.557 unrb 6.045 d_unr 102.86 d_oth 216.99
step 39800  loss 83.8406  train_top1 0.000  lr 7.77e-05  (2.3 it/s)
    qrl push 7.484 sq_dev 0.0412 lam 64.934 d_step 0.017 d_rand 149.027 var 0.000 sib 0.000 unr 6.076 unrb 5.011 d_unr 115.60 d_oth 224.60
step 39900  loss 96.9866  train_top1 0.000  lr 7.76e-05  (1.9 it/s)
    qrl push 6.209 sq_dev 0.4238 lam 64.957 d_step 0.104 d_rand 152.884 var 0.000 sib 0.000 unr 4.845 unrb 4.238 d_unr 124.53 d_oth 219.42
step 40000  loss 90.7208  train_top1 0.000  lr 7.75e-05  (1.9 it/s)
  VAL step 40000  loss 797.2794  top1 0.001  top8 0.014
  ladder checkpoint -> field_scratch_full_v4_step40000.pt
    qrl push 8.231 sq_dev 0.0000 lam 65.000 d_step 0.000 d_rand 132.895 var 0.000 sib 0.000 unr 5.771 unrb 4.865 d_unr 111.29 d_oth 246.37
step 40100  loss 126.9399  train_top1 0.000  lr 7.74e-05  (1.4 it/s)
    qrl push 8.807 sq_dev 0.0000 lam 65.239 d_step 0.000 d_rand 129.155 var 0.000 sib 0.000 unr 6.716 unrb 6.143 d_unr 113.91 d_oth 174.89
step 40200  loss 102.0439  train_top1 0.000  lr 7.73e-05  (1.7 it/s)
    qrl push 6.431 sq_dev 0.0651 lam 65.286 d_step 0.025 d_rand 138.422 var 0.000 sib 0.000 unr 4.820 unrb 4.006 d_unr 114.15 d_oth 208.31
step 40300  loss 148.3530  train_top1 0.000  lr 7.72e-05  (2.0 it/s)
    qrl push 6.045 sq_dev 0.0391 lam 65.327 d_step 0.014 d_rand 150.565 var 0.000 sib 0.000 unr 4.510 unrb 5.190 d_unr 131.38 d_oth 212.54
step 40400  loss 82.9331  train_top1 0.000  lr 7.71e-05  (1.9 it/s)
    qrl push 8.241 sq_dev 0.0000 lam 65.374 d_step 0.002 d_rand 127.897 var 0.000 sib 0.000 unr 6.177 unrb 4.873 d_unr 108.07 d_oth 186.15
step 40500  loss 129.8799  train_top1 0.000  lr 7.70e-05  (1.7 it/s)
    qrl push 9.475 sq_dev 0.0000 lam 65.669 d_step 0.001 d_rand 111.644 var 0.000 sib 0.000 unr 7.215 unrb 6.857 d_unr 84.93 d_oth 182.59
step 40600  loss 106.2900  train_top1 0.000  lr 7.69e-05  (2.4 it/s)
    qrl push 7.750 sq_dev 0.0066 lam 65.676 d_step 0.013 d_rand 124.465 var 0.000 sib 0.000 unr 6.051 unrb 4.461 d_unr 103.04 d_oth 174.67
step 40700  loss 158.9966  train_top1 0.000  lr 7.68e-05  (2.9 it/s)
    qrl push 8.050 sq_dev 0.0137 lam 65.764 d_step 0.010 d_rand 120.889 var 0.000 sib 0.000 unr 5.905 unrb 4.549 d_unr 104.59 d_oth 169.29
step 40800  loss 105.0101  train_top1 0.000  lr 7.67e-05  (2.3 it/s)
    qrl push 9.122 sq_dev 0.2290 lam 65.848 d_step 0.054 d_rand 113.113 var 0.000 sib 0.000 unr 6.572 unrb 5.050 d_unr 102.63 d_oth 145.91
step 40900  loss 85.1591  train_top1 0.000  lr 7.66e-05  (2.0 it/s)
    qrl push 9.316 sq_dev 0.0011 lam 65.877 d_step 0.006 d_rand 126.688 var 0.000 sib 0.000 unr 6.413 unrb 4.393 d_unr 114.00 d_oth 171.00
step 41000  loss 91.5213  train_top1 0.000  lr 7.65e-05  (2.9 it/s)
    qrl push 9.332 sq_dev 0.0532 lam 65.911 d_step 0.029 d_rand 112.045 var 0.000 sib 0.000 unr 6.743 unrb 5.678 d_unr 92.07 d_oth 180.82
step 41100  loss 70.9152  train_top1 0.000  lr 7.64e-05  (2.0 it/s)
    qrl push 7.534 sq_dev 0.1939 lam 65.954 d_step 0.038 d_rand 135.875 var 0.000 sib 0.000 unr 5.649 unrb 5.455 d_unr 111.82 d_oth 207.08
step 41200  loss 115.6302  train_top1 0.000  lr 7.63e-05  (1.8 it/s)
    qrl push 9.694 sq_dev 0.0000 lam 66.026 d_step 0.000 d_rand 121.869 var 0.000 sib 0.000 unr 7.405 unrb 5.378 d_unr 108.68 d_oth 159.44
step 41300  loss 96.5758  train_top1 0.000  lr 7.62e-05  (2.2 it/s)
    qrl push 9.233 sq_dev 0.1855 lam 66.087 d_step 0.036 d_rand 131.242 var 0.000 sib 0.000 unr 6.813 unrb 5.451 d_unr 117.44 d_oth 191.63
step 41400  loss 79.9544  train_top1 0.000  lr 7.61e-05  (2.1 it/s)
    qrl push 7.912 sq_dev 0.0015 lam 66.128 d_step 0.016 d_rand 142.587 var 0.000 sib 0.000 unr 4.944 unrb 3.188 d_unr 136.32 d_oth 175.46
step 41500  loss 86.8348  train_top1 0.000  lr 7.60e-05  (2.0 it/s)
    qrl push 9.308 sq_dev 0.0074 lam 66.244 d_step 0.012 d_rand 131.601 var 0.000 sib 0.000 unr 6.192 unrb 5.203 d_unr 127.11 d_oth 147.09
step 41600  loss 111.2514  train_top1 0.000  lr 7.58e-05  (2.2 it/s)
    qrl push 6.866 sq_dev 0.1678 lam 66.272 d_step 0.060 d_rand 141.952 var 0.000 sib 0.000 unr 5.391 unrb 4.741 d_unr 114.12 d_oth 206.47
step 41700  loss 87.2354  train_top1 0.000  lr 7.57e-05  (2.3 it/s)
    qrl push 7.355 sq_dev 0.2151 lam 66.298 d_step 0.030 d_rand 137.877 var 0.000 sib 0.000 unr 5.315 unrb 4.819 d_unr 117.19 d_oth 204.72
step 41800  loss 108.3169  train_top1 0.000  lr 7.56e-05  (2.0 it/s)
    qrl push 8.987 sq_dev 0.0518 lam 66.453 d_step 0.029 d_rand 129.492 var 0.000 sib 0.000 unr 6.500 unrb 5.921 d_unr 115.21 d_oth 193.02
step 41900  loss 124.7881  train_top1 0.000  lr 7.55e-05  (1.9 it/s)
    qrl push 9.153 sq_dev 0.0028 lam 66.576 d_step 0.014 d_rand 124.577 var 0.000 sib 0.000 unr 6.630 unrb 4.628 d_unr 105.78 d_oth 183.92
step 42000  loss 102.4402  train_top1 0.000  lr 7.54e-05  (2.0 it/s)
  VAL step 42000  loss 815.4493  top1 0.001  top8 0.015
    qrl push 6.293 sq_dev 0.2918 lam 66.594 d_step 0.098 d_rand 143.578 var 0.000 sib 0.000 unr 4.628 unrb 5.544 d_unr 125.75 d_oth 198.77
step 42100  loss 103.8666  train_top1 0.000  lr 7.53e-05  (1.6 it/s)
    qrl push 7.576 sq_dev 0.5966 lam 66.672 d_step 0.156 d_rand 127.295 var 0.000 sib 0.000 unr 5.475 unrb 5.484 d_unr 113.93 d_oth 175.03
step 42200  loss 135.9540  train_top1 0.000  lr 7.52e-05  (1.9 it/s)
    qrl push 6.977 sq_dev 0.0000 lam 66.730 d_step 0.002 d_rand 131.903 var 0.000 sib 0.000 unr 5.163 unrb 6.570 d_unr 105.39 d_oth 200.32
step 42300  loss 104.2729  train_top1 0.000  lr 7.51e-05  (2.2 it/s)
    qrl push 8.156 sq_dev 0.0035 lam 66.807 d_step 0.006 d_rand 167.106 var 0.000 sib 0.000 unr 5.519 unrb 4.452 d_unr 156.01 d_oth 224.61
step 42400  loss 95.0763  train_top1 0.000  lr 7.50e-05  (2.0 it/s)
    qrl push 8.478 sq_dev 0.1229 lam 66.877 d_step 0.031 d_rand 132.423 var 0.000 sib 0.000 unr 6.429 unrb 5.391 d_unr 118.31 d_oth 172.22
step 42500  loss 159.8554  train_top1 0.000  lr 7.49e-05  (1.8 it/s)
    qrl push 10.464 sq_dev 0.0000 lam 67.026 d_step 0.000 d_rand 122.434 var 0.000 sib 0.000 unr 7.929 unrb 6.514 d_unr 104.66 d_oth 196.32
step 42600  loss 75.4593  train_top1 0.000  lr 7.48e-05  (1.9 it/s)
    qrl push 7.685 sq_dev 1.0505 lam 67.075 d_step 0.064 d_rand 132.343 var 0.000 sib 0.000 unr 5.642 unrb 4.860 d_unr 108.13 d_oth 206.52
step 42700  loss 90.2341  train_top1 0.000  lr 7.47e-05  (1.8 it/s)
    qrl push 9.744 sq_dev 0.0017 lam 67.121 d_step 0.004 d_rand 130.652 var 0.000 sib 0.000 unr 6.634 unrb 4.997 d_unr 119.69 d_oth 199.90
step 42800  loss 151.4749  train_top1 0.000  lr 7.46e-05  (1.9 it/s)
    qrl push 9.198 sq_dev 0.0015 lam 67.227 d_step 0.005 d_rand 127.122 var 0.000 sib 0.000 unr 7.133 unrb 6.880 d_unr 105.64 d_oth 192.92
step 42900  loss 107.0640  train_top1 0.000  lr 7.45e-05  (1.8 it/s)
    qrl push 6.810 sq_dev 0.0000 lam 67.257 d_step 0.000 d_rand 165.011 var 0.000 sib 0.000 unr 6.031 unrb 6.004 d_unr 127.57 d_oth 247.81
step 43000  loss 97.7492  train_top1 0.000  lr 7.44e-05  (2.0 it/s)
    qrl push 7.331 sq_dev 0.0000 lam 67.354 d_step 0.001 d_rand 149.002 var 0.000 sib 0.000 unr 5.580 unrb 4.907 d_unr 129.78 d_oth 228.21
step 43100  loss 92.1371  train_top1 0.000  lr 7.43e-05  (1.9 it/s)
    qrl push 10.479 sq_dev 0.0882 lam 67.563 d_step 0.015 d_rand 126.053 var 0.000 sib 0.000 unr 7.971 unrb 6.308 d_unr 102.34 d_oth 207.92
step 43200  loss 140.2338  train_top1 0.000  lr 7.42e-05  (1.7 it/s)
    qrl push 10.934 sq_dev 0.0000 lam 67.769 d_step 0.000 d_rand 108.440 var 0.000 sib 0.000 unr 8.864 unrb 8.781 d_unr 88.84 d_oth 169.78
step 43300  loss 92.5076  train_top1 0.000  lr 7.41e-05  (1.7 it/s)
    qrl push 6.294 sq_dev 0.0160 lam 67.794 d_step 0.020 d_rand 147.435 var 0.000 sib 0.000 unr 4.778 unrb 5.325 d_unr 129.21 d_oth 195.38
step 43400  loss 88.6272  train_top1 0.000  lr 7.39e-05  (1.6 it/s)
    qrl push 9.162 sq_dev 0.0000 lam 67.845 d_step 0.000 d_rand 133.288 var 0.000 sib 0.000 unr 7.158 unrb 4.787 d_unr 113.79 d_oth 198.40
step 43500  loss 99.4183  train_top1 0.000  lr 7.38e-05  (1.7 it/s)
    qrl push 7.272 sq_dev 0.8424 lam 67.925 d_step 0.155 d_rand 137.110 var 0.000 sib 0.000 unr 4.842 unrb 5.499 d_unr 117.13 d_oth 209.30
step 43600  loss 98.5332  train_top1 0.000  lr 7.37e-05  (1.8 it/s)
    qrl push 8.241 sq_dev 0.0648 lam 68.033 d_step 0.024 d_rand 153.746 var 0.000 sib 0.000 unr 6.064 unrb 5.000 d_unr 134.27 d_oth 218.79
step 43700  loss 94.9518  train_top1 0.000  lr 7.36e-05  (1.7 it/s)
    qrl push 6.569 sq_dev 0.0000 lam 68.089 d_step 0.004 d_rand 158.133 var 0.000 sib 0.000 unr 4.852 unrb 5.470 d_unr 141.00 d_oth 222.23
step 43800  loss 152.7975  train_top1 0.000  lr 7.35e-05  (1.7 it/s)
    qrl push 13.672 sq_dev 0.0000 lam 68.328 d_step 0.000 d_rand 91.599 var 0.000 sib 0.000 unr 10.896 unrb 9.189 d_unr 77.06 d_oth 147.97
step 43900  loss 103.5521  train_top1 0.000  lr 7.34e-05  (1.4 it/s)
    qrl push 8.605 sq_dev 0.0000 lam 68.492 d_step 0.000 d_rand 115.515 var 0.000 sib 0.000 unr 6.867 unrb 6.705 d_unr 93.40 d_oth 179.83
step 44000  loss 114.0162  train_top1 0.000  lr 7.33e-05  (1.4 it/s)
  VAL step 44000  loss 636.6787  top1 0.000  top8 0.012
    qrl push 8.681 sq_dev 0.1367 lam 68.516 d_step 0.024 d_rand 114.840 var 0.000 sib 0.000 unr 5.945 unrb 5.481 d_unr 104.18 d_oth 166.91
step 44100  loss 116.6111  train_top1 0.000  lr 7.32e-05  (1.3 it/s)
    qrl push 8.432 sq_dev 0.0000 lam 68.610 d_step 0.000 d_rand 118.307 var 0.000 sib 0.000 unr 6.759 unrb 4.836 d_unr 96.59 d_oth 189.24
step 44200  loss 83.9064  train_top1 0.000  lr 7.31e-05  (1.4 it/s)
    qrl push 8.178 sq_dev 0.0000 lam 68.650 d_step 0.002 d_rand 127.920 var 0.000 sib 0.000 unr 6.074 unrb 4.717 d_unr 111.97 d_oth 184.24
step 44300  loss 101.8085  train_top1 0.000  lr 7.30e-05  (1.4 it/s)
    qrl push 6.947 sq_dev 0.0302 lam 68.719 d_step 0.025 d_rand 138.342 var 0.000 sib 0.000 unr 5.568 unrb 4.784 d_unr 110.95 d_oth 202.00
step 44400  loss 89.0408  train_top1 0.000  lr 7.29e-05  (1.5 it/s)
    qrl push 6.892 sq_dev 0.0648 lam 68.731 d_step 0.022 d_rand 136.480 var 0.000 sib 0.000 unr 4.911 unrb 4.756 d_unr 122.96 d_oth 209.48
step 44500  loss 101.1493  train_top1 0.000  lr 7.28e-05  (1.5 it/s)
    qrl push 9.060 sq_dev 0.0000 lam 68.780 d_step 0.001 d_rand 135.066 var 0.000 sib 0.000 unr 6.715 unrb 5.738 d_unr 121.70 d_oth 189.46
step 44600  loss 132.4002  train_top1 0.000  lr 7.27e-05  (1.6 it/s)
    qrl push 8.706 sq_dev 0.0000 lam 68.801 d_step 0.000 d_rand 145.720 var 0.000 sib 0.000 unr 6.318 unrb 6.752 d_unr 128.60 d_oth 189.91
step 44700  loss 98.1076  train_top1 0.000  lr 7.25e-05  (1.6 it/s)
    qrl push 9.173 sq_dev 0.0000 lam 68.839 d_step 0.000 d_rand 141.282 var 0.000 sib 0.000 unr 7.063 unrb 5.143 d_unr 130.16 d_oth 183.86
step 44800  loss 104.3415  train_top1 0.000  lr 7.24e-05  (1.7 it/s)
    qrl push 9.145 sq_dev 0.0599 lam 68.949 d_step 0.026 d_rand 133.987 var 0.000 sib 0.000 unr 6.914 unrb 6.277 d_unr 129.32 d_oth 146.52
step 44900  loss 138.1420  train_top1 0.000  lr 7.23e-05  (1.7 it/s)
    qrl push 8.642 sq_dev 0.0000 lam 69.034 d_step 0.000 d_rand 105.264 var 0.000 sib 0.000 unr 6.872 unrb 8.004 d_unr 86.69 d_oth 158.19
step 45000  loss 94.9937  train_top1 0.000  lr 7.22e-05  (1.7 it/s)
  ladder checkpoint -> field_scratch_full_v4_step45000.pt
    qrl push 8.437 sq_dev 0.0209 lam 69.044 d_step 0.027 d_rand 135.125 var 0.000 sib 0.000 unr 6.312 unrb 4.017 d_unr 115.70 d_oth 206.11
step 45100  loss 94.5016  train_top1 0.000  lr 7.21e-05  (1.6 it/s)
    qrl push 6.797 sq_dev 0.0053 lam 69.055 d_step 0.014 d_rand 160.807 var 0.000 sib 0.000 unr 5.162 unrb 4.756 d_unr 148.85 d_oth 195.59
step 45200  loss 106.1900  train_top1 0.000  lr 7.20e-05  (1.5 it/s)
    qrl push 8.398 sq_dev 0.0000 lam 69.117 d_step 0.000 d_rand 136.283 var 0.000 sib 0.000 unr 6.407 unrb 6.589 d_unr 120.47 d_oth 198.31
step 45300  loss 120.1307  train_top1 0.000  lr 7.19e-05  (1.5 it/s)
    qrl push 9.634 sq_dev 0.0130 lam 69.157 d_step 0.007 d_rand 142.280 var 0.000 sib 0.000 unr 7.476 unrb 6.127 d_unr 123.34 d_oth 218.40
step 45400  loss 113.5419  train_top1 0.000  lr 7.18e-05  (1.4 it/s)
    qrl push 8.578 sq_dev 0.0000 lam 69.211 d_step 0.000 d_rand 134.700 var 0.000 sib 0.000 unr 6.048 unrb 5.091 d_unr 116.33 d_oth 202.00
step 45500  loss 88.6820  train_top1 0.000  lr 7.17e-05  (1.4 it/s)
    qrl push 10.184 sq_dev 0.0129 lam 69.238 d_step 0.010 d_rand 131.352 var 0.000 sib 0.000 unr 7.715 unrb 5.178 d_unr 112.10 d_oth 204.22
step 45600  loss 89.7153  train_top1 0.000  lr 7.16e-05  (1.6 it/s)
    qrl push 5.870 sq_dev 0.0286 lam 69.301 d_step 0.014 d_rand 155.861 var 0.000 sib 0.000 unr 4.672 unrb 4.958 d_unr 117.83 d_oth 246.79
step 45700  loss 106.4128  train_top1 0.000  lr 7.15e-05  (1.4 it/s)
    qrl push 10.551 sq_dev 0.0000 lam 69.328 d_step 0.000 d_rand 142.822 var 0.000 sib 0.000 unr 8.372 unrb 5.510 d_unr 124.82 d_oth 200.99
step 45800  loss 463.6401  train_top1 0.000  lr 7.13e-05  (1.3 it/s)
    qrl push 7.288 sq_dev 0.2777 lam 69.359 d_step 0.055 d_rand 152.916 var 0.000 sib 0.000 unr 5.444 unrb 5.290 d_unr 125.62 d_oth 251.46
step 45900  loss 96.8559  train_top1 0.000  lr 7.12e-05  (1.3 it/s)
    qrl push 7.278 sq_dev 0.2707 lam 69.441 d_step 0.083 d_rand 180.658 var 0.000 sib 0.000 unr 4.860 unrb 3.632 d_unr 169.93 d_oth 226.56
step 46000  loss 79.1186  train_top1 0.000  lr 7.11e-05  (1.4 it/s)
  VAL step 46000  loss 875.3388  top1 0.000  top8 0.013
    qrl push 6.478 sq_dev 0.6135 lam 69.568 d_step 0.192 d_rand 160.019 var 0.000 sib 0.000 unr 5.058 unrb 3.977 d_unr 138.92 d_oth 217.19
step 46100  loss 116.0581  train_top1 0.000  lr 7.10e-05  (1.1 it/s)
    qrl push 6.369 sq_dev 0.0060 lam 69.665 d_step 0.008 d_rand 165.645 var 0.000 sib 0.000 unr 4.864 unrb 6.036 d_unr 146.65 d_oth 228.37
step 46200  loss 99.1717  train_top1 0.000  lr 7.09e-05  (1.4 it/s)
    qrl push 6.987 sq_dev 0.3990 lam 69.726 d_step 0.093 d_rand 153.425 var 0.000 sib 0.000 unr 5.025 unrb 5.269 d_unr 134.98 d_oth 238.74
step 46300  loss 105.9233  train_top1 0.000  lr 7.08e-05  (1.5 it/s)
    qrl push 11.055 sq_dev 0.0348 lam 69.846 d_step 0.024 d_rand 122.777 var 0.000 sib 0.000 unr 7.844 unrb 6.250 d_unr 111.71 d_oth 178.39
step 46400  loss 157.0991  train_top1 0.000  lr 7.07e-05  (1.4 it/s)
    qrl push 11.734 sq_dev 0.0000 lam 70.005 d_step 0.000 d_rand 126.154 var 0.000 sib 0.000 unr 9.477 unrb 7.350 d_unr 111.62 d_oth 170.33
step 46500  loss 109.7620  train_top1 0.000  lr 7.06e-05  (1.4 it/s)
    qrl push 10.323 sq_dev 0.0000 lam 70.155 d_step 0.000 d_rand 140.416 var 0.000 sib 0.000 unr 7.456 unrb 5.193 d_unr 129.19 d_oth 200.15
step 46600  loss 106.1667  train_top1 0.000  lr 7.05e-05  (1.3 it/s)
    qrl push 7.027 sq_dev 0.4431 lam 70.287 d_step 0.124 d_rand 177.446 var 0.000 sib 0.000 unr 5.343 unrb 4.818 d_unr 163.02 d_oth 218.98
step 46700  loss 107.3888  train_top1 0.000  lr 7.04e-05  (1.4 it/s)
    qrl push 6.550 sq_dev 0.0036 lam 70.348 d_step 0.005 d_rand 156.462 var 0.000 sib 0.000 unr 4.832 unrb 4.584 d_unr 141.27 d_oth 220.64
step 46800  loss 132.9665  train_top1 0.000  lr 7.02e-05  (1.3 it/s)
    qrl push 7.713 sq_dev 0.0239 lam 70.425 d_step 0.009 d_rand 132.742 var 0.000 sib 0.000 unr 5.382 unrb 5.072 d_unr 121.22 d_oth 169.99
step 46900  loss 95.1760  train_top1 0.000  lr 7.01e-05  (1.6 it/s)
    qrl push 7.208 sq_dev 0.3130 lam 70.522 d_step 0.110 d_rand 136.088 var 0.000 sib 0.000 unr 4.886 unrb 4.493 d_unr 126.67 d_oth 183.41
step 47000  loss 95.3809  train_top1 0.000  lr 7.00e-05  (1.5 it/s)
    qrl push 8.856 sq_dev 0.1363 lam 70.543 d_step 0.032 d_rand 148.374 var 0.000 sib 0.000 unr 6.530 unrb 4.852 d_unr 130.62 d_oth 204.52
step 47100  loss 92.4111  train_top1 0.000  lr 6.99e-05  (1.4 it/s)
    qrl push 9.332 sq_dev 0.0114 lam 70.590 d_step 0.007 d_rand 142.316 var 0.000 sib 0.000 unr 6.513 unrb 5.145 d_unr 130.60 d_oth 205.57
step 47200  loss 86.1812  train_top1 0.000  lr 6.98e-05  (1.3 it/s)
    qrl push 7.798 sq_dev 0.0000 lam 70.628 d_step 0.000 d_rand 146.638 var 0.000 sib 0.000 unr 6.046 unrb 4.539 d_unr 121.81 d_oth 227.73
step 47300  loss 137.2731  train_top1 0.000  lr 6.97e-05  (1.7 it/s)
    qrl push 8.107 sq_dev 0.1904 lam 70.678 d_step 0.030 d_rand 151.424 var 0.000 sib 0.000 unr 5.893 unrb 5.614 d_unr 137.80 d_oth 206.88
step 47400  loss 94.3721  train_top1 0.000  lr 6.96e-05  (1.5 it/s)
    qrl push 8.679 sq_dev 0.0000 lam 70.704 d_step 0.000 d_rand 158.917 var 0.000 sib 0.000 unr 6.602 unrb 4.629 d_unr 139.30 d_oth 238.73
step 47500  loss 101.4011  train_top1 0.000  lr 6.95e-05  (1.5 it/s)
    qrl push 7.156 sq_dev 0.0000 lam 70.849 d_step 0.000 d_rand 165.834 var 0.000 sib 0.000 unr 5.904 unrb 6.553 d_unr 140.23 d_oth 245.09
step 47600  loss 108.4559  train_top1 0.000  lr 6.94e-05  (1.2 it/s)
    qrl push 7.292 sq_dev 0.0086 lam 70.874 d_step 0.006 d_rand 181.220 var 0.000 sib 0.000 unr 5.348 unrb 4.666 d_unr 168.02 d_oth 246.63
step 47700  loss 88.1209  train_top1 0.000  lr 6.92e-05  (1.3 it/s)
    qrl push 9.164 sq_dev 0.1082 lam 70.947 d_step 0.026 d_rand 153.200 var 0.000 sib 0.000 unr 6.579 unrb 5.789 d_unr 132.41 d_oth 260.67
step 47800  loss 87.4186  train_top1 0.000  lr 6.91e-05  (1.3 it/s)
    qrl push 7.441 sq_dev 0.0092 lam 71.174 d_step 0.006 d_rand 150.806 var 0.000 sib 0.000 unr 5.642 unrb 5.341 d_unr 133.63 d_oth 224.27
step 47900  loss 86.6945  train_top1 0.000  lr 6.90e-05  (1.5 it/s)
    qrl push 7.112 sq_dev 0.0000 lam 71.269 d_step 0.002 d_rand 148.030 var 0.000 sib 0.000 unr 5.481 unrb 4.758 d_unr 124.97 d_oth 237.40
step 48000  loss 94.4485  train_top1 0.000  lr 6.89e-05  (1.4 it/s)
  VAL step 48000  loss 843.6124  top1 0.001  top8 0.015
    qrl push 7.329 sq_dev 0.2633 lam 71.369 d_step 0.038 d_rand 151.774 var 0.000 sib 0.000 unr 5.514 unrb 5.528 d_unr 125.79 d_oth 243.51
step 48100  loss 99.0497  train_top1 0.000  lr 6.88e-05  (1.2 it/s)
    qrl push 7.087 sq_dev 0.1605 lam 71.421 d_step 0.068 d_rand 154.703 var 0.000 sib 0.000 unr 5.707 unrb 6.503 d_unr 121.54 d_oth 254.19
step 48200  loss 120.4745  train_top1 0.000  lr 6.87e-05  (1.4 it/s)
    qrl push 9.166 sq_dev 0.0000 lam 71.660 d_step 0.000 d_rand 139.031 var 0.000 sib 0.000 unr 7.398 unrb 6.323 d_unr 113.97 d_oth 214.21
step 48300  loss 107.5504  train_top1 0.000  lr 6.86e-05  (1.4 it/s)
    qrl push 8.079 sq_dev 0.0129 lam 71.737 d_step 0.008 d_rand 158.105 var 0.000 sib 0.000 unr 5.533 unrb 4.202 d_unr 149.64 d_oth 194.57
step 48400  loss 86.6884  train_top1 0.000  lr 6.85e-05  (1.6 it/s)
    qrl push 6.855 sq_dev 0.0000 lam 71.829 d_step 0.000 d_rand 168.353 var 0.000 sib 0.000 unr 5.217 unrb 5.437 d_unr 151.59 d_oth 221.35
step 48500  loss 99.2360  train_top1 0.000  lr 6.83e-05  (1.5 it/s)
    qrl push 7.761 sq_dev 0.7113 lam 71.992 d_step 0.051 d_rand 139.276 var 0.000 sib 0.000 unr 6.035 unrb 5.859 d_unr 123.66 d_oth 185.64
step 48600  loss 114.9837  train_top1 0.000  lr 6.82e-05  (1.4 it/s)
    qrl push 9.220 sq_dev 0.0000 lam 72.007 d_step 0.000 d_rand 141.450 var 0.000 sib 0.000 unr 6.723 unrb 5.290 d_unr 126.82 d_oth 192.52
step 48700  loss 87.7021  train_top1 0.000  lr 6.81e-05  (1.5 it/s)
    qrl push 7.662 sq_dev 0.0388 lam 72.032 d_step 0.030 d_rand 168.195 var 0.000 sib 0.000 unr 5.816 unrb 4.172 d_unr 143.42 d_oth 235.35
step 48800  loss 103.0871  train_top1 0.000  lr 6.80e-05  (1.5 it/s)
    qrl push 8.074 sq_dev 0.0000 lam 72.163 d_step 0.000 d_rand 135.492 var 0.000 sib 0.000 unr 6.312 unrb 5.545 d_unr 111.06 d_oth 212.75
step 48900  loss 120.9461  train_top1 0.000  lr 6.79e-05  (1.5 it/s)
    qrl push 8.418 sq_dev 0.0027 lam 72.211 d_step 0.007 d_rand 138.908 var 0.000 sib 0.000 unr 6.431 unrb 6.137 d_unr 117.84 d_oth 213.28
step 49000  loss 109.8533  train_top1 0.000  lr 6.78e-05  (1.7 it/s)
    qrl push 9.769 sq_dev 0.0000 lam 72.243 d_step 0.001 d_rand 132.990 var 0.000 sib 0.000 unr 7.654 unrb 6.120 d_unr 110.51 d_oth 214.20
step 49100  loss 103.6454  train_top1 0.000  lr 6.77e-05  (1.3 it/s)
    qrl push 9.741 sq_dev 0.0000 lam 72.329 d_step 0.000 d_rand 136.604 var 0.000 sib 0.000 unr 7.593 unrb 6.691 d_unr 108.33 d_oth 228.95
step 49200  loss 90.5231  train_top1 0.000  lr 6.76e-05  (1.5 it/s)
    qrl push 7.799 sq_dev 0.0549 lam 72.348 d_step 0.012 d_rand 174.140 var 0.000 sib 0.000 unr 5.708 unrb 4.294 d_unr 161.76 d_oth 229.17
step 49300  loss 94.0691  train_top1 0.000  lr 6.74e-05  (1.3 it/s)
    qrl push 9.541 sq_dev 0.0600 lam 72.499 d_step 0.048 d_rand 140.873 var 0.000 sib 0.000 unr 7.342 unrb 5.888 d_unr 123.99 d_oth 194.83
step 49400  loss 108.5500  train_top1 0.000  lr 6.73e-05  (1.4 it/s)
    qrl push 8.297 sq_dev 0.0000 lam 72.541 d_step 0.000 d_rand 173.547 var 0.000 sib 0.000 unr 5.558 unrb 4.735 d_unr 170.22 d_oth 192.04
step 49500  loss 126.8215  train_top1 0.000  lr 6.72e-05  (1.4 it/s)
    qrl push 11.684 sq_dev 0.0000 lam 72.615 d_step 0.000 d_rand 128.661 var 0.000 sib 0.000 unr 9.332 unrb 7.671 d_unr 111.49 d_oth 187.95
step 49600  loss 84.5924  train_top1 0.000  lr 6.71e-05  (1.5 it/s)
    qrl push 6.450 sq_dev 0.2446 lam 72.774 d_step 0.040 d_rand 175.819 var 0.000 sib 0.000 unr 5.065 unrb 4.728 d_unr 158.54 d_oth 227.65
step 49700  loss 98.5598  train_top1 0.000  lr 6.70e-05  (1.5 it/s)
    qrl push 8.223 sq_dev 0.0000 lam 72.911 d_step 0.000 d_rand 172.623 var 0.000 sib 0.000 unr 6.014 unrb 5.069 d_unr 155.90 d_oth 219.79
step 49800  loss 79.6822  train_top1 0.000  lr 6.69e-05  (1.5 it/s)
    qrl push 7.075 sq_dev 0.0000 lam 72.956 d_step 0.000 d_rand 174.800 var 0.000 sib 0.000 unr 5.821 unrb 5.596 d_unr 150.19 d_oth 247.87
step 49900  loss 94.7907  train_top1 0.000  lr 6.68e-05  (1.5 it/s)
    qrl push 11.401 sq_dev 0.0000 lam 73.042 d_step 0.000 d_rand 135.383 var 0.000 sib 0.000 unr 8.511 unrb 6.144 d_unr 124.28 d_oth 185.42
step 50000  loss 91.4346  train_top1 0.000  lr 6.66e-05  (1.6 it/s)
  VAL step 50000  loss 766.1668  top1 0.000  top8 0.012
  ladder checkpoint -> field_scratch_full_v4_step50000.pt
    qrl push 8.321 sq_dev 0.0000 lam 73.331 d_step 0.001 d_rand 136.513 var 0.000 sib 0.000 unr 5.931 unrb 4.987 d_unr 120.77 d_oth 210.33
step 50100  loss 94.5743  train_top1 0.000  lr 6.65e-05  (1.2 it/s)
    qrl push 9.161 sq_dev 0.0000 lam 73.376 d_step 0.000 d_rand 147.449 var 0.000 sib 0.000 unr 6.617 unrb 4.993 d_unr 130.91 d_oth 212.32
step 50200  loss 99.8229  train_top1 0.000  lr 6.64e-05  (1.6 it/s)
    qrl push 9.202 sq_dev 0.0000 lam 73.415 d_step 0.001 d_rand 141.225 var 0.000 sib 0.000 unr 6.884 unrb 5.171 d_unr 122.92 d_oth 201.02
step 50300  loss 98.0224  train_top1 0.000  lr 6.63e-05  (1.8 it/s)
    qrl push 7.126 sq_dev 0.0013 lam 73.433 d_step 0.006 d_rand 146.045 var 0.000 sib 0.000 unr 5.556 unrb 4.852 d_unr 115.93 d_oth 245.49
step 50400  loss 114.6689  train_top1 0.000  lr 6.62e-05  (1.9 it/s)
    qrl push 8.143 sq_dev 0.0821 lam 73.470 d_step 0.029 d_rand 170.268 var 0.000 sib 0.000 unr 6.003 unrb 4.786 d_unr 151.22 d_oth 256.07
step 50500  loss 92.7449  train_top1 0.000  lr 6.61e-05  (1.8 it/s)
    qrl push 7.142 sq_dev 0.0189 lam 73.505 d_step 0.016 d_rand 186.725 var 0.000 sib 0.000 unr 5.610 unrb 3.168 d_unr 162.24 d_oth 254.27
step 50600  loss 121.6253  train_top1 0.000  lr 6.60e-05  (1.5 it/s)
    qrl push 9.238 sq_dev 0.0000 lam 73.595 d_step 0.000 d_rand 169.725 var 0.000 sib 0.000 unr 7.600 unrb 4.668 d_unr 144.50 d_oth 236.10
step 50700  loss 135.2855  train_top1 0.000  lr 6.58e-05  (1.5 it/s)
    qrl push 8.293 sq_dev 0.0358 lam 73.798 d_step 0.028 d_rand 142.336 var 0.000 sib 0.000 unr 6.791 unrb 5.974 d_unr 120.05 d_oth 205.21
step 50800  loss 105.4785  train_top1 0.000  lr 6.57e-05  (1.6 it/s)
    qrl push 8.618 sq_dev 0.0000 lam 73.815 d_step 0.000 d_rand 147.075 var 0.000 sib 0.000 unr 6.936 unrb 5.374 d_unr 129.72 d_oth 208.28
step 50900  loss 205.0224  train_top1 0.000  lr 6.56e-05  (1.7 it/s)
    qrl push 13.546 sq_dev 0.4575 lam 74.340 d_step 0.093 d_rand 75.658 var 0.000 sib 0.000 unr 11.087 unrb 11.361 d_unr 60.70 d_oth 129.08
step 51000  loss 167.8813  train_top1 0.000  lr 6.55e-05  (1.8 it/s)
    qrl push 12.855 sq_dev 0.0459 lam 74.336 d_step 0.022 d_rand 96.633 var 0.000 sib 0.000 unr 10.038 unrb 9.514 d_unr 85.93 d_oth 139.66
step 51100  loss 143.8251  train_top1 0.000  lr 6.54e-05  (1.8 it/s)
    qrl push 10.979 sq_dev 0.0000 lam 74.333 d_step 0.004 d_rand 103.664 var 0.000 sib 0.000 unr 8.367 unrb 9.226 d_unr 92.11 d_oth 145.89
step 51200  loss 131.5459  train_top1 0.000  lr 6.53e-05  (1.9 it/s)
    qrl push 9.403 sq_dev 0.0000 lam 74.405 d_step 0.000 d_rand 107.013 var 0.000 sib 0.000 unr 7.311 unrb 7.753 d_unr 92.63 d_oth 158.40
step 51300  loss 107.3778  train_top1 0.000  lr 6.52e-05  (1.7 it/s)
    qrl push 9.102 sq_dev 0.0530 lam 74.457 d_step 0.038 d_rand 121.983 var 0.000 sib 0.000 unr 6.780 unrb 7.404 d_unr 109.65 d_oth 172.19
step 51400  loss 110.6428  train_top1 0.000  lr 6.50e-05  (1.8 it/s)
    qrl push 8.491 sq_dev 0.0134 lam 74.468 d_step 0.012 d_rand 117.492 var 0.000 sib 0.000 unr 6.210 unrb 5.944 d_unr 103.42 d_oth 170.12
step 51500  loss 84.0825  train_top1 0.000  lr 6.49e-05  (1.7 it/s)
    qrl push 8.072 sq_dev 0.0273 lam 74.566 d_step 0.010 d_rand 113.590 var 0.000 sib 0.000 unr 5.998 unrb 6.653 d_unr 96.44 d_oth 188.65
step 51600  loss 92.9686  train_top1 0.000  lr 6.48e-05  (2.0 it/s)
    qrl push 9.382 sq_dev 0.0000 lam 74.588 d_step 0.000 d_rand 124.978 var 0.000 sib 0.000 unr 7.008 unrb 5.447 d_unr 119.10 d_oth 148.60
step 51700  loss 88.8125  train_top1 0.000  lr 6.47e-05  (2.1 it/s)
    qrl push 7.675 sq_dev 0.0586 lam 74.694 d_step 0.021 d_rand 124.019 var 0.000 sib 0.000 unr 5.325 unrb 4.749 d_unr 109.05 d_oth 199.21
step 51800  loss 99.2618  train_top1 0.000  lr 6.46e-05  (1.9 it/s)
    qrl push 8.030 sq_dev 0.0749 lam 74.752 d_step 0.030 d_rand 127.502 var 0.000 sib 0.000 unr 5.548 unrb 5.879 d_unr 116.55 d_oth 179.55
step 51900  loss 94.8859  train_top1 0.000  lr 6.45e-05  (1.7 it/s)
    qrl push 7.140 sq_dev 0.0331 lam 74.762 d_step 0.018 d_rand 151.204 var 0.000 sib 0.000 unr 5.288 unrb 5.474 d_unr 137.45 d_oth 190.80
step 52000  loss 96.6865  train_top1 0.000  lr 6.44e-05  (1.8 it/s)
  VAL step 52000  loss 736.0007  top1 0.000  top8 0.011
    qrl push 9.189 sq_dev 0.0970 lam 74.934 d_step 0.067 d_rand 113.886 var 0.000 sib 0.000 unr 6.647 unrb 3.988 d_unr 97.12 d_oth 180.45
step 52100  loss 133.3321  train_top1 0.000  lr 6.42e-05  (1.5 it/s)
    qrl push 9.977 sq_dev 0.0000 lam 74.970 d_step 0.002 d_rand 132.230 var 0.000 sib 0.000 unr 7.290 unrb 5.397 d_unr 121.35 d_oth 189.30
step 52200  loss 94.2099  train_top1 0.000  lr 6.41e-05  (1.9 it/s)
    qrl push 8.812 sq_dev 0.0000 lam 74.988 d_step 0.002 d_rand 135.196 var 0.000 sib 0.000 unr 6.494 unrb 4.793 d_unr 116.78 d_oth 200.97
step 52300  loss 84.5935  train_top1 0.000  lr 6.40e-05  (2.0 it/s)
    qrl push 7.766 sq_dev 0.0587 lam 75.004 d_step 0.053 d_rand 134.356 var 0.000 sib 0.000 unr 6.120 unrb 4.705 d_unr 109.05 d_oth 213.53
step 52400  loss 115.4416  train_top1 0.000  lr 6.39e-05  (2.4 it/s)
    qrl push 9.058 sq_dev 0.0183 lam 75.020 d_step 0.009 d_rand 133.667 var 0.000 sib 0.000 unr 6.677 unrb 5.739 d_unr 114.19 d_oth 190.31
step 52500  loss 88.5259  train_top1 0.000  lr 6.38e-05  (2.4 it/s)
    qrl push 8.633 sq_dev 0.0011 lam 75.048 d_step 0.010 d_rand 136.383 var 0.000 sib 0.000 unr 5.870 unrb 4.237 d_unr 129.71 d_oth 164.20
step 52600  loss 96.4798  train_top1 0.000  lr 6.37e-05  (2.4 it/s)
    qrl push 8.596 sq_dev 0.0000 lam 75.058 d_step 0.001 d_rand 129.980 var 0.000 sib 0.000 unr 6.679 unrb 4.689 d_unr 107.79 d_oth 204.07
step 52700  loss 88.2918  train_top1 0.000  lr 6.35e-05  (2.3 it/s)
    qrl push 7.716 sq_dev 0.0583 lam 75.083 d_step 0.018 d_rand 141.734 var 0.000 sib 0.000 unr 5.744 unrb 4.976 d_unr 120.66 d_oth 224.40
step 52800  loss 85.0260  train_top1 0.000  lr 6.34e-05  (2.4 it/s)
    qrl push 9.270 sq_dev 0.0000 lam 75.090 d_step 0.000 d_rand 122.751 var 0.000 sib 0.000 unr 6.814 unrb 5.123 d_unr 108.29 d_oth 180.87
step 52900  loss 93.1273  train_top1 0.000  lr 6.33e-05  (2.5 it/s)
    qrl push 6.383 sq_dev 0.0060 lam 75.117 d_step 0.007 d_rand 147.476 var 0.000 sib 0.000 unr 4.617 unrb 4.764 d_unr 126.71 d_oth 198.54
step 53000  loss 96.1168  train_top1 0.000  lr 6.32e-05  (2.4 it/s)
    qrl push 7.324 sq_dev 0.1071 lam 75.145 d_step 0.032 d_rand 148.256 var 0.000 sib 0.000 unr 5.591 unrb 4.938 d_unr 119.45 d_oth 230.33
step 53100  loss 103.2469  train_top1 0.000  lr 6.31e-05  (2.5 it/s)
    qrl push 7.829 sq_dev 0.0000 lam 75.184 d_step 0.000 d_rand 141.876 var 0.000 sib 0.000 unr 5.769 unrb 5.340 d_unr 118.24 d_oth 215.83
step 53200  loss 127.7314  train_top1 0.000  lr 6.30e-05  (2.4 it/s)
    qrl push 12.435 sq_dev 0.0000 lam 75.413 d_step 0.000 d_rand 109.329 var 0.000 sib 0.000 unr 8.927 unrb 9.154 d_unr 104.54 d_oth 130.31
step 53300  loss 95.1941  train_top1 0.000  lr 6.29e-05  (2.3 it/s)
    qrl push 8.449 sq_dev 0.0111 lam 75.417 d_step 0.009 d_rand 137.913 var 0.000 sib 0.000 unr 6.185 unrb 4.479 d_unr 121.39 d_oth 195.97
step 53400  loss 84.2354  train_top1 0.000  lr 6.27e-05  (1.9 it/s)
    qrl push 7.851 sq_dev 0.0401 lam 75.429 d_step 0.011 d_rand 153.409 var 0.000 sib 0.000 unr 5.522 unrb 5.116 d_unr 140.76 d_oth 202.43
step 53500  loss 110.9788  train_top1 0.000  lr 6.26e-05  (1.8 it/s)
    qrl push 7.541 sq_dev 0.0021 lam 75.446 d_step 0.008 d_rand 154.207 var 0.000 sib 0.000 unr 6.459 unrb 4.416 d_unr 120.55 d_oth 233.01
step 53600  loss 87.0441  train_top1 0.000  lr 6.25e-05  (1.9 it/s)
    qrl push 7.451 sq_dev 0.0017 lam 75.463 d_step 0.006 d_rand 147.268 var 0.000 sib 0.000 unr 5.528 unrb 4.917 d_unr 135.51 d_oth 191.78
step 53700  loss 84.9488  train_top1 0.000  lr 6.24e-05  (2.0 it/s)
    qrl push 8.950 sq_dev 0.0000 lam 75.470 d_step 0.000 d_rand 146.398 var 0.000 sib 0.000 unr 7.057 unrb 5.136 d_unr 126.98 d_oth 213.42
step 53800  loss 94.9773  train_top1 0.000  lr 6.23e-05  (2.0 it/s)
    qrl push 8.665 sq_dev 0.0986 lam 75.517 d_step 0.032 d_rand 139.765 var 0.000 sib 0.000 unr 6.685 unrb 6.098 d_unr 115.40 d_oth 222.93
step 53900  loss 98.7615  train_top1 0.000  lr 6.22e-05  (1.9 it/s)
    qrl push 9.162 sq_dev 0.0000 lam 75.563 d_step 0.001 d_rand 149.482 var 0.000 sib 0.000 unr 6.650 unrb 4.728 d_unr 135.32 d_oth 210.09
step 54000  loss 107.6922  train_top1 0.000  lr 6.20e-05  (1.8 it/s)
  VAL step 54000  loss 857.7978  top1 0.001  top8 0.015
    qrl push 7.159 sq_dev 0.0214 lam 75.691 d_step 0.011 d_rand 152.515 var 0.000 sib 0.000 unr 5.899 unrb 5.297 d_unr 116.35 d_oth 246.60
step 54100  loss 81.6411  train_top1 0.000  lr 6.19e-05  (1.5 it/s)
    qrl push 7.988 sq_dev 0.0000 lam 75.727 d_step 0.002 d_rand 144.670 var 0.000 sib 0.000 unr 6.299 unrb 5.351 d_unr 118.71 d_oth 223.38
step 54200  loss 79.0538  train_top1 0.000  lr 6.18e-05  (2.0 it/s)
    qrl push 7.726 sq_dev 0.0000 lam 75.756 d_step 0.002 d_rand 146.456 var 0.000 sib 0.000 unr 5.682 unrb 5.530 d_unr 122.99 d_oth 215.19
step 54300  loss 96.9415  train_top1 0.000  lr 6.17e-05  (2.1 it/s)
    qrl push 7.903 sq_dev 0.0000 lam 75.785 d_step 0.001 d_rand 164.396 var 0.000 sib 0.000 unr 5.924 unrb 5.134 d_unr 144.96 d_oth 225.20
step 54400  loss 132.5554  train_top1 0.000  lr 6.16e-05  (2.0 it/s)
    qrl push 9.269 sq_dev 0.0018 lam 75.883 d_step 0.006 d_rand 141.469 var 0.000 sib 0.000 unr 7.340 unrb 9.104 d_unr 118.97 d_oth 215.77
step 54500  loss 95.2649  train_top1 0.000  lr 6.15e-05  (2.1 it/s)
    qrl push 7.003 sq_dev 0.3072 lam 75.871 d_step 0.038 d_rand 153.807 var 0.000 sib 0.000 unr 5.471 unrb 5.234 d_unr 134.79 d_oth 213.94
step 54600  loss 105.7244  train_top1 0.000  lr 6.13e-05  (2.0 it/s)
    qrl push 7.891 sq_dev 0.0000 lam 75.988 d_step 0.000 d_rand 149.830 var 0.000 sib 0.000 unr 5.734 unrb 5.209 d_unr 136.06 d_oth 199.58
step 54700  loss 89.2748  train_top1 0.000  lr 6.12e-05  (2.0 it/s)
    qrl push 6.645 sq_dev 0.0527 lam 75.992 d_step 0.029 d_rand 171.125 var 0.000 sib 0.000 unr 4.942 unrb 4.708 d_unr 155.96 d_oth 240.38
step 54800  loss 94.0358  train_top1 0.000  lr 6.11e-05  (2.1 it/s)
    qrl push 9.181 sq_dev 0.0000 lam 76.177 d_step 0.000 d_rand 133.471 var 0.000 sib 0.000 unr 6.551 unrb 5.882 d_unr 119.34 d_oth 184.51
step 54900  loss 328.5893  train_top1 0.000  lr 6.10e-05  (2.2 it/s)
    qrl push 7.938 sq_dev 0.0069 lam 76.196 d_step 0.006 d_rand 167.298 var 0.000 sib 0.000 unr 5.432 unrb 5.461 d_unr 158.44 d_oth 206.68
step 55000  loss 88.2958  train_top1 0.000  lr 6.09e-05  (2.0 it/s)
  ladder checkpoint -> field_scratch_full_v4_step55000.pt
    qrl push 7.141 sq_dev 0.0000 lam 76.232 d_step 0.000 d_rand 167.977 var 0.000 sib 0.000 unr 4.698 unrb 4.505 d_unr 159.77 d_oth 209.22
step 55100  loss 83.9976  train_top1 0.000  lr 6.08e-05  (2.0 it/s)
    qrl push 7.414 sq_dev 0.0000 lam 76.239 d_step 0.000 d_rand 191.431 var 0.000 sib 0.000 unr 5.726 unrb 5.009 d_unr 169.52 d_oth 287.12
step 55200  loss 124.3551  train_top1 0.000  lr 6.06e-05  (1.7 it/s)
    qrl push 11.832 sq_dev 0.0528 lam 76.471 d_step 0.028 d_rand 129.982 var 0.000 sib 0.000 unr 9.327 unrb 8.192 d_unr 111.14 d_oth 192.20
step 55300  loss 94.7909  train_top1 0.000  lr 6.05e-05  (1.9 it/s)
    qrl push 10.194 sq_dev 0.0000 lam 76.615 d_step 0.000 d_rand 159.420 var 0.000 sib 0.000 unr 7.075 unrb 4.870 d_unr 150.37 d_oth 204.33
step 55400  loss 126.1009  train_top1 0.000  lr 6.04e-05  (1.8 it/s)
    qrl push 7.758 sq_dev 0.3448 lam 76.729 d_step 0.080 d_rand 137.084 var 0.000 sib 0.000 unr 5.553 unrb 6.045 d_unr 119.50 d_oth 205.23
step 55500  loss 84.9987  train_top1 0.000  lr 6.03e-05  (2.0 it/s)
    qrl push 9.879 sq_dev 0.0000 lam 76.736 d_step 0.000 d_rand 148.145 var 0.000 sib 0.000 unr 7.792 unrb 5.176 d_unr 121.80 d_oth 221.71
step 55600  loss 71.6893  train_top1 0.000  lr 6.02e-05  (1.8 it/s)
    qrl push 7.846 sq_dev 0.1521 lam 76.803 d_step 0.019 d_rand 160.570 var 0.000 sib 0.000 unr 6.072 unrb 5.053 d_unr 146.53 d_oth 217.72
step 55700  loss 86.6449  train_top1 0.000  lr 6.01e-05  (2.0 it/s)
    qrl push 6.981 sq_dev 0.0000 lam 76.931 d_step 0.000 d_rand 153.221 var 0.000 sib 0.000 unr 5.384 unrb 4.284 d_unr 134.89 d_oth 198.74
step 55800  loss 81.0858  train_top1 0.000  lr 5.99e-05  (2.0 it/s)
    qrl push 8.082 sq_dev 0.0076 lam 77.019 d_step 0.008 d_rand 170.945 var 0.000 sib 0.000 unr 6.376 unrb 5.050 d_unr 150.46 d_oth 231.76
step 55900  loss 89.6402  train_top1 0.000  lr 5.98e-05  (2.3 it/s)
    qrl push 6.299 sq_dev 0.0027 lam 77.053 d_step 0.009 d_rand 180.605 var 0.000 sib 0.000 unr 5.407 unrb 4.529 d_unr 152.63 d_oth 241.60
step 56000  loss 93.8820  train_top1 0.000  lr 5.97e-05  (2.4 it/s)
  VAL step 56000  loss 925.0331  top1 0.001  top8 0.015
    qrl push 7.364 sq_dev 0.0000 lam 77.070 d_step 0.000 d_rand 156.912 var 0.000 sib 0.000 unr 5.221 unrb 4.259 d_unr 138.58 d_oth 236.33
step 56100  loss 76.1731  train_top1 0.000  lr 5.96e-05  (1.9 it/s)
    qrl push 6.448 sq_dev 0.0733 lam 77.126 d_step 0.029 d_rand 180.308 var 0.000 sib 0.000 unr 4.792 unrb 4.929 d_unr 157.09 d_oth 262.29
step 56200  loss 125.2506  train_top1 0.000  lr 5.95e-05  (2.4 it/s)
    qrl push 8.587 sq_dev 0.0901 lam 77.273 d_step 0.044 d_rand 146.228 var 0.000 sib 0.000 unr 6.975 unrb 6.487 d_unr 118.72 d_oth 246.74
step 56300  loss 109.9040  train_top1 0.000  lr 5.94e-05  (2.6 it/s)
    qrl push 6.573 sq_dev 0.0083 lam 77.396 d_step 0.006 d_rand 137.653 var 0.000 sib 0.000 unr 4.862 unrb 5.933 d_unr 112.60 d_oth 228.15
step 56400  loss 133.4950  train_top1 0.000  lr 5.92e-05  (2.4 it/s)
    qrl push 12.212 sq_dev 0.0000 lam 77.567 d_step 0.000 d_rand 117.886 var 0.000 sib 0.000 unr 9.684 unrb 6.368 d_unr 97.66 d_oth 197.24
step 56500  loss 84.1828  train_top1 0.000  lr 5.91e-05  (2.4 it/s)
    qrl push 5.535 sq_dev 0.1443 lam 77.577 d_step 0.040 d_rand 156.785 var 0.000 sib 0.000 unr 4.556 unrb 4.232 d_unr 124.44 d_oth 237.78
step 56600  loss 157.9568  train_top1 0.000  lr 5.90e-05  (2.8 it/s)
    qrl push 6.692 sq_dev 0.0112 lam 77.599 d_step 0.014 d_rand 155.278 var 0.000 sib 0.000 unr 5.016 unrb 4.645 d_unr 134.57 d_oth 233.68
step 56700  loss 96.7758  train_top1 0.000  lr 5.89e-05  (2.1 it/s)
    qrl push 8.166 sq_dev 0.0218 lam 77.632 d_step 0.011 d_rand 150.432 var 0.000 sib 0.000 unr 5.467 unrb 4.605 d_unr 140.63 d_oth 187.11
step 56800  loss 98.8702  train_top1 0.000  lr 5.88e-05  (2.1 it/s)
    qrl push 6.747 sq_dev 0.0846 lam 77.678 d_step 0.017 d_rand 156.441 var 0.000 sib 0.000 unr 4.599 unrb 4.410 d_unr 139.80 d_oth 217.25
step 56900  loss 72.3176  train_top1 0.000  lr 5.86e-05  (2.1 it/s)
    qrl push 7.688 sq_dev 0.0000 lam 77.761 d_step 0.000 d_rand 130.841 var 0.000 sib 0.000 unr 6.032 unrb 5.520 d_unr 101.60 d_oth 220.43
step 57000  loss 89.3417  train_top1 0.000  lr 5.85e-05  (3.4 it/s)
    qrl push 6.488 sq_dev 0.0000 lam 77.784 d_step 0.001 d_rand 176.981 var 0.000 sib 0.000 unr 4.615 unrb 4.258 d_unr 167.23 d_oth 213.53
step 57100  loss 109.8453  train_top1 0.000  lr 5.84e-05  (4.0 it/s)
    qrl push 8.555 sq_dev 0.0098 lam 77.830 d_step 0.006 d_rand 147.295 var 0.000 sib 0.000 unr 6.454 unrb 5.377 d_unr 128.04 d_oth 209.51
step 57200  loss 116.9953  train_top1 0.000  lr 5.83e-05  (3.9 it/s)
    qrl push 9.232 sq_dev 0.0106 lam 77.942 d_step 0.014 d_rand 143.467 var 0.000 sib 0.000 unr 6.770 unrb 4.801 d_unr 135.13 d_oth 177.81
step 57300  loss 83.2164  train_top1 0.000  lr 5.82e-05  (3.9 it/s)
    qrl push 7.675 sq_dev 0.0000 lam 77.954 d_step 0.000 d_rand 154.129 var 0.000 sib 0.000 unr 5.903 unrb 5.239 d_unr 127.98 d_oth 235.07
step 57400  loss 103.1968  train_top1 0.000  lr 5.81e-05  (4.0 it/s)
    qrl push 9.670 sq_dev 0.0069 lam 78.218 d_step 0.006 d_rand 127.307 var 0.000 sib 0.000 unr 7.135 unrb 5.635 d_unr 111.23 d_oth 174.07
step 57500  loss 104.5800  train_top1 0.000  lr 5.79e-05  (3.9 it/s)
    qrl push 9.205 sq_dev 0.0000 lam 78.247 d_step 0.000 d_rand 127.054 var 0.000 sib 0.000 unr 6.669 unrb 5.461 d_unr 108.03 d_oth 209.47
step 57600  loss 85.4973  train_top1 0.000  lr 5.78e-05  (4.1 it/s)
    qrl push 8.934 sq_dev 0.0790 lam 78.245 d_step 0.019 d_rand 142.644 var 0.000 sib 0.000 unr 6.520 unrb 5.198 d_unr 126.75 d_oth 208.13
step 57700  loss 107.9425  train_top1 0.000  lr 5.77e-05  (3.7 it/s)
    qrl push 10.559 sq_dev 0.0000 lam 78.299 d_step 0.000 d_rand 143.131 var 0.000 sib 0.000 unr 7.779 unrb 5.010 d_unr 134.27 d_oth 177.90
step 57800  loss 88.5459  train_top1 0.000  lr 5.76e-05  (3.7 it/s)
    qrl push 6.785 sq_dev 0.1534 lam 78.397 d_step 0.063 d_rand 150.010 var 0.000 sib 0.000 unr 4.813 unrb 4.052 d_unr 136.81 d_oth 190.02
step 57900  loss 77.5042  train_top1 0.000  lr 5.75e-05  (3.5 it/s)
    qrl push 6.273 sq_dev 0.0980 lam 78.412 d_step 0.054 d_rand 175.376 var 0.000 sib 0.000 unr 3.898 unrb 3.651 d_unr 174.97 d_oth 177.46
step 58000  loss 79.0493  train_top1 0.000  lr 5.74e-05  (3.4 it/s)
  VAL step 58000  loss 849.0679  top1 0.001  top8 0.017
    qrl push 8.576 sq_dev 0.2473 lam 78.410 d_step 0.049 d_rand 150.112 var 0.000 sib 0.000 unr 6.331 unrb 4.916 d_unr 128.91 d_oth 231.72
step 58100  loss 63.8899  train_top1 0.000  lr 5.72e-05  (2.9 it/s)
    qrl push 4.658 sq_dev 0.0000 lam 78.445 d_step 0.000 d_rand 197.450 var 0.000 sib 0.000 unr 3.400 unrb 4.622 d_unr 178.45 d_oth 270.23
step 58200  loss 74.3115  train_top1 0.000  lr 5.71e-05  (3.9 it/s)
    qrl push 9.098 sq_dev 0.0006 lam 78.511 d_step 0.003 d_rand 155.745 var 0.000 sib 0.000 unr 6.721 unrb 4.774 d_unr 141.08 d_oth 214.12
step 58300  loss 94.8235  train_top1 0.000  lr 5.70e-05  (3.6 it/s)
    qrl push 7.956 sq_dev 0.0000 lam 78.581 d_step 0.000 d_rand 167.864 var 0.000 sib 0.000 unr 5.672 unrb 4.338 d_unr 156.34 d_oth 210.78
step 58400  loss 89.7132  train_top1 0.000  lr 5.69e-05  (3.4 it/s)
    qrl push 8.823 sq_dev 0.0000 lam 78.614 d_step 0.000 d_rand 139.612 var 0.000 sib 0.000 unr 6.506 unrb 5.538 d_unr 122.60 d_oth 206.35
step 58500  loss 86.9619  train_top1 0.000  lr 5.68e-05  (3.3 it/s)
    qrl push 9.378 sq_dev 0.0088 lam 78.812 d_step 0.007 d_rand 152.751 var 0.000 sib 0.000 unr 6.207 unrb 4.882 d_unr 150.15 d_oth 163.94
step 58600  loss 64.9704  train_top1 0.000  lr 5.67e-05  (3.3 it/s)
    qrl push 7.121 sq_dev 0.1182 lam 78.862 d_step 0.040 d_rand 159.908 var 0.000 sib 0.000 unr 5.695 unrb 3.813 d_unr 125.75 d_oth 271.26
step 58700  loss 103.7098  train_top1 0.000  lr 5.65e-05  (3.8 it/s)
    qrl push 6.572 sq_dev 0.1409 lam 78.879 d_step 0.033 d_rand 169.105 var 0.000 sib 0.000 unr 5.349 unrb 4.344 d_unr 139.39 d_oth 258.24
step 58800  loss 92.8594  train_top1 0.000  lr 5.64e-05  (3.6 it/s)
    qrl push 8.276 sq_dev 0.0000 lam 78.923 d_step 0.000 d_rand 147.658 var 0.000 sib 0.000 unr 6.627 unrb 5.849 d_unr 110.15 d_oth 240.80
step 58900  loss 95.3905  train_top1 0.000  lr 5.63e-05  (3.6 it/s)
    qrl push 9.360 sq_dev 0.0403 lam 78.978 d_step 0.011 d_rand 152.027 var 0.000 sib 0.000 unr 6.932 unrb 5.380 d_unr 137.18 d_oth 204.44
step 59000  loss 98.2270  train_top1 0.000  lr 5.62e-05  (3.9 it/s)
    qrl push 7.917 sq_dev 0.0000 lam 79.032 d_step 0.000 d_rand 168.806 var 0.000 sib 0.000 unr 6.050 unrb 4.655 d_unr 148.97 d_oth 254.77
step 59100  loss 79.4723  train_top1 0.000  lr 5.61e-05  (3.5 it/s)
    qrl push 6.880 sq_dev 0.0181 lam 79.042 d_step 0.008 d_rand 166.822 var 0.000 sib 0.000 unr 5.429 unrb 5.150 d_unr 132.32 d_oth 261.98
step 59200  loss 114.6936  train_top1 0.000  lr 5.59e-05  (3.5 it/s)
    qrl push 8.798 sq_dev 0.0000 lam 79.352 d_step 0.000 d_rand 121.162 var 0.000 sib 0.000 unr 6.865 unrb 6.131 d_unr 101.67 d_oth 167.77
step 59300  loss 167.2351  train_top1 0.000  lr 5.58e-05  (3.3 it/s)
    qrl push 4.825 sq_dev 0.0029 lam 79.342 d_step 0.006 d_rand 173.242 var 0.000 sib 0.000 unr 3.493 unrb 5.182 d_unr 142.61 d_oth 243.79
step 59400  loss 79.8890  train_top1 0.000  lr 5.57e-05  (3.7 it/s)
    qrl push 8.209 sq_dev 0.0000 lam 79.345 d_step 0.000 d_rand 153.884 var 0.000 sib 0.000 unr 5.991 unrb 3.870 d_unr 145.67 d_oth 187.75
step 59500  loss 88.0170  train_top1 0.000  lr 5.56e-05  (4.2 it/s)
    qrl push 8.737 sq_dev 0.0940 lam 79.379 d_step 0.028 d_rand 134.570 var 0.000 sib 0.000 unr 6.255 unrb 5.984 d_unr 118.22 d_oth 197.96
step 59600  loss 91.4264  train_top1 0.000  lr 5.55e-05  (3.9 it/s)
    qrl push 7.205 sq_dev 0.0000 lam 79.377 d_step 0.000 d_rand 162.774 var 0.000 sib 0.000 unr 5.718 unrb 4.680 d_unr 128.76 d_oth 259.69
step 59700  loss 90.4910  train_top1 0.000  lr 5.54e-05  (5.1 it/s)
    qrl push 7.118 sq_dev 0.0005 lam 79.449 d_step 0.005 d_rand 146.338 var 0.000 sib 0.000 unr 5.142 unrb 5.719 d_unr 134.88 d_oth 186.33
step 59800  loss 84.4419  train_top1 0.000  lr 5.52e-05  (3.8 it/s)
    qrl push 8.097 sq_dev 0.0000 lam 79.449 d_step 0.002 d_rand 148.458 var 0.000 sib 0.000 unr 6.478 unrb 5.472 d_unr 122.28 d_oth 218.02
step 59900  loss 86.5537  train_top1 0.000  lr 5.51e-05  (4.1 it/s)
    qrl push 8.356 sq_dev 0.1199 lam 79.451 d_step 0.050 d_rand 162.493 var 0.000 sib 0.000 unr 6.163 unrb 4.886 d_unr 139.27 d_oth 261.83
step 60000  loss 75.1225  train_top1 0.000  lr 5.50e-05  (3.5 it/s)
  VAL step 60000  loss 876.9466  top1 0.000  top8 0.016
  ladder checkpoint -> field_scratch_full_v4_step60000.pt
    qrl push 7.090 sq_dev 0.2215 lam 79.511 d_step 0.043 d_rand 183.803 var 0.000 sib 0.000 unr 4.802 unrb 4.203 d_unr 184.56 d_oth 179.76
step 60100  loss 83.2663  train_top1 0.000  lr 5.49e-05  (2.5 it/s)
    qrl push 6.069 sq_dev 0.0093 lam 79.516 d_step 0.008 d_rand 179.906 var 0.000 sib 0.000 unr 4.660 unrb 4.053 d_unr 150.40 d_oth 275.26
step 60200  loss 92.8296  train_top1 0.000  lr 5.48e-05  (3.4 it/s)
    qrl push 7.707 sq_dev 0.0000 lam 79.756 d_step 0.000 d_rand 167.904 var 0.000 sib 0.000 unr 5.723 unrb 4.602 d_unr 150.29 d_oth 221.32
step 60300  loss 77.2052  train_top1 0.000  lr 5.46e-05  (3.4 it/s)
    qrl push 4.665 sq_dev 0.0481 lam 79.808 d_step 0.013 d_rand 182.465 var 0.000 sib 0.000 unr 3.459 unrb 4.955 d_unr 150.69 d_oth 262.11
step 60400  loss 119.8073  train_top1 0.000  lr 5.45e-05  (4.0 it/s)
    qrl push 8.073 sq_dev 0.0000 lam 79.912 d_step 0.000 d_rand 155.411 var 0.000 sib 0.000 unr 7.024 unrb 5.497 d_unr 132.15 d_oth 208.97
step 60500  loss 101.6155  train_top1 0.000  lr 5.44e-05  (3.7 it/s)
    qrl push 10.398 sq_dev 0.0000 lam 80.237 d_step 0.000 d_rand 157.426 var 0.000 sib 0.000 unr 7.694 unrb 5.741 d_unr 152.23 d_oth 182.13
step 60600  loss 92.1703  train_top1 0.000  lr 5.43e-05  (3.5 it/s)
    qrl push 8.511 sq_dev 0.0141 lam 80.332 d_step 0.013 d_rand 150.669 var 0.000 sib 0.000 unr 5.917 unrb 4.420 d_unr 137.74 d_oth 207.42
step 60700  loss 95.0975  train_top1 0.000  lr 5.42e-05  (4.0 it/s)
    qrl push 7.547 sq_dev 0.0000 lam 80.339 d_step 0.001 d_rand 147.034 var 0.000 sib 0.000 unr 5.390 unrb 5.045 d_unr 122.91 d_oth 234.82
step 60800  loss 106.8923  train_top1 0.000  lr 5.41e-05  (3.6 it/s)
    qrl push 7.566 sq_dev 0.0000 lam 80.364 d_step 0.000 d_rand 159.508 var 0.000 sib 0.000 unr 5.523 unrb 5.264 d_unr 137.67 d_oth 215.86
step 60900  loss 82.6478  train_top1 0.000  lr 5.39e-05  (3.4 it/s)
    qrl push 6.644 sq_dev 0.1204 lam 80.363 d_step 0.025 d_rand 167.914 var 0.000 sib 0.000 unr 5.119 unrb 3.989 d_unr 141.97 d_oth 241.84
step 61000  loss 73.3354  train_top1 0.000  lr 5.38e-05  (3.4 it/s)
    qrl push 8.904 sq_dev 0.0062 lam 80.433 d_step 0.005 d_rand 149.553 var 0.000 sib 0.000 unr 6.694 unrb 4.986 d_unr 128.52 d_oth 236.20
step 61100  loss 63.5840  train_top1 0.000  lr 5.37e-05  (3.4 it/s)
    qrl push 9.078 sq_dev 1.2520 lam 80.450 d_step 0.116 d_rand 148.984 var 0.000 sib 0.000 unr 6.748 unrb 4.215 d_unr 129.32 d_oth 236.75
step 61200  loss 83.4405  train_top1 0.000  lr 5.36e-05  (3.4 it/s)
    qrl push 8.047 sq_dev 0.1537 lam 80.591 d_step 0.031 d_rand 153.760 var 0.000 sib 0.000 unr 5.926 unrb 4.222 d_unr 137.14 d_oth 218.19
step 61300  loss 65.6570  train_top1 0.000  lr 5.35e-05  (3.6 it/s)
    qrl push 4.726 sq_dev 0.0674 lam 80.613 d_step 0.021 d_rand 186.917 var 0.000 sib 0.000 unr 3.992 unrb 4.304 d_unr 148.81 d_oth 271.51
step 61400  loss 73.4385  train_top1 0.000  lr 5.34e-05  (3.4 it/s)
    qrl push 6.381 sq_dev 0.0095 lam 80.635 d_step 0.008 d_rand 182.683 var 0.000 sib 0.000 unr 4.708 unrb 3.535 d_unr 159.55 d_oth 257.01
step 61500  loss 91.8275  train_top1 0.000  lr 5.32e-05  (3.3 it/s)
    qrl push 7.489 sq_dev 0.0000 lam 80.968 d_step 0.000 d_rand 130.996 var 0.000 sib 0.000 unr 5.300 unrb 5.041 d_unr 117.01 d_oth 170.85
step 61600  loss 92.8646  train_top1 0.000  lr 5.31e-05  (3.3 it/s)
    qrl push 5.696 sq_dev 0.0000 lam 80.969 d_step 0.000 d_rand 162.506 var 0.000 sib 0.000 unr 3.835 unrb 3.855 d_unr 142.26 d_oth 234.00
step 61700  loss 74.6292  train_top1 0.000  lr 5.30e-05  (3.4 it/s)
    qrl push 6.048 sq_dev 0.1032 lam 81.019 d_step 0.028 d_rand 169.236 var 0.000 sib 0.000 unr 4.414 unrb 4.102 d_unr 141.87 d_oth 253.08
step 61800  loss 104.7506  train_top1 0.000  lr 5.29e-05  (3.4 it/s)
    qrl push 8.842 sq_dev 0.0000 lam 81.171 d_step 0.000 d_rand 123.133 var 0.000 sib 0.000 unr 6.266 unrb 5.729 d_unr 111.24 d_oth 161.16
step 61900  loss 85.5219  train_top1 0.000  lr 5.28e-05  (3.3 it/s)
    qrl push 8.280 sq_dev 0.1911 lam 81.229 d_step 0.064 d_rand 145.422 var 0.000 sib 0.000 unr 6.137 unrb 4.042 d_unr 127.18 d_oth 209.84
step 62000  loss 91.8788  train_top1 0.000  lr 5.26e-05  (3.4 it/s)
  VAL step 62000  loss 806.3590  top1 0.001  top8 0.021
    qrl push 9.032 sq_dev 0.0071 lam 81.243 d_step 0.006 d_rand 158.148 var 0.000 sib 0.000 unr 7.147 unrb 5.268 d_unr 143.85 d_oth 199.73
step 62100  loss 81.6567  train_top1 0.000  lr 5.25e-05  (2.6 it/s)
    qrl push 6.123 sq_dev 0.0000 lam 81.263 d_step 0.000 d_rand 159.426 var 0.000 sib 0.000 unr 4.395 unrb 4.172 d_unr 134.43 d_oth 239.11
step 62200  loss 75.0635  train_top1 0.000  lr 5.24e-05  (3.3 it/s)
    qrl push 6.616 sq_dev 0.0000 lam 81.318 d_step 0.000 d_rand 168.080 var 0.000 sib 0.000 unr 4.568 unrb 3.645 d_unr 155.93 d_oth 210.48
step 62300  loss 59.8348  train_top1 0.000  lr 5.23e-05  (3.3 it/s)
    qrl push 5.673 sq_dev 0.0252 lam 81.329 d_step 0.020 d_rand 162.902 var 0.000 sib 0.000 unr 3.576 unrb 3.364 d_unr 146.25 d_oth 233.24
step 62400  loss 118.0438  train_top1 0.000  lr 5.22e-05  (3.3 it/s)
    qrl push 6.252 sq_dev 0.0207 lam 81.482 d_step 0.021 d_rand 161.842 var 0.000 sib 0.000 unr 4.766 unrb 6.024 d_unr 146.87 d_oth 210.22
step 62500  loss 88.8325  train_top1 0.000  lr 5.21e-05  (3.3 it/s)
    qrl push 6.579 sq_dev 0.0000 lam 81.487 d_step 0.000 d_rand 155.495 var 0.000 sib 0.000 unr 5.154 unrb 5.262 d_unr 121.51 d_oth 248.74
step 62600  loss 59.1968  train_top1 0.000  lr 5.19e-05  (3.3 it/s)
    qrl push 5.432 sq_dev 0.1286 lam 81.492 d_step 0.025 d_rand 166.826 var 0.000 sib 0.000 unr 3.687 unrb 3.990 d_unr 147.43 d_oth 237.70
step 62700  loss 72.8067  train_top1 0.000  lr 5.18e-05  (3.3 it/s)
    qrl push 6.462 sq_dev 0.0281 lam 81.526 d_step 0.012 d_rand 179.119 var 0.000 sib 0.000 unr 4.224 unrb 3.728 d_unr 169.02 d_oth 225.23
step 62800  loss 71.3300  train_top1 0.000  lr 5.17e-05  (3.3 it/s)
    qrl push 4.214 sq_dev 0.0112 lam 81.655 d_step 0.013 d_rand 157.678 var 0.000 sib 0.000 unr 2.805 unrb 3.785 d_unr 132.24 d_oth 241.69
step 62900  loss 83.8828  train_top1 0.000  lr 5.16e-05  (3.4 it/s)
    qrl push 8.607 sq_dev 0.0000 lam 81.842 d_step 0.001 d_rand 137.220 var 0.000 sib 0.000 unr 5.995 unrb 5.054 d_unr 122.43 d_oth 198.16
step 63000  loss 98.2091  train_top1 0.000  lr 5.15e-05  (3.4 it/s)
    qrl push 8.863 sq_dev 0.0000 lam 81.913 d_step 0.000 d_rand 151.480 var 0.000 sib 0.000 unr 6.225 unrb 4.419 d_unr 142.08 d_oth 184.30
step 63100  loss 68.7351  train_top1 0.000  lr 5.14e-05  (3.5 it/s)
    qrl push 4.705 sq_dev 0.1238 lam 81.992 d_step 0.040 d_rand 167.530 var 0.000 sib 0.000 unr 3.510 unrb 3.519 d_unr 152.62 d_oth 220.18
step 63200  loss 87.9692  train_top1 0.000  lr 5.12e-05  (3.4 it/s)
    qrl push 8.847 sq_dev 0.0089 lam 82.023 d_step 0.008 d_rand 152.622 var 0.000 sib 0.000 unr 5.786 unrb 3.596 d_unr 140.03 d_oth 195.55
step 63300  loss 68.5776  train_top1 0.000  lr 5.11e-05  (3.4 it/s)
    qrl push 4.697 sq_dev 0.0052 lam 82.062 d_step 0.005 d_rand 191.654 var 0.000 sib 0.000 unr 3.671 unrb 4.043 d_unr 169.43 d_oth 240.76
step 63400  loss 60.9781  train_top1 0.000  lr 5.10e-05  (3.3 it/s)
    qrl push 5.892 sq_dev 0.0633 lam 82.075 d_step 0.043 d_rand 158.885 var 0.000 sib 0.000 unr 3.542 unrb 3.712 d_unr 140.34 d_oth 239.23
step 63500  loss 46.6496  train_top1 0.000  lr 5.09e-05  (3.3 it/s)
    qrl push 5.324 sq_dev 0.0231 lam 82.067 d_step 0.022 d_rand 154.566 var 0.000 sib 0.000 unr 3.567 unrb 2.922 d_unr 137.82 d_oth 215.06
step 63600  loss 56.4997  train_top1 0.000  lr 5.08e-05  (3.3 it/s)
    qrl push 6.284 sq_dev 0.1597 lam 82.093 d_step 0.042 d_rand 150.706 var 0.000 sib 0.000 unr 4.204 unrb 3.674 d_unr 131.51 d_oth 220.84
step 63700  loss 69.9794  train_top1 0.000  lr 5.06e-05  (3.3 it/s)
    qrl push 6.936 sq_dev 0.0000 lam 82.209 d_step 0.000 d_rand 150.713 var 0.000 sib 0.000 unr 4.702 unrb 3.386 d_unr 141.21 d_oth 190.37
step 63800  loss 77.8326  train_top1 0.000  lr 5.05e-05  (3.4 it/s)
    qrl push 6.577 sq_dev 0.1132 lam 82.213 d_step 0.049 d_rand 163.551 var 0.000 sib 0.000 unr 4.594 unrb 4.227 d_unr 147.70 d_oth 222.85
step 63900  loss 104.1947  train_top1 0.000  lr 5.04e-05  (3.3 it/s)
    qrl push 10.306 sq_dev 0.0000 lam 82.501 d_step 0.000 d_rand 136.119 var 0.000 sib 0.000 unr 7.371 unrb 5.507 d_unr 127.43 d_oth 171.46
step 64000  loss 52.4979  train_top1 0.000  lr 5.03e-05  (3.3 it/s)
  VAL step 64000  loss 790.7016  top1 0.000  top8 0.019
    qrl push 7.029 sq_dev 0.6054 lam 82.501 d_step 0.098 d_rand 146.548 var 0.000 sib 0.000 unr 4.446 unrb 3.833 d_unr 139.82 d_oth 176.94
step 64100  loss 66.5256  train_top1 0.000  lr 5.02e-05  (2.5 it/s)
    qrl push 5.640 sq_dev 0.0211 lam 82.551 d_step 0.021 d_rand 174.569 var 0.000 sib 0.000 unr 3.665 unrb 2.609 d_unr 162.86 d_oth 221.07
step 64200  loss 99.7837  train_top1 0.000  lr 5.01e-05  (3.3 it/s)
    qrl push 7.945 sq_dev 0.0000 lam 82.573 d_step 0.000 d_rand 131.114 var 0.000 sib 0.000 unr 5.884 unrb 3.521 d_unr 109.30 d_oth 211.76
step 64300  loss 74.8443  train_top1 0.000  lr 4.99e-05  (3.3 it/s)
    qrl push 5.963 sq_dev 0.2888 lam 82.586 d_step 0.052 d_rand 167.579 var 0.000 sib 0.000 unr 3.798 unrb 2.272 d_unr 163.23 d_oth 186.91
step 64400  loss 95.2046  train_top1 0.000  lr 4.98e-05  (3.3 it/s)
    qrl push 8.194 sq_dev 0.0827 lam 82.699 d_step 0.029 d_rand 125.929 var 0.000 sib 0.000 unr 6.611 unrb 4.512 d_unr 102.23 d_oth 197.02
step 64500  loss 57.8826  train_top1 0.000  lr 4.97e-05  (3.3 it/s)
    qrl push 7.289 sq_dev 0.2096 lam 82.765 d_step 0.028 d_rand 146.987 var 0.000 sib 0.000 unr 5.226 unrb 3.820 d_unr 128.41 d_oth 205.75
step 64600  loss 74.0395  train_top1 0.000  lr 4.96e-05  (3.3 it/s)
    qrl push 7.597 sq_dev 0.0010 lam 82.757 d_step 0.006 d_rand 155.763 var 0.000 sib 0.000 unr 6.253 unrb 3.767 d_unr 126.14 d_oth 236.86
step 64700  loss 50.3418  train_top1 0.000  lr 4.95e-05  (3.3 it/s)
    qrl push 5.195 sq_dev 0.0004 lam 82.759 d_step 0.003 d_rand 188.507 var 0.000 sib 0.000 unr 3.576 unrb 3.175 d_unr 178.49 d_oth 218.87
step 64800  loss 272.1039  train_top1 0.000  lr 4.94e-05  (3.3 it/s)
    qrl push 6.583 sq_dev 0.0269 lam 82.755 d_step 0.018 d_rand 158.093 var 0.000 sib 0.000 unr 4.675 unrb 3.641 d_unr 134.35 d_oth 220.82
step 64900  loss 86.1479  train_top1 0.000  lr 4.92e-05  (3.3 it/s)
    qrl push 6.409 sq_dev 0.0043 lam 82.790 d_step 0.016 d_rand 148.320 var 0.000 sib 0.000 unr 4.724 unrb 4.500 d_unr 114.82 d_oth 229.17
step 65000  loss 74.0730  train_top1 0.000  lr 4.91e-05  (3.3 it/s)
  ladder checkpoint -> field_scratch_full_v4_step65000.pt
    qrl push 6.134 sq_dev 0.0000 lam 82.891 d_step 0.000 d_rand 157.769 var 0.000 sib 0.000 unr 4.481 unrb 3.994 d_unr 138.61 d_oth 218.38
step 65100  loss 73.6318  train_top1 0.000  lr 4.90e-05  (3.3 it/s)
    qrl push 5.801 sq_dev 0.0015 lam 82.937 d_step 0.005 d_rand 156.455 var 0.000 sib 0.000 unr 3.871 unrb 3.281 d_unr 136.37 d_oth 222.77
step 65200  loss 71.0409  train_top1 0.000  lr 4.89e-05  (3.3 it/s)
    qrl push 8.157 sq_dev 0.0000 lam 83.094 d_step 0.000 d_rand 119.329 var 0.000 sib 0.000 unr 5.584 unrb 5.581 d_unr 101.10 d_oth 192.60
step 65300  loss 82.9001  train_top1 0.000  lr 4.88e-05  (3.4 it/s)
    qrl push 6.082 sq_dev 0.0114 lam 83.099 d_step 0.011 d_rand 156.591 var 0.000 sib 0.000 unr 4.224 unrb 2.794 d_unr 141.27 d_oth 196.26
step 65400  loss 62.7101  train_top1 0.000  lr 4.87e-05  (3.3 it/s)
    qrl push 7.260 sq_dev 0.0000 lam 83.128 d_step 0.001 d_rand 138.049 var 0.000 sib 0.000 unr 5.248 unrb 4.454 d_unr 112.10 d_oth 213.31
step 65500  loss 64.1909  train_top1 0.000  lr 4.85e-05  (3.3 it/s)
    qrl push 6.979 sq_dev 0.0029 lam 83.134 d_step 0.008 d_rand 148.881 var 0.000 sib 0.000 unr 4.301 unrb 3.602 d_unr 143.58 d_oth 174.08
step 65600  loss 73.2403  train_top1 0.000  lr 4.84e-05  (3.3 it/s)
    qrl push 6.441 sq_dev 0.0000 lam 83.149 d_step 0.002 d_rand 160.540 var 0.000 sib 0.000 unr 4.261 unrb 2.918 d_unr 144.68 d_oth 221.29
step 65700  loss 56.8781  train_top1 0.000  lr 4.83e-05  (3.3 it/s)
    qrl push 6.189 sq_dev 0.1764 lam 83.410 d_step 0.024 d_rand 169.788 var 0.000 sib 0.000 unr 3.980 unrb 3.237 d_unr 160.01 d_oth 205.95
step 65800  loss 64.8104  train_top1 0.000  lr 4.82e-05  (3.3 it/s)
    qrl push 8.714 sq_dev 0.0000 lam 83.434 d_step 0.002 d_rand 128.495 var 0.000 sib 0.000 unr 5.409 unrb 4.353 d_unr 120.43 d_oth 171.41
step 65900  loss 75.4355  train_top1 0.000  lr 4.81e-05  (3.3 it/s)
    qrl push 6.728 sq_dev 0.0000 lam 83.454 d_step 0.000 d_rand 147.016 var 0.000 sib 0.000 unr 4.457 unrb 3.442 d_unr 133.01 d_oth 210.19
step 66000  loss 47.7710  train_top1 0.000  lr 4.80e-05  (3.4 it/s)
  VAL step 66000  loss 798.9092  top1 0.002  top8 0.033
    qrl push 5.493 sq_dev 0.0003 lam 83.473 d_step 0.009 d_rand 158.003 var 0.000 sib 0.000 unr 3.622 unrb 2.755 d_unr 140.96 d_oth 218.87
step 66100  loss 80.3820  train_top1 0.000  lr 4.78e-05  (2.4 it/s)
    qrl push 6.036 sq_dev 0.0649 lam 83.564 d_step 0.018 d_rand 207.911 var 0.000 sib 0.000 unr 3.801 unrb 3.452 d_unr 208.99 d_oth 202.87
step 66200  loss 72.0125  train_top1 0.000  lr 4.77e-05  (3.3 it/s)
    qrl push 7.134 sq_dev 0.0000 lam 83.616 d_step 0.000 d_rand 135.501 var 0.000 sib 0.000 unr 5.347 unrb 3.744 d_unr 113.49 d_oth 187.70
step 66300  loss 47.4694  train_top1 0.000  lr 4.76e-05  (3.3 it/s)
    qrl push 4.233 sq_dev 0.4346 lam 83.613 d_step 0.109 d_rand 183.005 var 0.000 sib 0.000 unr 2.617 unrb 2.529 d_unr 161.11 d_oth 240.05
step 66400  loss 137.0052  train_top1 0.000  lr 4.75e-05  (3.3 it/s)
    qrl push 10.119 sq_dev 0.0117 lam 83.877 d_step 0.014 d_rand 105.361 var 0.000 sib 0.000 unr 7.883 unrb 6.471 d_unr 85.26 d_oth 165.00
step 66500  loss 91.1407  train_top1 0.000  lr 4.74e-05  (3.3 it/s)
    qrl push 6.995 sq_dev 0.0000 lam 83.910 d_step 0.000 d_rand 137.291 var 0.000 sib 0.000 unr 4.914 unrb 3.910 d_unr 117.40 d_oth 210.83
step 66600  loss 92.8672  train_top1 0.000  lr 4.73e-05  (3.3 it/s)
    qrl push 6.528 sq_dev 0.0093 lam 83.937 d_step 0.013 d_rand 154.208 var 0.000 sib 0.000 unr 4.181 unrb 3.506 d_unr 139.15 d_oth 220.30
step 66700  loss 112.2864  train_top1 0.000  lr 4.71e-05  (3.2 it/s)
    qrl push 8.129 sq_dev 0.0000 lam 84.026 d_step 0.000 d_rand 142.660 var 0.000 sib 0.000 unr 6.164 unrb 4.672 d_unr 120.55 d_oth 210.40
step 66800  loss 96.9449  train_top1 0.000  lr 4.70e-05  (3.3 it/s)
    qrl push 9.695 sq_dev 0.0000 lam 84.280 d_step 0.000 d_rand 120.045 var 0.000 sib 0.000 unr 7.006 unrb 4.800 d_unr 98.76 d_oth 204.55
step 66900  loss 74.1851  train_top1 0.000  lr 4.69e-05  (3.3 it/s)
    qrl push 5.208 sq_dev 0.0310 lam 84.291 d_step 0.019 d_rand 162.103 var 0.000 sib 0.000 unr 3.219 unrb 3.454 d_unr 149.63 d_oth 235.93
step 67000  loss 47.3959  train_top1 0.000  lr 4.68e-05  (3.3 it/s)
    qrl push 4.549 sq_dev 0.3979 lam 84.294 d_step 0.030 d_rand 150.884 var 0.000 sib 0.000 unr 3.326 unrb 3.269 d_unr 121.97 d_oth 254.15
step 67100  loss 99.0843  train_top1 0.000  lr 4.67e-05  (3.3 it/s)
    qrl push 7.604 sq_dev 0.0029 lam 84.586 d_step 0.008 d_rand 119.348 var 0.000 sib 0.000 unr 5.090 unrb 4.242 d_unr 104.02 d_oth 194.22
step 67200  loss 65.3457  train_top1 0.000  lr 4.66e-05  (3.3 it/s)
    qrl push 5.680 sq_dev 0.0131 lam 84.589 d_step 0.008 d_rand 119.187 var 0.000 sib 0.000 unr 3.644 unrb 3.811 d_unr 99.86 d_oth 181.17
step 67300  loss 63.3566  train_top1 0.000  lr 4.65e-05  (3.3 it/s)
    qrl push 5.709 sq_dev 0.1743 lam 84.589 d_step 0.024 d_rand 136.443 var 0.000 sib 0.000 unr 3.669 unrb 2.593 d_unr 120.26 d_oth 188.18
step 67400  loss 55.4045  train_top1 0.000  lr 4.63e-05  (3.4 it/s)
    qrl push 5.873 sq_dev 0.0894 lam 84.597 d_step 0.023 d_rand 134.416 var 0.000 sib 0.000 unr 3.645 unrb 4.125 d_unr 123.52 d_oth 189.49
step 67500  loss 73.4355  train_top1 0.000  lr 4.62e-05  (3.3 it/s)
    qrl push 5.912 sq_dev 0.0345 lam 84.612 d_step 0.010 d_rand 139.610 var 0.000 sib 0.000 unr 4.489 unrb 4.210 d_unr 110.29 d_oth 228.51
step 67600  loss 51.0889  train_top1 0.000  lr 4.61e-05  (3.3 it/s)
    qrl push 5.415 sq_dev 0.0139 lam 84.630 d_step 0.007 d_rand 149.642 var 0.000 sib 0.000 unr 3.246 unrb 3.311 d_unr 133.02 d_oth 209.69
step 67700  loss 63.3218  train_top1 0.000  lr 4.60e-05  (3.3 it/s)
    qrl push 6.108 sq_dev 0.0113 lam 84.850 d_step 0.011 d_rand 127.160 var 0.000 sib 0.000 unr 4.024 unrb 3.741 d_unr 105.12 d_oth 185.15
step 67800  loss 86.8139  train_top1 0.000  lr 4.59e-05  (3.3 it/s)
    qrl push 5.601 sq_dev 0.0025 lam 84.853 d_step 0.004 d_rand 143.378 var 0.000 sib 0.000 unr 3.944 unrb 2.716 d_unr 117.40 d_oth 215.20
step 67900  loss 65.7340  train_top1 0.000  lr 4.58e-05  (3.3 it/s)
    qrl push 6.174 sq_dev 0.0330 lam 84.862 d_step 0.021 d_rand 147.956 var 0.000 sib 0.000 unr 4.292 unrb 3.414 d_unr 129.44 d_oth 215.62
step 68000  loss 65.5497  train_top1 0.000  lr 4.56e-05  (3.3 it/s)
  VAL step 68000  loss 754.0705  top1 0.001  top8 0.031
    qrl push 5.957 sq_dev 0.0000 lam 84.877 d_step 0.000 d_rand 137.294 var 0.000 sib 0.000 unr 3.902 unrb 3.238 d_unr 115.70 d_oth 212.68
step 68100  loss 103.4243  train_top1 0.000  lr 4.55e-05  (2.4 it/s)
    qrl push 6.266 sq_dev 0.0000 lam 84.877 d_step 0.001 d_rand 147.113 var 0.000 sib 0.000 unr 4.712 unrb 3.901 d_unr 128.84 d_oth 201.35
step 68200  loss 56.0538  train_top1 0.000  lr 4.54e-05  (3.3 it/s)
    qrl push 6.906 sq_dev 0.0802 lam 84.877 d_step 0.025 d_rand 151.622 var 0.000 sib 0.000 unr 5.074 unrb 2.756 d_unr 128.37 d_oth 215.91
step 68300  loss 58.8322  train_top1 0.000  lr 4.53e-05  (3.2 it/s)
    qrl push 5.776 sq_dev 0.0590 lam 84.894 d_step 0.014 d_rand 141.045 var 0.000 sib 0.000 unr 4.065 unrb 3.907 d_unr 113.10 d_oth 236.59
step 68400  loss 53.5980  train_top1 0.000  lr 4.52e-05  (3.3 it/s)
    qrl push 6.251 sq_dev 0.0001 lam 84.903 d_step 0.002 d_rand 144.931 var 0.000 sib 0.000 unr 4.270 unrb 4.021 d_unr 124.88 d_oth 220.82
step 68500  loss 107.6392  train_top1 0.000  lr 4.51e-05  (3.4 it/s)
    qrl push 6.826 sq_dev 0.0355 lam 84.928 d_step 0.013 d_rand 133.356 var 0.000 sib 0.000 unr 4.990 unrb 3.176 d_unr 112.16 d_oth 202.58
step 68600  loss 87.3122  train_top1 0.000  lr 4.50e-05  (3.3 it/s)
    qrl push 6.196 sq_dev 0.0305 lam 84.942 d_step 0.014 d_rand 152.862 var 0.000 sib 0.000 unr 4.502 unrb 3.912 d_unr 121.38 d_oth 252.44
step 68700  loss 69.9370  train_top1 0.000  lr 4.48e-05  (3.3 it/s)
    qrl push 6.204 sq_dev 0.0130 lam 84.936 d_step 0.017 d_rand 149.739 var 0.000 sib 0.000 unr 3.962 unrb 3.343 d_unr 137.96 d_oth 192.31
step 68800  loss 71.2113  train_top1 0.000  lr 4.47e-05  (3.3 it/s)
    qrl push 7.334 sq_dev 0.0003 lam 85.070 d_step 0.003 d_rand 136.556 var 0.000 sib 0.000 unr 5.586 unrb 4.952 d_unr 108.70 d_oth 216.75
step 68900  loss 65.3873  train_top1 0.000  lr 4.46e-05  (3.3 it/s)
    qrl push 5.742 sq_dev 0.0383 lam 85.060 d_step 0.020 d_rand 143.706 var 0.000 sib 0.000 unr 3.545 unrb 2.777 d_unr 122.06 d_oth 221.89
step 69000  loss 62.2777  train_top1 0.000  lr 4.45e-05  (3.6 it/s)
    qrl push 5.569 sq_dev 0.0046 lam 85.057 d_step 0.008 d_rand 159.950 var 0.000 sib 0.000 unr 3.691 unrb 2.987 d_unr 135.60 d_oth 233.77
step 69100  loss 101.0919  train_top1 0.000  lr 4.44e-05  (3.3 it/s)
    qrl push 8.979 sq_dev 0.0000 lam 85.139 d_step 0.002 d_rand 120.147 var 0.000 sib 0.000 unr 6.499 unrb 6.449 d_unr 106.20 d_oth 177.77
step 69200  loss 118.1040  train_top1 0.000  lr 4.43e-05  (3.3 it/s)
    qrl push 9.455 sq_dev 0.0564 lam 85.176 d_step 0.024 d_rand 130.292 var 0.000 sib 0.000 unr 6.666 unrb 5.603 d_unr 108.06 d_oth 207.92
step 69300  loss 86.4288  train_top1 0.000  lr 4.42e-05  (3.3 it/s)
    qrl push 6.335 sq_dev 0.6664 lam 85.179 d_step 0.074 d_rand 151.747 var 0.000 sib 0.000 unr 4.363 unrb 4.658 d_unr 131.75 d_oth 213.65
step 69400  loss 74.3800  train_top1 0.000  lr 4.40e-05  (3.3 it/s)
    qrl push 6.886 sq_dev 0.0098 lam 85.421 d_step 0.010 d_rand 143.520 var 0.000 sib 0.000 unr 4.461 unrb 3.742 d_unr 131.25 d_oth 184.95
step 69500  loss 53.9623  train_top1 0.000  lr 4.39e-05  (3.4 it/s)
    qrl push 4.279 sq_dev 0.0248 lam 85.410 d_step 0.013 d_rand 164.779 var 0.000 sib 0.000 unr 2.621 unrb 2.317 d_unr 149.29 d_oth 221.39
step 69600  loss 70.3782  train_top1 0.000  lr 4.38e-05  (3.3 it/s)
    qrl push 4.962 sq_dev 0.1110 lam 85.497 d_step 0.051 d_rand 132.662 var 0.000 sib 0.000 unr 2.972 unrb 2.444 d_unr 119.65 d_oth 189.77
step 69700  loss 59.3138  train_top1 0.000  lr 4.37e-05  (3.3 it/s)
    qrl push 5.475 sq_dev 0.0000 lam 85.501 d_step 0.000 d_rand 145.070 var 0.000 sib 0.000 unr 3.387 unrb 2.609 d_unr 119.57 d_oth 212.16
step 69800  loss 79.1220  train_top1 0.000  lr 4.36e-05  (3.4 it/s)
    qrl push 5.855 sq_dev 0.0000 lam 85.506 d_step 0.001 d_rand 145.380 var 0.000 sib 0.000 unr 3.862 unrb 3.367 d_unr 128.20 d_oth 211.98
step 69900  loss 115.2901  train_top1 0.000  lr 4.35e-05  (3.4 it/s)
    qrl push 10.178 sq_dev 0.0000 lam 85.709 d_step 0.000 d_rand 107.497 var 0.000 sib 0.000 unr 7.057 unrb 6.134 d_unr 96.92 d_oth 147.70
step 70000  loss 60.0906  train_top1 0.000  lr 4.34e-05  (3.3 it/s)
  VAL step 70000  loss 715.5768  top1 0.002  top8 0.034
  ladder checkpoint -> field_scratch_full_v4_step70000.pt
    qrl push 4.433 sq_dev 0.0064 lam 85.720 d_step 0.011 d_rand 143.315 var 0.000 sib 0.000 unr 2.862 unrb 4.708 d_unr 115.77 d_oth 212.37
step 70100  loss 45.3013  train_top1 0.000  lr 4.32e-05  (2.4 it/s)
    qrl push 3.388 sq_dev 0.0108 lam 85.725 d_step 0.007 d_rand 157.604 var 0.000 sib 0.000 unr 2.055 unrb 2.743 d_unr 138.21 d_oth 223.80
step 70200  loss 45.4215  train_top1 0.000  lr 4.31e-05  (3.3 it/s)
    qrl push 6.216 sq_dev 0.1523 lam 85.721 d_step 0.027 d_rand 135.311 var 0.000 sib 0.000 unr 3.622 unrb 2.896 d_unr 120.64 d_oth 193.56
step 70300  loss 43.1297  train_top1 0.000  lr 4.30e-05  (3.3 it/s)
    qrl push 4.626 sq_dev 0.0000 lam 85.776 d_step 0.001 d_rand 165.032 var 0.000 sib 0.000 unr 3.013 unrb 3.290 d_unr 154.76 d_oth 206.83
step 70400  loss 76.3287  train_top1 0.000  lr 4.29e-05  (3.3 it/s)
    qrl push 6.072 sq_dev 0.2430 lam 85.816 d_step 0.086 d_rand 165.361 var 0.000 sib 0.000 unr 4.108 unrb 3.395 d_unr 149.36 d_oth 213.87
step 70500  loss 51.3657  train_top1 0.000  lr 4.28e-05  (3.3 it/s)
    qrl push 5.203 sq_dev 0.1639 lam 85.830 d_step 0.051 d_rand 164.533 var 0.000 sib 0.000 unr 3.732 unrb 2.887 d_unr 149.38 d_oth 209.88
step 70600  loss 66.9519  train_top1 0.000  lr 4.27e-05  (3.4 it/s)
    qrl push 6.281 sq_dev 0.0000 lam 85.973 d_step 0.000 d_rand 151.104 var 0.000 sib 0.000 unr 3.700 unrb 3.993 d_unr 147.14 d_oth 173.16
step 70700  loss 57.7233  train_top1 0.000  lr 4.26e-05  (3.3 it/s)
    qrl push 5.003 sq_dev 0.0265 lam 85.980 d_step 0.014 d_rand 148.341 var 0.000 sib 0.000 unr 2.859 unrb 2.738 d_unr 137.12 d_oth 193.45
step 70800  loss 35.4018  train_top1 0.000  lr 4.24e-05  (3.5 it/s)
    qrl push 5.442 sq_dev 0.0001 lam 86.049 d_step 0.003 d_rand 151.600 var 0.000 sib 0.000 unr 3.531 unrb 2.304 d_unr 130.85 d_oth 210.74
step 70900  loss 64.7646  train_top1 0.000  lr 4.23e-05  (3.4 it/s)
    qrl push 5.471 sq_dev 0.0000 lam 86.057 d_step 0.000 d_rand 145.121 var 0.000 sib 0.000 unr 3.345 unrb 3.439 d_unr 129.82 d_oth 192.01
step 71000  loss 69.8877  train_top1 0.000  lr 4.22e-05  (3.3 it/s)
    qrl push 6.926 sq_dev 0.0000 lam 86.148 d_step 0.002 d_rand 156.062 var 0.000 sib 0.000 unr 4.233 unrb 3.667 d_unr 150.15 d_oth 186.21
step 71100  loss 46.8014  train_top1 0.000  lr 4.21e-05  (3.3 it/s)
    qrl push 5.398 sq_dev 0.2274 lam 86.144 d_step 0.045 d_rand 151.446 var 0.000 sib 0.000 unr 3.549 unrb 3.190 d_unr 127.76 d_oth 218.94
step 71200  loss 44.6559  train_top1 0.000  lr 4.20e-05  (3.4 it/s)
    qrl push 6.089 sq_dev 0.1981 lam 86.176 d_step 0.066 d_rand 159.493 var 0.000 sib 0.000 unr 3.491 unrb 2.658 d_unr 154.32 d_oth 181.92
step 71300  loss 88.4394  train_top1 0.000  lr 4.19e-05  (3.3 it/s)
    qrl push 4.517 sq_dev 0.0000 lam 86.240 d_step 0.000 d_rand 159.194 var 0.000 sib 0.000 unr 2.655 unrb 3.144 d_unr 133.36 d_oth 240.90
step 71400  loss 74.1549  train_top1 0.000  lr 4.18e-05  (3.3 it/s)
    qrl push 4.202 sq_dev 0.0021 lam 86.330 d_step 0.007 d_rand 150.146 var 0.000 sib 0.000 unr 2.507 unrb 3.490 d_unr 131.24 d_oth 204.59
step 71500  loss 41.4398  train_top1 0.000  lr 4.17e-05  (3.3 it/s)
    qrl push 7.033 sq_dev 0.0000 lam 86.382 d_step 0.005 d_rand 151.617 var 0.000 sib 0.000 unr 5.160 unrb 3.346 d_unr 130.55 d_oth 212.26
step 71600  loss 60.1860  train_top1 0.000  lr 4.15e-05  (3.2 it/s)
    qrl push 6.727 sq_dev 0.0206 lam 86.370 d_step 0.009 d_rand 145.010 var 0.000 sib 0.000 unr 4.591 unrb 3.316 d_unr 127.13 d_oth 212.12
step 71700  loss 42.0396  train_top1 0.000  lr 4.14e-05  (3.4 it/s)
    qrl push 4.849 sq_dev 0.0671 lam 86.349 d_step 0.040 d_rand 157.065 var 0.000 sib 0.000 unr 3.331 unrb 2.690 d_unr 131.59 d_oth 232.70
step 71800  loss 58.2898  train_top1 0.000  lr 4.13e-05  (3.3 it/s)
    qrl push 6.130 sq_dev 0.0000 lam 86.378 d_step 0.000 d_rand 154.263 var 0.000 sib 0.000 unr 4.439 unrb 4.512 d_unr 131.08 d_oth 239.00
step 71900  loss 63.1476  train_top1 0.000  lr 4.12e-05  (3.3 it/s)
    qrl push 5.926 sq_dev 0.0201 lam 86.457 d_step 0.016 d_rand 144.881 var 0.000 sib 0.000 unr 3.818 unrb 3.121 d_unr 123.81 d_oth 210.83
step 72000  loss 54.6571  train_top1 0.000  lr 4.11e-05  (3.3 it/s)
  VAL step 72000  loss 909.2691  top1 0.001  top8 0.033
    qrl push 6.254 sq_dev 0.0142 lam 86.447 d_step 0.017 d_rand 159.056 var 0.000 sib 0.000 unr 4.241 unrb 3.533 d_unr 135.34 d_oth 241.87
step 72100  loss 59.1474  train_top1 0.000  lr 4.10e-05  (2.4 it/s)
    qrl push 3.977 sq_dev 0.0000 lam 86.497 d_step 0.002 d_rand 175.719 var 0.000 sib 0.000 unr 2.617 unrb 2.866 d_unr 154.62 d_oth 237.07
step 72200  loss 97.8873  train_top1 0.000  lr 4.09e-05  (3.3 it/s)
    qrl push 7.641 sq_dev 0.0000 lam 86.802 d_step 0.001 d_rand 126.992 var 0.000 sib 0.000 unr 5.247 unrb 5.819 d_unr 109.27 d_oth 186.77
step 72300  loss 75.1006  train_top1 0.000  lr 4.08e-05  (3.3 it/s)
    qrl push 6.141 sq_dev 0.0000 lam 86.829 d_step 0.000 d_rand 166.884 var 0.000 sib 0.000 unr 4.717 unrb 4.476 d_unr 139.88 d_oth 230.08
step 72400  loss 85.9349  train_top1 0.000  lr 4.06e-05  (3.4 it/s)
    qrl push 6.540 sq_dev 0.0000 lam 87.010 d_step 0.001 d_rand 123.045 var 0.000 sib 0.000 unr 4.416 unrb 5.120 d_unr 105.69 d_oth 179.14
step 72500  loss 60.1595  train_top1 0.000  lr 4.05e-05  (3.3 it/s)
    qrl push 6.985 sq_dev 0.0000 lam 87.001 d_step 0.000 d_rand 150.225 var 0.000 sib 0.000 unr 4.941 unrb 4.292 d_unr 127.67 d_oth 215.17
step 72600  loss 57.8755  train_top1 0.000  lr 4.04e-05  (3.3 it/s)
    qrl push 4.430 sq_dev 0.0235 lam 87.018 d_step 0.013 d_rand 179.055 var 0.000 sib 0.000 unr 2.165 unrb 2.464 d_unr 175.68 d_oth 192.90
step 72700  loss 73.0846  train_top1 0.000  lr 4.03e-05  (3.4 it/s)
    qrl push 4.544 sq_dev 0.0884 lam 87.024 d_step 0.046 d_rand 158.801 var 0.000 sib 0.000 unr 2.894 unrb 2.157 d_unr 139.31 d_oth 235.27
step 72800  loss 49.2501  train_top1 0.000  lr 4.02e-05  (3.4 it/s)
    qrl push 4.739 sq_dev 0.0093 lam 87.038 d_step 0.014 d_rand 165.901 var 0.000 sib 0.000 unr 3.200 unrb 2.762 d_unr 145.63 d_oth 250.32
step 72900  loss 48.4883  train_top1 0.000  lr 4.01e-05  (3.5 it/s)
    qrl push 5.479 sq_dev 0.0900 lam 87.027 d_step 0.015 d_rand 133.455 var 0.000 sib 0.000 unr 3.376 unrb 3.009 d_unr 116.00 d_oth 200.32
step 73000  loss 63.5511  train_top1 0.000  lr 4.00e-05  (3.4 it/s)
    qrl push 4.803 sq_dev 0.5045 lam 87.028 d_step 0.049 d_rand 161.505 var 0.000 sib 0.000 unr 3.370 unrb 2.161 d_unr 135.62 d_oth 242.95
step 73100  loss 55.6888  train_top1 0.000  lr 3.99e-05  (3.4 it/s)
    qrl push 6.558 sq_dev 0.2692 lam 87.045 d_step 0.054 d_rand 135.682 var 0.000 sib 0.000 unr 4.066 unrb 3.589 d_unr 119.97 d_oth 202.89
step 73200  loss 59.3857  train_top1 0.000  lr 3.98e-05  (3.4 it/s)
    qrl push 6.793 sq_dev 0.0049 lam 87.137 d_step 0.008 d_rand 134.262 var 0.000 sib 0.000 unr 4.486 unrb 2.891 d_unr 118.92 d_oth 206.19
step 73300  loss 66.2723  train_top1 0.000  lr 3.96e-05  (3.4 it/s)
    qrl push 6.545 sq_dev 0.0002 lam 87.240 d_step 0.004 d_rand 146.155 var 0.000 sib 0.000 unr 5.090 unrb 3.197 d_unr 119.98 d_oth 223.88
step 73400  loss 57.5009  train_top1 0.000  lr 3.95e-05  (3.4 it/s)
    qrl push 5.257 sq_dev 0.0000 lam 87.224 d_step 0.000 d_rand 161.076 var 0.000 sib 0.000 unr 3.508 unrb 2.454 d_unr 145.35 d_oth 219.21
step 73500  loss 56.9403  train_top1 0.000  lr 3.94e-05  (3.4 it/s)
    qrl push 4.867 sq_dev 0.8789 lam 87.210 d_step 0.046 d_rand 155.937 var 0.000 sib 0.000 unr 3.107 unrb 2.540 d_unr 146.44 d_oth 195.54
step 73600  loss 65.7191  train_top1 0.000  lr 3.93e-05  (3.3 it/s)
    qrl push 4.836 sq_dev 0.0238 lam 87.280 d_step 0.013 d_rand 184.663 var 0.000 sib 0.000 unr 3.481 unrb 2.821 d_unr 161.93 d_oth 255.04
step 73700  loss 52.5030  train_top1 0.000  lr 3.92e-05  (3.4 it/s)
    qrl push 6.675 sq_dev 0.0000 lam 87.307 d_step 0.000 d_rand 162.283 var 0.000 sib 0.000 unr 3.822 unrb 2.745 d_unr 152.47 d_oth 203.32
step 73800  loss 42.9620  train_top1 0.000  lr 3.91e-05  (3.4 it/s)
    qrl push 6.836 sq_dev 0.0000 lam 87.373 d_step 0.000 d_rand 158.228 var 0.000 sib 0.000 unr 4.218 unrb 3.421 d_unr 148.53 d_oth 192.09
step 73900  loss 53.8930  train_top1 0.000  lr 3.90e-05  (3.4 it/s)
    qrl push 4.852 sq_dev 0.0062 lam 87.568 d_step 0.009 d_rand 153.907 var 0.000 sib 0.000 unr 3.246 unrb 3.076 d_unr 133.44 d_oth 239.30
step 74000  loss 205.0663  train_top1 0.000  lr 3.89e-05  (3.4 it/s)
  VAL step 74000  loss 792.3325  top1 0.001  top8 0.034
    qrl push 4.694 sq_dev 0.0018 lam 87.542 d_step 0.004 d_rand 151.095 var 0.000 sib 0.000 unr 3.069 unrb 1.949 d_unr 124.66 d_oth 218.64
step 74100  loss 48.4666  train_top1 0.000  lr 3.88e-05  (2.5 it/s)
    qrl push 5.468 sq_dev 0.0897 lam 87.525 d_step 0.020 d_rand 156.476 var 0.000 sib 0.000 unr 3.479 unrb 3.404 d_unr 138.29 d_oth 231.41
step 74200  loss 54.5978  train_top1 0.000  lr 3.87e-05  (3.5 it/s)
    qrl push 3.897 sq_dev 0.0765 lam 87.522 d_step 0.016 d_rand 184.675 var 0.000 sib 0.000 unr 2.474 unrb 2.378 d_unr 172.47 d_oth 234.35
step 74300  loss 46.1439  train_top1 0.000  lr 3.85e-05  (3.5 it/s)
    qrl push 5.640 sq_dev 0.0024 lam 87.522 d_step 0.005 d_rand 157.727 var 0.000 sib 0.000 unr 3.691 unrb 3.599 d_unr 137.19 d_oth 241.28
step 74400  loss 47.8996  train_top1 0.000  lr 3.84e-05  (3.4 it/s)
    qrl push 5.126 sq_dev 0.1138 lam 87.496 d_step 0.041 d_rand 177.442 var 0.000 sib 0.000 unr 3.434 unrb 2.350 d_unr 159.74 d_oth 261.57
step 74500  loss 39.7094  train_top1 0.000  lr 3.83e-05  (3.5 it/s)
    qrl push 4.655 sq_dev 0.0000 lam 87.476 d_step 0.000 d_rand 160.800 var 0.000 sib 0.000 unr 3.304 unrb 2.968 d_unr 133.74 d_oth 248.25
step 74600  loss 55.8364  train_top1 0.000  lr 3.82e-05  (3.4 it/s)
    qrl push 5.921 sq_dev 0.0782 lam 87.666 d_step 0.021 d_rand 145.401 var 0.000 sib 0.000 unr 4.218 unrb 4.113 d_unr 121.16 d_oth 207.35
step 74700  loss 56.7766  train_top1 0.000  lr 3.81e-05  (3.4 it/s)
    qrl push 6.385 sq_dev 0.0000 lam 87.751 d_step 0.000 d_rand 137.673 var 0.000 sib 0.000 unr 4.087 unrb 3.376 d_unr 124.11 d_oth 200.75
step 74800  loss 46.3192  train_top1 0.000  lr 3.80e-05  (3.4 it/s)
    qrl push 4.780 sq_dev 0.0048 lam 87.749 d_step 0.008 d_rand 177.727 var 0.000 sib 0.000 unr 2.735 unrb 2.163 d_unr 159.47 d_oth 242.93
step 74900  loss 60.3923  train_top1 0.000  lr 3.79e-05  (3.3 it/s)
    qrl push 5.071 sq_dev 0.0551 lam 88.007 d_step 0.015 d_rand 166.854 var 0.000 sib 0.000 unr 3.709 unrb 3.518 d_unr 146.60 d_oth 239.18
step 75000  loss 52.3416  train_top1 0.000  lr 3.78e-05  (3.3 it/s)
  ladder checkpoint -> field_scratch_full_v4_step75000.pt
    qrl push 4.741 sq_dev 0.0160 lam 88.039 d_step 0.023 d_rand 161.233 var 0.000 sib 0.000 unr 3.041 unrb 2.548 d_unr 145.27 d_oth 226.64
step 75100  loss 71.8605  train_top1 0.000  lr 3.77e-05  (3.3 it/s)
    qrl push 5.946 sq_dev 0.0000 lam 88.234 d_step 0.002 d_rand 135.148 var 0.000 sib 0.000 unr 3.678 unrb 2.686 d_unr 117.01 d_oth 227.56
step 75200  loss 50.3735  train_top1 0.000  lr 3.76e-05  (3.3 it/s)
    qrl push 5.862 sq_dev 0.2050 lam 88.224 d_step 0.063 d_rand 142.896 var 0.000 sib 0.000 unr 3.590 unrb 2.772 d_unr 130.71 d_oth 203.36
step 75300  loss 60.8348  train_top1 0.000  lr 3.75e-05  (3.4 it/s)
    qrl push 5.765 sq_dev 0.0000 lam 88.248 d_step 0.001 d_rand 141.120 var 0.000 sib 0.000 unr 4.016 unrb 3.936 d_unr 120.77 d_oth 197.68
step 75400  loss 51.1228  train_top1 0.000  lr 3.73e-05  (3.4 it/s)
    qrl push 4.976 sq_dev 0.0099 lam 88.269 d_step 0.006 d_rand 152.346 var 0.000 sib 0.000 unr 2.998 unrb 2.122 d_unr 140.88 d_oth 209.13
step 75500  loss 59.7806  train_top1 0.000  lr 3.72e-05  (3.4 it/s)
    qrl push 5.768 sq_dev 0.0000 lam 88.253 d_step 0.001 d_rand 153.513 var 0.000 sib 0.000 unr 3.776 unrb 3.157 d_unr 137.23 d_oth 207.89
step 75600  loss 78.8459  train_top1 0.000  lr 3.71e-05  (3.3 it/s)
    qrl push 7.096 sq_dev 0.0711 lam 88.335 d_step 0.021 d_rand 151.767 var 0.000 sib 0.000 unr 5.260 unrb 3.799 d_unr 137.29 d_oth 215.32
step 75700  loss 55.3256  train_top1 0.000  lr 3.70e-05  (3.3 it/s)
    qrl push 5.435 sq_dev 0.0000 lam 88.537 d_step 0.000 d_rand 154.028 var 0.000 sib 0.000 unr 3.586 unrb 3.473 d_unr 134.01 d_oth 222.38
step 75800  loss 60.4069  train_top1 0.000  lr 3.69e-05  (3.4 it/s)
    qrl push 7.877 sq_dev 0.0000 lam 88.595 d_step 0.001 d_rand 136.032 var 0.000 sib 0.000 unr 6.203 unrb 4.965 d_unr 111.01 d_oth 214.33
step 75900  loss 42.7675  train_top1 0.000  lr 3.68e-05  (3.4 it/s)
    qrl push 3.435 sq_dev 0.0194 lam 88.577 d_step 0.009 d_rand 166.872 var 0.000 sib 0.000 unr 2.124 unrb 3.042 d_unr 133.28 d_oth 247.95
step 76000  loss 60.9826  train_top1 0.000  lr 3.67e-05  (3.4 it/s)
  VAL step 76000  loss 787.6714  top1 0.002  top8 0.038
    qrl push 4.302 sq_dev 0.0140 lam 88.594 d_step 0.009 d_rand 174.121 var 0.000 sib 0.000 unr 2.488 unrb 2.156 d_unr 158.69 d_oth 239.06
step 76100  loss 35.0374  train_top1 0.000  lr 3.66e-05  (2.5 it/s)
    qrl push 4.946 sq_dev 0.0002 lam 88.581 d_step 0.003 d_rand 155.746 var 0.000 sib 0.000 unr 3.161 unrb 3.238 d_unr 141.24 d_oth 214.78
step 76200  loss 39.1811  train_top1 0.000  lr 3.65e-05  (3.4 it/s)
    qrl push 4.198 sq_dev 0.0000 lam 88.637 d_step 0.000 d_rand 167.107 var 0.000 sib 0.000 unr 2.676 unrb 2.798 d_unr 149.19 d_oth 228.96
step 76300  loss 49.8142  train_top1 0.000  lr 3.64e-05  (3.3 it/s)
    qrl push 5.661 sq_dev 0.1363 lam 88.640 d_step 0.026 d_rand 149.967 var 0.000 sib 0.000 unr 3.685 unrb 3.511 d_unr 134.59 d_oth 205.51
step 76400  loss 52.2348  train_top1 0.000  lr 3.63e-05  (3.4 it/s)
    qrl push 5.997 sq_dev 0.0026 lam 88.631 d_step 0.004 d_rand 162.006 var 0.000 sib 0.000 unr 3.889 unrb 2.958 d_unr 145.87 d_oth 215.31
step 76500  loss 43.8373  train_top1 0.000  lr 3.62e-05  (3.4 it/s)
    qrl push 5.446 sq_dev 0.0007 lam 88.652 d_step 0.003 d_rand 157.067 var 0.000 sib 0.000 unr 3.558 unrb 2.756 d_unr 136.83 d_oth 210.83
step 76600  loss 53.8133  train_top1 0.000  lr 3.61e-05  (3.4 it/s)
    qrl push 4.565 sq_dev 0.0075 lam 88.820 d_step 0.006 d_rand 155.382 var 0.000 sib 0.000 unr 3.599 unrb 3.558 d_unr 124.53 d_oth 235.84
step 76700  loss 54.4980  train_top1 0.000  lr 3.59e-05  (3.4 it/s)
    qrl push 6.116 sq_dev 0.0046 lam 88.819 d_step 0.006 d_rand 147.525 var 0.000 sib 0.000 unr 4.202 unrb 3.167 d_unr 134.01 d_oth 197.50
step 76800  loss 58.8409  train_top1 0.000  lr 3.58e-05  (3.6 it/s)
    qrl push 6.469 sq_dev 0.0108 lam 88.880 d_step 0.012 d_rand 137.159 var 0.000 sib 0.000 unr 4.497 unrb 4.727 d_unr 125.64 d_oth 177.83
step 76900  loss 47.2832  train_top1 0.000  lr 3.57e-05  (3.9 it/s)
    qrl push 6.006 sq_dev 0.0000 lam 88.872 d_step 0.001 d_rand 146.630 var 0.000 sib 0.000 unr 3.989 unrb 4.070 d_unr 128.71 d_oth 213.89
step 77000  loss 56.5723  train_top1 0.000  lr 3.56e-05  (4.0 it/s)
    qrl push 6.596 sq_dev 0.1101 lam 89.113 d_step 0.019 d_rand 132.926 var 0.000 sib 0.000 unr 4.320 unrb 3.780 d_unr 122.25 d_oth 165.97
step 77100  loss 51.2040  train_top1 0.000  lr 3.55e-05  (3.7 it/s)
    qrl push 5.518 sq_dev 0.0000 lam 89.106 d_step 0.000 d_rand 144.573 var 0.000 sib 0.000 unr 3.690 unrb 2.072 d_unr 119.14 d_oth 236.30
step 77200  loss 38.0418  train_top1 0.000  lr 3.54e-05  (3.5 it/s)
    qrl push 7.412 sq_dev 0.1476 lam 89.097 d_step 0.023 d_rand 132.084 var 0.000 sib 0.000 unr 4.393 unrb 2.565 d_unr 125.28 d_oth 159.12
step 77300  loss 34.1690  train_top1 0.000  lr 3.53e-05  (3.5 it/s)
    qrl push 4.389 sq_dev 0.0062 lam 89.086 d_step 0.011 d_rand 177.128 var 0.000 sib 0.000 unr 2.771 unrb 2.918 d_unr 163.89 d_oth 227.45
step 77400  loss 47.4977  train_top1 0.000  lr 3.52e-05  (3.5 it/s)
    qrl push 4.662 sq_dev 0.0008 lam 89.094 d_step 0.004 d_rand 152.191 var 0.000 sib 0.000 unr 3.239 unrb 3.542 d_unr 132.77 d_oth 225.70
step 77500  loss 47.4606  train_top1 0.000  lr 3.51e-05  (3.5 it/s)
    qrl push 5.935 sq_dev 0.0096 lam 89.090 d_step 0.006 d_rand 163.749 var 0.000 sib 0.000 unr 4.251 unrb 3.215 d_unr 141.95 d_oth 217.37
step 77600  loss 52.0767  train_top1 0.000  lr 3.50e-05  (3.4 it/s)
    qrl push 5.072 sq_dev 0.0054 lam 89.105 d_step 0.008 d_rand 147.028 var 0.000 sib 0.000 unr 3.435 unrb 2.982 d_unr 126.32 d_oth 231.31
step 77700  loss 161.8333  train_top1 0.000  lr 3.49e-05  (3.5 it/s)
    qrl push 5.444 sq_dev 0.0000 lam 89.126 d_step 0.001 d_rand 159.719 var 0.000 sib 0.000 unr 3.899 unrb 3.689 d_unr 136.96 d_oth 222.01
step 77800  loss 34.2918  train_top1 0.000  lr 3.48e-05  (3.8 it/s)
    qrl push 4.473 sq_dev 0.0000 lam 89.123 d_step 0.000 d_rand 175.323 var 0.000 sib 0.000 unr 2.968 unrb 2.528 d_unr 143.04 d_oth 266.40
step 77900  loss 61.2583  train_top1 0.000  lr 3.47e-05  (3.5 it/s)
    qrl push 4.676 sq_dev 0.0069 lam 89.136 d_step 0.007 d_rand 158.511 var 0.000 sib 0.000 unr 2.815 unrb 2.870 d_unr 138.48 d_oth 258.68
step 78000  loss 62.1669  train_top1 0.000  lr 3.46e-05  (3.5 it/s)
  VAL step 78000  loss 757.4122  top1 0.001  top8 0.021
    qrl push 4.714 sq_dev 0.0000 lam 89.160 d_step 0.000 d_rand 160.198 var 0.000 sib 0.000 unr 3.166 unrb 4.733 d_unr 136.42 d_oth 227.29
step 78100  loss 65.8169  train_top1 0.000  lr 3.45e-05  (2.6 it/s)
    qrl push 5.725 sq_dev 0.0000 lam 89.384 d_step 0.004 d_rand 137.165 var 0.000 sib 0.000 unr 4.200 unrb 4.343 d_unr 122.37 d_oth 186.57
step 78200  loss 45.9310  train_top1 0.000  lr 3.44e-05  (3.5 it/s)
    qrl push 4.303 sq_dev 0.0000 lam 89.369 d_step 0.000 d_rand 155.927 var 0.000 sib 0.000 unr 2.547 unrb 2.567 d_unr 149.07 d_oth 191.35
step 78300  loss 55.5835  train_top1 0.000  lr 3.43e-05  (3.5 it/s)
    qrl push 4.312 sq_dev 0.0519 lam 89.378 d_step 0.015 d_rand 151.329 var 0.000 sib 0.000 unr 2.721 unrb 2.389 d_unr 133.40 d_oth 218.39
step 78400  loss 49.9279  train_top1 0.000  lr 3.42e-05  (3.5 it/s)
    qrl push 6.657 sq_dev 0.0057 lam 89.361 d_step 0.012 d_rand 141.099 var 0.000 sib 0.000 unr 4.511 unrb 2.735 d_unr 125.29 d_oth 202.40
step 78500  loss 41.5296  train_top1 0.000  lr 3.40e-05  (3.5 it/s)
    qrl push 3.656 sq_dev 0.0000 lam 89.368 d_step 0.000 d_rand 162.544 var 0.000 sib 0.000 unr 2.269 unrb 2.858 d_unr 151.17 d_oth 200.10
step 78600  loss 54.9601  train_top1 0.000  lr 3.39e-05  (3.5 it/s)
    qrl push 5.105 sq_dev 0.0000 lam 89.406 d_step 0.002 d_rand 162.384 var 0.000 sib 0.000 unr 3.620 unrb 3.258 d_unr 131.14 d_oth 236.94
step 78700  loss 27.2790  train_top1 0.000  lr 3.38e-05  (3.5 it/s)
    qrl push 3.510 sq_dev 0.0037 lam 89.379 d_step 0.005 d_rand 175.983 var 0.000 sib 0.000 unr 1.989 unrb 2.415 d_unr 168.11 d_oth 203.78
step 78800  loss 673.5356  train_top1 0.000  lr 3.37e-05  (3.5 it/s)
    qrl push 5.285 sq_dev 0.0000 lam 89.492 d_step 0.000 d_rand 159.230 var 0.000 sib 0.000 unr 3.225 unrb 2.304 d_unr 147.91 d_oth 198.75
step 78900  loss 78.1879  train_top1 0.000  lr 3.36e-05  (3.5 it/s)
    qrl push 5.687 sq_dev 0.0190 lam 89.558 d_step 0.013 d_rand 142.343 var 0.000 sib 0.000 unr 3.454 unrb 2.484 d_unr 126.17 d_oth 194.62
step 79000  loss 27.7782  train_top1 0.000  lr 3.35e-05  (3.6 it/s)
    qrl push 4.716 sq_dev 0.0000 lam 89.528 d_step 0.001 d_rand 162.401 var 0.000 sib 0.000 unr 2.583 unrb 2.530 d_unr 150.02 d_oth 205.64
step 79100  loss 51.7713  train_top1 0.000  lr 3.34e-05  (3.5 it/s)
    qrl push 4.717 sq_dev 0.0963 lam 89.514 d_step 0.016 d_rand 178.962 var 0.000 sib 0.000 unr 3.092 unrb 2.347 d_unr 163.78 d_oth 241.53
step 79200  loss 100.5484  train_top1 0.000  lr 3.33e-05  (3.5 it/s)
    qrl push 6.677 sq_dev 0.0000 lam 89.759 d_step 0.000 d_rand 142.841 var 0.000 sib 0.000 unr 5.231 unrb 3.566 d_unr 120.95 d_oth 203.98
step 79300  loss 60.0336  train_top1 0.000  lr 3.32e-05  (3.5 it/s)
    qrl push 5.683 sq_dev 0.0009 lam 89.816 d_step 0.003 d_rand 154.942 var 0.000 sib 0.000 unr 3.899 unrb 2.723 d_unr 132.97 d_oth 222.27
step 79400  loss 66.5749  train_top1 0.000  lr 3.31e-05  (3.5 it/s)
    qrl push 5.020 sq_dev 0.0223 lam 89.821 d_step 0.014 d_rand 147.020 var 0.000 sib 0.000 unr 3.299 unrb 2.724 d_unr 127.96 d_oth 211.38
step 79500  loss 66.2477  train_top1 0.000  lr 3.30e-05  (3.6 it/s)
    qrl push 6.308 sq_dev 0.0000 lam 89.826 d_step 0.000 d_rand 138.414 var 0.000 sib 0.000 unr 4.606 unrb 2.694 d_unr 111.52 d_oth 204.57
step 79600  loss 45.9984  train_top1 0.000  lr 3.29e-05  (3.5 it/s)
    qrl push 4.132 sq_dev 0.0000 lam 89.810 d_step 0.003 d_rand 167.526 var 0.000 sib 0.000 unr 2.328 unrb 2.097 d_unr 157.83 d_oth 207.09
step 79700  loss 42.8233  train_top1 0.000  lr 3.28e-05  (3.6 it/s)
    qrl push 4.967 sq_dev 0.0005 lam 89.811 d_step 0.003 d_rand 158.811 var 0.000 sib 0.000 unr 3.413 unrb 2.303 d_unr 149.06 d_oth 194.88
step 79800  loss 40.7938  train_top1 0.000  lr 3.27e-05  (3.6 it/s)
    qrl push 5.735 sq_dev 0.0000 lam 89.802 d_step 0.000 d_rand 157.054 var 0.000 sib 0.000 unr 3.559 unrb 2.840 d_unr 139.20 d_oth 208.46
step 79900  loss 75.8837  train_top1 0.000  lr 3.26e-05  (3.5 it/s)
    qrl push 6.423 sq_dev 0.0000 lam 89.850 d_step 0.000 d_rand 138.557 var 0.000 sib 0.000 unr 3.969 unrb 3.199 d_unr 125.44 d_oth 179.18
step 80000  loss 48.3516  train_top1 0.000  lr 3.25e-05  (3.6 it/s)
  VAL step 80000  loss 799.9875  top1 0.002  top8 0.039
  ladder checkpoint -> field_scratch_full_v4_step80000.pt
    qrl push 3.721 sq_dev 0.4807 lam 89.841 d_step 0.057 d_rand 168.504 var 0.000 sib 0.000 unr 2.261 unrb 2.510 d_unr 146.38 d_oth 230.91
step 80100  loss 36.6498  train_top1 0.000  lr 3.24e-05  (2.5 it/s)
    qrl push 4.872 sq_dev 0.1496 lam 89.841 d_step 0.033 d_rand 162.238 var 0.000 sib 0.000 unr 2.801 unrb 2.440 d_unr 149.84 d_oth 237.99
step 80200  loss 41.6943  train_top1 0.000  lr 3.23e-05  (3.5 it/s)
    qrl push 4.019 sq_dev 0.3558 lam 89.828 d_step 0.047 d_rand 153.792 var 0.000 sib 0.000 unr 2.471 unrb 2.632 d_unr 135.04 d_oth 210.64
step 80300  loss 51.2229  train_top1 0.000  lr 3.22e-05  (3.6 it/s)
    qrl push 5.594 sq_dev 0.0000 lam 89.825 d_step 0.000 d_rand 155.580 var 0.000 sib 0.000 unr 3.641 unrb 2.841 d_unr 137.18 d_oth 212.56
step 80400  loss 51.9510  train_top1 0.000  lr 3.21e-05  (3.4 it/s)
    qrl push 5.065 sq_dev 0.0040 lam 89.829 d_step 0.005 d_rand 157.840 var 0.000 sib 0.000 unr 3.432 unrb 2.590 d_unr 137.48 d_oth 219.56
step 80500  loss 57.4806  train_top1 0.000  lr 3.20e-05  (3.5 it/s)
    qrl push 4.414 sq_dev 0.0025 lam 89.813 d_step 0.004 d_rand 167.038 var 0.000 sib 0.000 unr 2.869 unrb 2.500 d_unr 149.84 d_oth 242.52
step 80600  loss 43.1336  train_top1 0.000  lr 3.19e-05  (3.5 it/s)
    qrl push 3.680 sq_dev 0.0000 lam 89.865 d_step 0.000 d_rand 159.162 var 0.000 sib 0.000 unr 2.196 unrb 2.785 d_unr 142.87 d_oth 220.83
step 80700  loss 24.7305  train_top1 0.000  lr 3.18e-05  (3.5 it/s)
    qrl push 4.521 sq_dev 0.0000 lam 89.853 d_step 0.000 d_rand 179.845 var 0.000 sib 0.000 unr 3.020 unrb 2.132 d_unr 167.85 d_oth 233.88
step 80800  loss 43.1534  train_top1 0.000  lr 3.17e-05  (3.5 it/s)
    qrl push 6.794 sq_dev 0.0486 lam 89.952 d_step 0.013 d_rand 178.141 var 0.000 sib 0.000 unr 4.403 unrb 3.912 d_unr 170.56 d_oth 208.38
step 80900  loss 42.4921  train_top1 0.000  lr 3.16e-05  (3.6 it/s)
    qrl push 5.617 sq_dev 0.1127 lam 89.944 d_step 0.017 d_rand 160.783 var 0.000 sib 0.000 unr 3.742 unrb 2.436 d_unr 146.74 d_oth 213.92
step 81000  loss 46.6818  train_top1 0.000  lr 3.15e-05  (3.7 it/s)
    qrl push 5.279 sq_dev 0.0000 lam 89.937 d_step 0.000 d_rand 173.065 var 0.000 sib 0.000 unr 3.580 unrb 2.609 d_unr 161.66 d_oth 216.93
step 81100  loss 43.2991  train_top1 0.000  lr 3.14e-05  (3.5 it/s)
    qrl push 3.906 sq_dev 0.0000 lam 89.933 d_step 0.000 d_rand 165.548 var 0.000 sib 0.000 unr 2.364 unrb 2.645 d_unr 146.72 d_oth 231.26
step 81200  loss 49.0863  train_top1 0.000  lr 3.13e-05  (3.4 it/s)
    qrl push 3.050 sq_dev 0.0000 lam 90.028 d_step 0.000 d_rand 178.060 var 0.000 sib 0.000 unr 1.553 unrb 1.696 d_unr 161.57 d_oth 217.49
step 81300  loss 55.2351  train_top1 0.000  lr 3.12e-05  (3.4 it/s)
    qrl push 3.987 sq_dev 0.0000 lam 90.007 d_step 0.000 d_rand 156.891 var 0.000 sib 0.000 unr 2.418 unrb 2.448 d_unr 133.28 d_oth 232.38
step 81400  loss 53.2316  train_top1 0.000  lr 3.11e-05  (3.5 it/s)
    qrl push 5.300 sq_dev 1.1256 lam 90.104 d_step 0.050 d_rand 183.566 var 0.000 sib 0.000 unr 3.214 unrb 2.624 d_unr 171.91 d_oth 235.39
step 81500  loss 44.4093  train_top1 0.000  lr 3.10e-05  (3.4 it/s)
    qrl push 5.664 sq_dev 0.0000 lam 90.136 d_step 0.000 d_rand 156.515 var 0.000 sib 0.000 unr 3.966 unrb 3.567 d_unr 128.88 d_oth 237.36
step 81600  loss 49.3139  train_top1 0.000  lr 3.09e-05  (3.5 it/s)
    qrl push 4.632 sq_dev 0.0124 lam 90.212 d_step 0.007 d_rand 152.224 var 0.000 sib 0.000 unr 3.050 unrb 2.512 d_unr 135.44 d_oth 219.70
step 81700  loss 46.3445  train_top1 0.000  lr 3.08e-05  (3.5 it/s)
    qrl push 3.156 sq_dev 0.0000 lam 90.185 d_step 0.001 d_rand 193.160 var 0.000 sib 0.000 unr 2.244 unrb 2.356 d_unr 172.64 d_oth 262.44
step 81800  loss 33.2033  train_top1 0.000  lr 3.07e-05  (3.5 it/s)
    qrl push 4.355 sq_dev 0.1011 lam 90.221 d_step 0.016 d_rand 165.476 var 0.000 sib 0.000 unr 3.176 unrb 2.301 d_unr 143.95 d_oth 223.80
step 81900  loss 47.7609  train_top1 0.000  lr 3.06e-05  (3.5 it/s)
    qrl push 3.760 sq_dev 0.0140 lam 90.193 d_step 0.007 d_rand 151.608 var 0.000 sib 0.000 unr 2.121 unrb 2.291 d_unr 138.59 d_oth 208.74
step 82000  loss 49.8684  train_top1 0.000  lr 3.05e-05  (3.5 it/s)
  VAL step 82000  loss 778.5702  top1 0.001  top8 0.043
    qrl push 3.724 sq_dev 0.0092 lam 90.185 d_step 0.010 d_rand 185.486 var 0.000 sib 0.000 unr 2.035 unrb 2.715 d_unr 176.68 d_oth 212.48
step 82100  loss 48.5032  train_top1 0.000  lr 3.04e-05  (2.6 it/s)
    qrl push 4.049 sq_dev 0.0000 lam 90.168 d_step 0.000 d_rand 165.913 var 0.000 sib 0.000 unr 2.295 unrb 2.627 d_unr 153.66 d_oth 224.12
step 82200  loss 38.6116  train_top1 0.000  lr 3.03e-05  (3.4 it/s)
    qrl push 4.730 sq_dev 4.4654 lam 90.133 d_step 0.099 d_rand 158.766 var 0.000 sib 0.000 unr 3.150 unrb 3.011 d_unr 131.07 d_oth 237.70
step 82300  loss 44.1517  train_top1 0.000  lr 3.02e-05  (3.5 it/s)
    qrl push 4.213 sq_dev 0.1777 lam 90.160 d_step 0.021 d_rand 167.839 var 0.000 sib 0.000 unr 2.482 unrb 2.351 d_unr 149.22 d_oth 235.50
step 82400  loss 40.3050  train_top1 0.000  lr 3.01e-05  (3.5 it/s)
    qrl push 5.153 sq_dev 0.1078 lam 90.277 d_step 0.019 d_rand 149.660 var 0.000 sib 0.000 unr 3.320 unrb 2.478 d_unr 129.04 d_oth 216.30
step 82500  loss 44.6655  train_top1 0.000  lr 3.00e-05  (3.4 it/s)
    qrl push 3.629 sq_dev 0.0000 lam 90.254 d_step 0.000 d_rand 160.154 var 0.000 sib 0.000 unr 2.424 unrb 2.894 d_unr 138.60 d_oth 229.05
step 82600  loss 44.6768  train_top1 0.000  lr 2.99e-05  (3.5 it/s)
    qrl push 4.458 sq_dev 0.0022 lam 90.284 d_step 0.007 d_rand 162.741 var 0.000 sib 0.000 unr 3.146 unrb 3.851 d_unr 136.83 d_oth 220.33
step 82700  loss 33.3896  train_top1 0.000  lr 2.98e-05  (3.4 it/s)
    qrl push 4.175 sq_dev 0.0001 lam 90.324 d_step 0.004 d_rand 173.689 var 0.000 sib 0.000 unr 2.541 unrb 2.315 d_unr 163.62 d_oth 216.75
step 82800  loss 32.2566  train_top1 0.000  lr 2.97e-05  (3.4 it/s)
    qrl push 3.345 sq_dev 0.0000 lam 90.301 d_step 0.001 d_rand 170.844 var 0.000 sib 0.000 unr 1.900 unrb 3.151 d_unr 141.64 d_oth 239.38
step 82900  loss 37.2702  train_top1 0.000  lr 2.96e-05  (3.6 it/s)
    qrl push 4.165 sq_dev 2.1043 lam 90.352 d_step 0.081 d_rand 161.099 var 0.000 sib 0.000 unr 2.575 unrb 2.487 d_unr 140.84 d_oth 248.89
step 83000  loss 63.2685  train_top1 0.000  lr 2.95e-05  (3.4 it/s)
    qrl push 4.001 sq_dev 0.0034 lam 90.379 d_step 0.006 d_rand 184.272 var 0.000 sib 0.000 unr 2.447 unrb 3.138 d_unr 167.93 d_oth 246.88
step 83100  loss 53.7792  train_top1 0.000  lr 2.94e-05  (3.4 it/s)
    qrl push 3.346 sq_dev 0.0000 lam 90.366 d_step 0.000 d_rand 181.905 var 0.000 sib 0.000 unr 2.226 unrb 1.988 d_unr 162.09 d_oth 244.58
step 83200  loss 35.3769  train_top1 0.000  lr 2.93e-05  (3.4 it/s)
    qrl push 5.943 sq_dev 0.0000 lam 90.314 d_step 0.002 d_rand 175.057 var 0.000 sib 0.000 unr 4.045 unrb 2.620 d_unr 155.69 d_oth 251.02
step 83300  loss 44.5154  train_top1 0.000  lr 2.92e-05  (4.8 it/s)
    qrl push 2.556 sq_dev 0.0000 lam 90.300 d_step 0.000 d_rand 186.725 var 0.000 sib 0.000 unr 1.211 unrb 2.744 d_unr 171.49 d_oth 261.58
step 83400  loss 59.8112  train_top1 0.000  lr 2.91e-05  (3.5 it/s)
    qrl push 5.849 sq_dev 0.0063 lam 90.274 d_step 0.012 d_rand 178.394 var 0.000 sib 0.000 unr 4.118 unrb 2.964 d_unr 148.69 d_oth 267.26
step 83500  loss 25.3115  train_top1 0.000  lr 2.90e-05  (3.6 it/s)
    qrl push 3.498 sq_dev 0.0000 lam 90.212 d_step 0.002 d_rand 191.084 var 0.000 sib 0.000 unr 2.086 unrb 1.995 d_unr 169.63 d_oth 278.38
step 83600  loss 78.4102  train_top1 0.000  lr 2.89e-05  (3.6 it/s)
    qrl push 3.508 sq_dev 0.0010 lam 90.491 d_step 0.003 d_rand 165.416 var 0.000 sib 0.000 unr 2.606 unrb 3.284 d_unr 131.91 d_oth 244.77
step 83700  loss 42.1016  train_top1 0.000  lr 2.88e-05  (3.5 it/s)
    qrl push 5.235 sq_dev 0.0008 lam 90.486 d_step 0.003 d_rand 155.273 var 0.000 sib 0.000 unr 3.763 unrb 2.758 d_unr 131.38 d_oth 226.23
step 83800  loss 79.8041  train_top1 0.000  lr 2.87e-05  (3.6 it/s)
    qrl push 4.710 sq_dev 0.0593 lam 90.474 d_step 0.013 d_rand 161.923 var 0.000 sib 0.000 unr 3.209 unrb 2.333 d_unr 143.25 d_oth 216.24
step 83900  loss 31.6713  train_top1 0.000  lr 2.86e-05  (3.6 it/s)
    qrl push 3.966 sq_dev 0.2245 lam 90.464 d_step 0.057 d_rand 168.519 var 0.000 sib 0.000 unr 2.447 unrb 1.908 d_unr 150.29 d_oth 232.15
step 84000  loss 49.6586  train_top1 0.000  lr 2.86e-05  (3.5 it/s)
  VAL step 84000  loss 827.4956  top1 0.001  top8 0.043
    qrl push 4.094 sq_dev 0.0053 lam 90.479 d_step 0.009 d_rand 180.228 var 0.000 sib 0.000 unr 2.413 unrb 2.444 d_unr 165.69 d_oth 221.23
step 84100  loss 46.8832  train_top1 0.000  lr 2.85e-05  (2.7 it/s)
    qrl push 2.567 sq_dev 0.0238 lam 90.454 d_step 0.014 d_rand 192.065 var 0.000 sib 0.000 unr 1.446 unrb 1.810 d_unr 167.78 d_oth 260.56
step 84200  loss 41.4829  train_top1 0.000  lr 2.84e-05  (3.5 it/s)
    qrl push 4.181 sq_dev 0.0000 lam 90.434 d_step 0.000 d_rand 150.078 var 0.000 sib 0.000 unr 2.586 unrb 2.173 d_unr 125.05 d_oth 235.51
step 84300  loss 87.4545  train_top1 0.000  lr 2.83e-05  (4.0 it/s)
    qrl push 4.519 sq_dev 0.0019 lam 90.417 d_step 0.005 d_rand 171.182 var 0.000 sib 0.000 unr 3.136 unrb 2.136 d_unr 151.05 d_oth 234.18
step 84400  loss 64.8920  train_top1 0.000  lr 2.82e-05  (1.5 it/s)
    qrl push 4.434 sq_dev 0.0120 lam 90.419 d_step 0.011 d_rand 166.081 var 0.000 sib 0.000 unr 2.790 unrb 2.427 d_unr 147.54 d_oth 230.80
step 84500  loss 42.3051  train_top1 0.000  lr 2.81e-05  (1.2 it/s)
    qrl push 4.384 sq_dev 0.0218 lam 90.453 d_step 0.009 d_rand 165.967 var 0.000 sib 0.000 unr 2.765 unrb 2.954 d_unr 145.62 d_oth 235.43
step 84600  loss 31.5819  train_top1 0.000  lr 2.80e-05  (1.7 it/s)
    qrl push 4.107 sq_dev 0.0950 lam 90.439 d_step 0.016 d_rand 186.488 var 0.000 sib 0.000 unr 2.685 unrb 2.221 d_unr 163.13 d_oth 261.17
step 84700  loss 43.1662  train_top1 0.000  lr 2.79e-05  (2.2 it/s)
    qrl push 6.153 sq_dev 0.0311 lam 90.467 d_step 0.010 d_rand 170.020 var 0.000 sib 0.000 unr 3.937 unrb 2.407 d_unr 160.72 d_oth 202.49
step 84800  loss 60.8157  train_top1 0.000  lr 2.78e-05  (1.6 it/s)
    qrl push 4.277 sq_dev 0.7249 lam 90.687 d_step 0.106 d_rand 164.133 var 0.000 sib 0.000 unr 2.693 unrb 2.584 d_unr 149.14 d_oth 209.11
step 84900  loss 38.9418  train_top1 0.000  lr 2.77e-05  (2.1 it/s)
    qrl push 3.585 sq_dev 0.0480 lam 90.714 d_step 0.020 d_rand 161.496 var 0.000 sib 0.000 unr 2.442 unrb 1.899 d_unr 136.66 d_oth 240.88
step 85000  loss 39.8162  train_top1 0.000  lr 2.76e-05  (2.1 it/s)
  ladder checkpoint -> field_scratch_full_v4_step85000.pt
    qrl push 4.212 sq_dev 0.0003 lam 90.702 d_step 0.003 d_rand 158.375 var 0.000 sib 0.000 unr 2.600 unrb 2.644 d_unr 138.47 d_oth 228.66
step 85100  loss 47.7569  train_top1 0.000  lr 2.75e-05  (1.6 it/s)
    qrl push 5.549 sq_dev 0.0148 lam 90.965 d_step 0.008 d_rand 155.810 var 0.000 sib 0.000 unr 3.288 unrb 2.803 d_unr 141.43 d_oth 203.48
step 85200  loss 56.4313  train_top1 0.000  lr 2.74e-05  (2.2 it/s)
    qrl push 4.597 sq_dev 0.3862 lam 90.948 d_step 0.058 d_rand 166.124 var 0.000 sib 0.000 unr 2.715 unrb 2.560 d_unr 161.87 d_oth 193.92
step 85300  loss 67.6684  train_top1 0.000  lr 2.73e-05  (2.2 it/s)
    qrl push 5.469 sq_dev 0.0481 lam 90.929 d_step 0.014 d_rand 155.671 var 0.000 sib 0.000 unr 2.886 unrb 1.741 d_unr 150.03 d_oth 175.15
step 85400  loss 38.6690  train_top1 0.000  lr 2.72e-05  (1.8 it/s)
    qrl push 4.128 sq_dev 0.0072 lam 90.930 d_step 0.006 d_rand 157.836 var 0.000 sib 0.000 unr 2.091 unrb 1.973 d_unr 138.52 d_oth 216.39
step 85500  loss 34.7652  train_top1 0.000  lr 2.71e-05  (1.7 it/s)
    qrl push 3.618 sq_dev 0.0857 lam 90.933 d_step 0.036 d_rand 165.489 var 0.000 sib 0.000 unr 1.978 unrb 1.805 d_unr 153.29 d_oth 214.51
step 85600  loss 44.3071  train_top1 0.000  lr 2.70e-05  (1.7 it/s)
    qrl push 4.697 sq_dev 0.1952 lam 90.916 d_step 0.036 d_rand 156.235 var 0.000 sib 0.000 unr 3.327 unrb 2.565 d_unr 126.04 d_oth 228.42
step 85700  loss 42.5241  train_top1 0.000  lr 2.70e-05  (1.5 it/s)
    qrl push 3.508 sq_dev 0.0000 lam 90.913 d_step 0.002 d_rand 182.140 var 0.000 sib 0.000 unr 2.025 unrb 2.652 d_unr 164.62 d_oth 231.58
step 85800  loss 43.6812  train_top1 0.000  lr 2.69e-05  (1.9 it/s)
    qrl push 4.603 sq_dev 0.0372 lam 90.904 d_step 0.020 d_rand 168.768 var 0.000 sib 0.000 unr 2.927 unrb 2.550 d_unr 153.50 d_oth 220.07
step 85900  loss 41.5873  train_top1 0.000  lr 2.68e-05  (1.7 it/s)
    qrl push 5.347 sq_dev 0.1049 lam 90.923 d_step 0.030 d_rand 170.179 var 0.000 sib 0.000 unr 4.060 unrb 2.073 d_unr 142.59 d_oth 234.55
step 86000  loss 21.4895  train_top1 0.000  lr 2.67e-05  (1.7 it/s)
  VAL step 86000  loss 819.3868  top1 0.002  top8 0.050
    qrl push 4.442 sq_dev 0.0447 lam 90.904 d_step 0.020 d_rand 162.265 var 0.000 sib 0.000 unr 2.769 unrb 2.555 d_unr 146.02 d_oth 229.20
step 86100  loss 48.2298  train_top1 0.000  lr 2.66e-05  (1.6 it/s)
    qrl push 4.448 sq_dev 0.0000 lam 90.902 d_step 0.000 d_rand 168.221 var 0.000 sib 0.000 unr 2.641 unrb 3.348 d_unr 153.91 d_oth 213.97
step 86200  loss 50.8181  train_top1 0.000  lr 2.65e-05  (1.8 it/s)
    qrl push 7.331 sq_dev 0.0000 lam 90.921 d_step 0.000 d_rand 134.963 var 0.000 sib 0.000 unr 5.009 unrb 3.424 d_unr 120.00 d_oth 194.18
step 86300  loss 20.4691  train_top1 0.000  lr 2.64e-05  (1.8 it/s)
    qrl push 3.665 sq_dev 0.0000 lam 90.947 d_step 0.000 d_rand 169.625 var 0.000 sib 0.000 unr 2.155 unrb 2.711 d_unr 152.13 d_oth 226.69
step 86400  loss 47.5985  train_top1 0.000  lr 2.63e-05  (1.5 it/s)
    qrl push 4.644 sq_dev 0.0000 lam 90.965 d_step 0.000 d_rand 148.934 var 0.000 sib 0.000 unr 2.971 unrb 2.021 d_unr 131.92 d_oth 222.59
step 86500  loss 48.4384  train_top1 0.000  lr 2.62e-05  (2.0 it/s)
    qrl push 4.280 sq_dev 0.0981 lam 90.930 d_step 0.022 d_rand 168.554 var 0.000 sib 0.000 unr 2.527 unrb 2.111 d_unr 156.22 d_oth 206.11
step 86600  loss 36.4157  train_top1 0.000  lr 2.61e-05  (2.4 it/s)
    qrl push 4.614 sq_dev 0.0085 lam 90.901 d_step 0.007 d_rand 187.503 var 0.000 sib 0.000 unr 2.495 unrb 2.951 d_unr 183.33 d_oth 208.17
step 86700  loss 47.3454  train_top1 0.000  lr 2.60e-05  (2.1 it/s)
    qrl push 3.401 sq_dev 0.0000 lam 90.937 d_step 0.000 d_rand 198.655 var 0.000 sib 0.000 unr 1.968 unrb 1.465 d_unr 192.32 d_oth 227.95
step 86800  loss 26.9791  train_top1 0.000  lr 2.60e-05  (1.6 it/s)
    qrl push 2.995 sq_dev 0.0000 lam 90.926 d_step 0.000 d_rand 172.271 var 0.000 sib 0.000 unr 2.039 unrb 2.520 d_unr 150.83 d_oth 231.54
step 86900  loss 34.9406  train_top1 0.000  lr 2.59e-05  (1.5 it/s)
    qrl push 4.181 sq_dev 0.0205 lam 90.890 d_step 0.008 d_rand 174.072 var 0.000 sib 0.000 unr 2.708 unrb 3.330 d_unr 156.23 d_oth 236.36
step 87000  loss 55.8588  train_top1 0.000  lr 2.58e-05  (1.4 it/s)
    qrl push 5.812 sq_dev 0.0000 lam 91.032 d_step 0.000 d_rand 183.358 var 0.000 sib 0.000 unr 4.021 unrb 3.281 d_unr 178.27 d_oth 201.53
step 87100  loss 38.5669  train_top1 0.000  lr 2.57e-05  (1.7 it/s)
    qrl push 4.275 sq_dev 0.0000 lam 91.004 d_step 0.000 d_rand 169.203 var 0.000 sib 0.000 unr 2.663 unrb 2.028 d_unr 157.13 d_oth 207.80
step 87200  loss 48.6526  train_top1 0.000  lr 2.56e-05  (1.6 it/s)
    qrl push 4.742 sq_dev 0.0610 lam 90.966 d_step 0.013 d_rand 141.181 var 0.000 sib 0.000 unr 2.543 unrb 3.334 d_unr 124.86 d_oth 198.15
step 87300  loss 40.4791  train_top1 0.000  lr 2.55e-05  (1.6 it/s)
    qrl push 3.845 sq_dev 0.0000 lam 90.923 d_step 0.000 d_rand 190.078 var 0.000 sib 0.000 unr 2.522 unrb 2.023 d_unr 179.38 d_oth 240.25
step 87400  loss 30.9343  train_top1 0.000  lr 2.54e-05  (1.3 it/s)
    qrl push 4.783 sq_dev 0.0523 lam 90.892 d_step 0.029 d_rand 189.048 var 0.000 sib 0.000 unr 2.874 unrb 2.780 d_unr 179.87 d_oth 234.52
step 87500  loss 101.9077  train_top1 0.000  lr 2.53e-05  (1.4 it/s)
    qrl push 8.781 sq_dev 0.0000 lam 91.239 d_step 0.000 d_rand 124.314 var 0.000 sib 0.000 unr 6.079 unrb 4.969 d_unr 118.43 d_oth 148.87
step 87600  loss 48.9663  train_top1 0.000  lr 2.52e-05  (1.7 it/s)
    qrl push 3.503 sq_dev 0.0094 lam 91.247 d_step 0.006 d_rand 146.361 var 0.000 sib 0.000 unr 2.019 unrb 1.798 d_unr 125.75 d_oth 208.20
step 87700  loss 63.8658  train_top1 0.000  lr 2.52e-05  (2.0 it/s)
    qrl push 6.123 sq_dev 0.0095 lam 91.240 d_step 0.020 d_rand 144.210 var 0.000 sib 0.000 unr 4.082 unrb 2.814 d_unr 125.32 d_oth 194.68
step 87800  loss 62.7776  train_top1 0.000  lr 2.51e-05  (2.3 it/s)
    qrl push 4.394 sq_dev 0.0097 lam 91.229 d_step 0.011 d_rand 156.226 var 0.000 sib 0.000 unr 2.647 unrb 1.791 d_unr 138.57 d_oth 223.86
step 87900  loss 43.3007  train_top1 0.000  lr 2.50e-05  (1.5 it/s)
    qrl push 3.295 sq_dev 0.0017 lam 91.240 d_step 0.008 d_rand 167.553 var 0.000 sib 0.000 unr 1.760 unrb 1.567 d_unr 153.55 d_oth 215.37
step 88000  loss 42.1195  train_top1 0.000  lr 2.49e-05  (1.6 it/s)
  VAL step 88000  loss 777.1316  top1 0.003  top8 0.048
    qrl push 4.399 sq_dev 2.0862 lam 91.254 d_step 0.082 d_rand 177.682 var 0.000 sib 0.000 unr 2.886 unrb 2.075 d_unr 167.96 d_oth 211.61
step 88100  loss 65.1502  train_top1 0.000  lr 2.48e-05  (1.5 it/s)
    qrl push 3.977 sq_dev 0.0000 lam 91.252 d_step 0.000 d_rand 159.459 var 0.000 sib 0.000 unr 2.568 unrb 2.499 d_unr 134.21 d_oth 222.49
step 88200  loss 55.2239  train_top1 0.000  lr 2.47e-05  (1.5 it/s)
    qrl push 4.151 sq_dev 0.0188 lam 91.247 d_step 0.008 d_rand 162.111 var 0.000 sib 0.000 unr 2.519 unrb 2.811 d_unr 142.68 d_oth 216.93
step 88300  loss 36.1213  train_top1 0.000  lr 2.46e-05  (1.7 it/s)
    qrl push 4.317 sq_dev 0.0000 lam 91.245 d_step 0.000 d_rand 149.876 var 0.000 sib 0.000 unr 2.688 unrb 2.034 d_unr 137.21 d_oth 204.19
step 88400  loss 36.6999  train_top1 0.000  lr 2.45e-05  (1.8 it/s)
    qrl push 4.772 sq_dev 0.0016 lam 91.241 d_step 0.007 d_rand 193.942 var 0.000 sib 0.000 unr 2.277 unrb 1.786 d_unr 198.58 d_oth 172.75
step 88500  loss 46.7160  train_top1 0.000  lr 2.45e-05  (1.7 it/s)
    qrl push 6.572 sq_dev 0.0107 lam 91.225 d_step 0.007 d_rand 133.100 var 0.000 sib 0.000 unr 4.099 unrb 2.463 d_unr 122.16 d_oth 191.31
step 88600  loss 51.4883  train_top1 0.000  lr 2.44e-05  (1.7 it/s)
    qrl push 5.346 sq_dev 0.0192 lam 91.207 d_step 0.011 d_rand 154.815 var 0.000 sib 0.000 unr 3.858 unrb 2.478 d_unr 130.25 d_oth 229.28
step 88700  loss 91.7197  train_top1 0.000  lr 2.43e-05  (1.8 it/s)
    qrl push 4.688 sq_dev 0.1327 lam 91.197 d_step 0.057 d_rand 168.308 var 0.000 sib 0.000 unr 3.021 unrb 2.481 d_unr 155.78 d_oth 213.06
step 88800  loss 34.2325  train_top1 0.000  lr 2.42e-05  (1.9 it/s)
    qrl push 4.634 sq_dev 0.2486 lam 91.181 d_step 0.055 d_rand 166.591 var 0.000 sib 0.000 unr 2.846 unrb 2.094 d_unr 154.44 d_oth 215.45
step 88900  loss 40.2026  train_top1 0.000  lr 2.41e-05  (2.1 it/s)
    qrl push 4.999 sq_dev 0.0534 lam 91.170 d_step 0.029 d_rand 158.720 var 0.000 sib 0.000 unr 3.475 unrb 2.812 d_unr 144.53 d_oth 215.77
step 89000  loss 28.5869  train_top1 0.000  lr 2.40e-05  (2.1 it/s)
    qrl push 5.105 sq_dev 0.0000 lam 91.170 d_step 0.000 d_rand 165.344 var 0.000 sib 0.000 unr 3.395 unrb 1.978 d_unr 147.97 d_oth 238.74
step 89100  loss 41.2981  train_top1 0.000  lr 2.39e-05  (2.0 it/s)
    qrl push 4.781 sq_dev 0.0092 lam 91.149 d_step 0.009 d_rand 165.927 var 0.000 sib 0.000 unr 3.105 unrb 1.282 d_unr 151.12 d_oth 223.30
step 89200  loss 38.0703  train_top1 0.000  lr 2.39e-05  (2.1 it/s)
    qrl push 3.449 sq_dev 0.1152 lam 91.133 d_step 0.034 d_rand 194.415 var 0.000 sib 0.000 unr 1.657 unrb 2.664 d_unr 191.11 d_oth 206.51
step 89300  loss 43.3970  train_top1 0.000  lr 2.38e-05  (2.3 it/s)
    qrl push 3.514 sq_dev 0.2614 lam 91.113 d_step 0.036 d_rand 173.134 var 0.000 sib 0.000 unr 2.098 unrb 1.378 d_unr 157.04 d_oth 234.76
step 89400  loss 32.8119  train_top1 0.000  lr 2.37e-05  (2.0 it/s)
    qrl push 3.400 sq_dev 0.0000 lam 91.148 d_step 0.000 d_rand 156.710 var 0.000 sib 0.000 unr 1.701 unrb 2.828 d_unr 143.76 d_oth 204.60
step 89500  loss 48.9842  train_top1 0.000  lr 2.36e-05  (2.1 it/s)
    qrl push 2.889 sq_dev 0.0956 lam 91.117 d_step 0.019 d_rand 191.100 var 0.000 sib 0.000 unr 1.590 unrb 1.782 d_unr 174.56 d_oth 253.85
step 89600  loss 36.3807  train_top1 0.000  lr 2.35e-05  (2.2 it/s)
    qrl push 3.097 sq_dev 0.0160 lam 91.094 d_step 0.008 d_rand 183.151 var 0.000 sib 0.000 unr 1.585 unrb 2.172 d_unr 166.41 d_oth 241.06
step 89700  loss 47.1571  train_top1 0.000  lr 2.34e-05  (2.4 it/s)
    qrl push 3.570 sq_dev 0.0903 lam 91.066 d_step 0.022 d_rand 178.479 var 0.000 sib 0.000 unr 2.359 unrb 2.645 d_unr 145.97 d_oth 251.45
step 89800  loss 33.9564  train_top1 0.000  lr 2.33e-05  (1.7 it/s)
    qrl push 5.588 sq_dev 0.0000 lam 91.060 d_step 0.002 d_rand 167.654 var 0.000 sib 0.000 unr 3.951 unrb 2.891 d_unr 148.18 d_oth 237.21
step 89900  loss 31.2899  train_top1 0.000  lr 2.33e-05  (1.9 it/s)
    qrl push 5.354 sq_dev 0.0000 lam 91.042 d_step 0.004 d_rand 174.063 var 0.000 sib 0.000 unr 2.869 unrb 2.995 d_unr 167.84 d_oth 196.54
step 90000  loss 37.3713  train_top1 0.000  lr 2.32e-05  (2.2 it/s)
  VAL step 90000  loss 825.3704  top1 0.002  top8 0.040
  ladder checkpoint -> field_scratch_full_v4_step90000.pt
    qrl push 4.722 sq_dev 0.0000 lam 91.023 d_step 0.000 d_rand 181.717 var 0.000 sib 0.000 unr 2.822 unrb 2.544 d_unr 171.00 d_oth 227.59
step 90100  loss 30.5090  train_top1 0.000  lr 2.31e-05  (1.5 it/s)
    qrl push 4.370 sq_dev 0.0506 lam 90.987 d_step 0.026 d_rand 179.492 var 0.000 sib 0.000 unr 3.227 unrb 2.259 d_unr 159.36 d_oth 235.53
step 90200  loss 32.7370  train_top1 0.000  lr 2.30e-05  (1.6 it/s)
    qrl push 3.665 sq_dev 0.0000 lam 91.026 d_step 0.000 d_rand 157.903 var 0.000 sib 0.000 unr 1.866 unrb 2.198 d_unr 132.14 d_oth 241.39
step 90300  loss 40.0647  train_top1 0.000  lr 2.29e-05  (2.0 it/s)
    qrl push 3.658 sq_dev 0.0000 lam 91.147 d_step 0.000 d_rand 180.693 var 0.000 sib 0.000 unr 2.134 unrb 1.599 d_unr 168.31 d_oth 228.69
step 90400  loss 54.8824  train_top1 0.000  lr 2.28e-05  (2.2 it/s)
    qrl push 3.958 sq_dev 0.0000 lam 91.106 d_step 0.000 d_rand 174.875 var 0.000 sib 0.000 unr 2.704 unrb 2.271 d_unr 149.74 d_oth 250.27
step 90500  loss 62.9022  train_top1 0.000  lr 2.28e-05  (1.6 it/s)
    qrl push 6.479 sq_dev 0.0000 lam 91.317 d_step 0.002 d_rand 137.064 var 0.000 sib 0.000 unr 4.427 unrb 4.115 d_unr 120.42 d_oth 178.79
step 90600  loss 42.0000  train_top1 0.000  lr 2.27e-05  (2.0 it/s)
    qrl push 4.300 sq_dev 0.0000 lam 91.418 d_step 0.000 d_rand 147.608 var 0.000 sib 0.000 unr 2.861 unrb 2.917 d_unr 132.30 d_oth 191.68
step 90700  loss 36.8716  train_top1 0.000  lr 2.26e-05  (2.4 it/s)
    qrl push 2.590 sq_dev 0.0000 lam 91.400 d_step 0.000 d_rand 165.778 var 0.000 sib 0.000 unr 1.320 unrb 2.202 d_unr 152.98 d_oth 209.96
step 90800  loss 40.8171  train_top1 0.000  lr 2.25e-05  (2.1 it/s)
    qrl push 3.429 sq_dev 0.1009 lam 91.382 d_step 0.018 d_rand 163.009 var 0.000 sib 0.000 unr 2.015 unrb 1.936 d_unr 150.70 d_oth 197.72
step 90900  loss 26.8583  train_top1 0.000  lr 2.24e-05  (2.4 it/s)
    qrl push 4.579 sq_dev 0.0000 lam 91.402 d_step 0.000 d_rand 165.140 var 0.000 sib 0.000 unr 2.658 unrb 2.937 d_unr 165.45 d_oth 164.02
step 91000  loss 32.1621  train_top1 0.000  lr 2.24e-05  (2.0 it/s)
    qrl push 3.649 sq_dev 0.0000 lam 91.383 d_step 0.000 d_rand 159.915 var 0.000 sib 0.000 unr 2.141 unrb 2.078 d_unr 148.31 d_oth 201.36
step 91100  loss 31.9681  train_top1 0.000  lr 2.23e-05  (2.1 it/s)
    qrl push 3.359 sq_dev 0.0000 lam 91.368 d_step 0.000 d_rand 163.543 var 0.000 sib 0.000 unr 2.166 unrb 2.448 d_unr 145.79 d_oth 219.11
step 91200  loss 38.6622  train_top1 0.000  lr 2.22e-05  (2.1 it/s)
    qrl push 4.093 sq_dev 0.1411 lam 91.352 d_step 0.019 d_rand 167.879 var 0.000 sib 0.000 unr 2.302 unrb 1.515 d_unr 162.14 d_oth 185.85
step 91300  loss 29.8837  train_top1 0.000  lr 2.21e-05  (1.9 it/s)
    qrl push 3.990 sq_dev 0.0013 lam 91.354 d_step 0.006 d_rand 159.444 var 0.000 sib 0.000 unr 2.566 unrb 1.944 d_unr 144.93 d_oth 219.23
step 91400  loss 26.9989  train_top1 0.000  lr 2.20e-05  (1.7 it/s)
    qrl push 4.661 sq_dev 0.0003 lam 91.337 d_step 0.003 d_rand 171.314 var 0.000 sib 0.000 unr 2.714 unrb 2.029 d_unr 164.05 d_oth 206.78
step 91500  loss 44.3658  train_top1 0.000  lr 2.20e-05  (1.9 it/s)
    qrl push 4.065 sq_dev 0.0022 lam 91.320 d_step 0.004 d_rand 188.840 var 0.000 sib 0.000 unr 2.508 unrb 1.611 d_unr 183.95 d_oth 201.11
step 91600  loss 27.0967  train_top1 0.000  lr 2.19e-05  (2.0 it/s)
    qrl push 3.808 sq_dev 0.0019 lam 91.299 d_step 0.005 d_rand 162.862 var 0.000 sib 0.000 unr 2.800 unrb 2.109 d_unr 138.77 d_oth 228.80
step 91700  loss 32.6098  train_top1 0.000  lr 2.18e-05  (1.9 it/s)
    qrl push 4.525 sq_dev 0.0742 lam 91.366 d_step 0.035 d_rand 155.602 var 0.000 sib 0.000 unr 2.512 unrb 2.683 d_unr 147.64 d_oth 187.20
step 91800  loss 35.9230  train_top1 0.000  lr 2.17e-05  (1.5 it/s)
    qrl push 4.135 sq_dev 0.0090 lam 91.356 d_step 0.015 d_rand 159.466 var 0.000 sib 0.000 unr 2.676 unrb 2.074 d_unr 142.32 d_oth 228.39
step 91900  loss 32.0858  train_top1 0.000  lr 2.16e-05  (2.1 it/s)
    qrl push 3.188 sq_dev 0.0049 lam 91.334 d_step 0.008 d_rand 183.428 var 0.000 sib 0.000 unr 1.797 unrb 2.886 d_unr 173.26 d_oth 223.26
step 92000  loss 35.4667  train_top1 0.000  lr 2.16e-05  (2.0 it/s)
  VAL step 92000  loss 797.5816  top1 0.003  top8 0.049
    qrl push 4.305 sq_dev 1.1293 lam 91.302 d_step 0.079 d_rand 169.112 var 0.000 sib 0.000 unr 2.974 unrb 2.482 d_unr 150.69 d_oth 236.43
step 92100  loss 29.3427  train_top1 0.000  lr 2.15e-05  (1.6 it/s)
    qrl push 3.076 sq_dev 0.1379 lam 91.304 d_step 0.025 d_rand 205.274 var 0.000 sib 0.000 unr 1.662 unrb 2.554 d_unr 199.10 d_oth 225.44
step 92200  loss 39.0979  train_top1 0.000  lr 2.14e-05  (2.6 it/s)
    qrl push 2.777 sq_dev 0.8028 lam 91.266 d_step 0.078 d_rand 186.575 var 0.000 sib 0.000 unr 1.548 unrb 1.334 d_unr 174.45 d_oth 256.11
step 92300  loss 23.4156  train_top1 0.000  lr 2.13e-05  (2.5 it/s)
    qrl push 2.756 sq_dev 0.0000 lam 91.241 d_step 0.004 d_rand 180.966 var 0.000 sib 0.000 unr 1.592 unrb 1.917 d_unr 168.95 d_oth 227.00
step 92400  loss 27.7405  train_top1 0.000  lr 2.12e-05  (2.0 it/s)
    qrl push 4.064 sq_dev 0.0070 lam 91.219 d_step 0.007 d_rand 181.566 var 0.000 sib 0.000 unr 2.490 unrb 1.889 d_unr 164.70 d_oth 230.11
step 92500  loss 45.3678  train_top1 0.000  lr 2.12e-05  (2.2 it/s)
    qrl push 4.098 sq_dev 0.0281 lam 91.191 d_step 0.020 d_rand 159.427 var 0.000 sib 0.000 unr 2.346 unrb 2.850 d_unr 140.82 d_oth 235.13
step 92600  loss 35.5400  train_top1 0.000  lr 2.11e-05  (2.2 it/s)
    qrl push 3.416 sq_dev 0.0000 lam 91.200 d_step 0.000 d_rand 164.712 var 0.000 sib 0.000 unr 2.168 unrb 2.117 d_unr 151.45 d_oth 211.56
step 92700  loss 34.0831  train_top1 0.000  lr 2.10e-05  (2.0 it/s)
    qrl push 3.391 sq_dev 0.0035 lam 91.197 d_step 0.007 d_rand 175.150 var 0.000 sib 0.000 unr 1.945 unrb 2.042 d_unr 161.73 d_oth 219.09
step 92800  loss 47.3669  train_top1 0.000  lr 2.09e-05  (2.1 it/s)
    qrl push 5.446 sq_dev 0.0371 lam 91.317 d_step 0.016 d_rand 163.399 var 0.000 sib 0.000 unr 3.035 unrb 2.393 d_unr 155.65 d_oth 181.58
step 92900  loss 44.8906  train_top1 0.000  lr 2.09e-05  (2.2 it/s)
    qrl push 3.194 sq_dev 0.0000 lam 91.380 d_step 0.001 d_rand 176.377 var 0.000 sib 0.000 unr 1.868 unrb 2.190 d_unr 159.15 d_oth 233.30
step 93000  loss 44.0148  train_top1 0.000  lr 2.08e-05  (2.4 it/s)
    qrl push 2.345 sq_dev 0.1020 lam 91.344 d_step 0.054 d_rand 188.014 var 0.000 sib 0.000 unr 1.511 unrb 1.752 d_unr 172.35 d_oth 231.32
step 93100  loss 29.7594  train_top1 0.000  lr 2.07e-05  (2.1 it/s)
    qrl push 3.782 sq_dev 0.0000 lam 91.323 d_step 0.000 d_rand 190.795 var 0.000 sib 0.000 unr 2.707 unrb 2.431 d_unr 176.66 d_oth 231.14
step 93200  loss 90.7716  train_top1 0.000  lr 2.06e-05  (2.4 it/s)
    qrl push 4.352 sq_dev 0.0562 lam 91.298 d_step 0.018 d_rand 171.032 var 0.000 sib 0.000 unr 3.030 unrb 1.587 d_unr 153.73 d_oth 229.51
step 93300  loss 37.1546  train_top1 0.000  lr 2.06e-05  (2.3 it/s)
    qrl push 3.242 sq_dev 0.0000 lam 91.296 d_step 0.000 d_rand 181.970 var 0.000 sib 0.000 unr 1.970 unrb 1.808 d_unr 173.99 d_oth 212.53
step 93400  loss 33.9637  train_top1 0.000  lr 2.05e-05  (2.0 it/s)
    qrl push 3.631 sq_dev 0.0000 lam 91.284 d_step 0.000 d_rand 196.812 var 0.000 sib 0.000 unr 1.636 unrb 1.381 d_unr 192.96 d_oth 212.89
step 93500  loss 45.1443  train_top1 0.000  lr 2.04e-05  (1.7 it/s)
    qrl push 5.628 sq_dev 0.0000 lam 91.250 d_step 0.000 d_rand 170.142 var 0.000 sib 0.000 unr 3.655 unrb 2.577 d_unr 156.63 d_oth 216.26
step 93600  loss 35.3986  train_top1 0.000  lr 2.03e-05  (2.0 it/s)
    qrl push 3.029 sq_dev 0.0179 lam 91.285 d_step 0.012 d_rand 184.907 var 0.000 sib 0.000 unr 2.094 unrb 1.739 d_unr 157.15 d_oth 253.88
step 93700  loss 38.9141  train_top1 0.000  lr 2.03e-05  (2.1 it/s)
    qrl push 3.558 sq_dev 0.0318 lam 91.248 d_step 0.017 d_rand 173.622 var 0.000 sib 0.000 unr 2.013 unrb 1.443 d_unr 161.11 d_oth 233.92
step 93800  loss 35.4541  train_top1 0.000  lr 2.02e-05  (2.2 it/s)
    qrl push 3.202 sq_dev 0.0000 lam 91.204 d_step 0.000 d_rand 175.799 var 0.000 sib 0.000 unr 1.686 unrb 2.227 d_unr 148.90 d_oth 243.34
step 93900  loss 36.7915  train_top1 0.000  lr 2.01e-05  (2.1 it/s)
    qrl push 3.203 sq_dev 0.0769 lam 91.165 d_step 0.016 d_rand 191.119 var 0.000 sib 0.000 unr 1.556 unrb 1.883 d_unr 179.23 d_oth 235.72
step 94000  loss 34.8123  train_top1 0.000  lr 2.00e-05  (2.0 it/s)
  VAL step 94000  loss 822.7812  top1 0.003  top8 0.048
    qrl push 4.507 sq_dev 0.0036 lam 91.129 d_step 0.007 d_rand 154.989 var 0.000 sib 0.000 unr 2.825 unrb 2.454 d_unr 138.65 d_oth 238.25
step 94100  loss 78.6628  train_top1 0.000  lr 2.00e-05  (1.7 it/s)
    qrl push 5.706 sq_dev 7.3516 lam 91.185 d_step 0.125 d_rand 172.459 var 0.000 sib 0.000 unr 3.981 unrb 2.903 d_unr 149.89 d_oth 236.78
step 94200  loss 45.1329  train_top1 0.000  lr 1.99e-05  (1.8 it/s)
    qrl push 3.202 sq_dev 0.0000 lam 91.252 d_step 0.000 d_rand 185.827 var 0.000 sib 0.000 unr 1.912 unrb 1.447 d_unr 173.53 d_oth 238.42
step 94300  loss 29.3508  train_top1 0.000  lr 1.98e-05  (2.1 it/s)
    qrl push 3.487 sq_dev 0.0000 lam 91.239 d_step 0.001 d_rand 171.750 var 0.000 sib 0.000 unr 2.188 unrb 1.795 d_unr 159.02 d_oth 215.70
step 94400  loss 42.3170  train_top1 0.000  lr 1.97e-05  (2.2 it/s)
    qrl push 4.577 sq_dev 0.0000 lam 91.199 d_step 0.000 d_rand 152.443 var 0.000 sib 0.000 unr 2.637 unrb 2.092 d_unr 132.59 d_oth 204.30
step 94500  loss 33.5669  train_top1 0.000  lr 1.97e-05  (1.9 it/s)
    qrl push 5.405 sq_dev 0.0000 lam 91.175 d_step 0.000 d_rand 148.508 var 0.000 sib 0.000 unr 3.317 unrb 2.385 d_unr 132.32 d_oth 198.11
step 94600  loss 35.4183  train_top1 0.000  lr 1.96e-05  (2.2 it/s)
    qrl push 4.714 sq_dev 8.5090 lam 91.116 d_step 0.132 d_rand 165.115 var 0.000 sib 0.000 unr 3.306 unrb 3.109 d_unr 144.33 d_oth 215.28
step 94700  loss 41.5819  train_top1 0.000  lr 1.95e-05  (1.9 it/s)
    qrl push 5.759 sq_dev 0.0000 lam 91.303 d_step 0.000 d_rand 172.591 var 0.000 sib 0.000 unr 3.829 unrb 2.724 d_unr 164.86 d_oth 204.45
step 94800  loss 45.6872  train_top1 0.000  lr 1.94e-05  (1.8 it/s)
    qrl push 5.001 sq_dev 0.0000 lam 91.310 d_step 0.000 d_rand 162.699 var 0.000 sib 0.000 unr 3.264 unrb 2.172 d_unr 154.69 d_oth 186.23
step 94900  loss 38.3374  train_top1 0.000  lr 1.94e-05  (2.2 it/s)
    qrl push 3.676 sq_dev 0.0081 lam 91.323 d_step 0.010 d_rand 174.669 var 0.000 sib 0.000 unr 2.288 unrb 1.980 d_unr 164.43 d_oth 220.80
step 95000  loss 43.6282  train_top1 0.000  lr 1.93e-05  (2.2 it/s)
  ladder checkpoint -> field_scratch_full_v4_step95000.pt
    qrl push 3.927 sq_dev 0.0000 lam 91.392 d_step 0.004 d_rand 164.901 var 0.000 sib 0.000 unr 2.218 unrb 2.594 d_unr 147.98 d_oth 232.92
step 95100  loss 32.5825  train_top1 0.000  lr 1.92e-05  (1.9 it/s)
    qrl push 5.632 sq_dev 0.0007 lam 91.342 d_step 0.003 d_rand 166.030 var 0.000 sib 0.000 unr 2.898 unrb 2.154 d_unr 156.92 d_oth 192.25
step 95200  loss 40.8354  train_top1 0.000  lr 1.92e-05  (1.5 it/s)
    qrl push 4.000 sq_dev 0.0236 lam 91.355 d_step 0.009 d_rand 164.018 var 0.000 sib 0.000 unr 2.562 unrb 2.099 d_unr 148.96 d_oth 221.70
step 95300  loss 28.9500  train_top1 0.000  lr 1.91e-05  (2.0 it/s)
    qrl push 3.518 sq_dev 0.0043 lam 91.305 d_step 0.008 d_rand 178.813 var 0.000 sib 0.000 unr 1.807 unrb 2.038 d_unr 165.85 d_oth 223.55
step 95400  loss 41.3415  train_top1 0.000  lr 1.90e-05  (1.9 it/s)
    qrl push 3.454 sq_dev 0.0352 lam 91.247 d_step 0.010 d_rand 174.429 var 0.000 sib 0.000 unr 1.947 unrb 1.309 d_unr 160.55 d_oth 227.59
step 95500  loss 41.5344  train_top1 0.000  lr 1.89e-05  (1.9 it/s)
    qrl push 4.355 sq_dev 0.0035 lam 91.202 d_step 0.005 d_rand 162.011 var 0.000 sib 0.000 unr 2.749 unrb 1.995 d_unr 148.10 d_oth 217.92
step 95600  loss 42.3898  train_top1 0.000  lr 1.89e-05  (1.7 it/s)
    qrl push 3.604 sq_dev 0.0000 lam 91.144 d_step 0.001 d_rand 182.035 var 0.000 sib 0.000 unr 2.437 unrb 2.326 d_unr 160.03 d_oth 248.74
step 95700  loss 35.2312  train_top1 0.000  lr 1.88e-05  (1.8 it/s)
    qrl push 3.890 sq_dev 0.0000 lam 91.077 d_step 0.001 d_rand 164.451 var 0.000 sib 0.000 unr 2.326 unrb 1.946 d_unr 152.17 d_oth 215.04
step 95800  loss 29.3226  train_top1 0.000  lr 1.87e-05  (1.9 it/s)
    qrl push 3.160 sq_dev 0.0716 lam 91.034 d_step 0.019 d_rand 161.854 var 0.000 sib 0.000 unr 1.808 unrb 2.328 d_unr 146.13 d_oth 223.52
step 95900  loss 20.8694  train_top1 0.000  lr 1.87e-05  (1.9 it/s)
    qrl push 2.632 sq_dev 0.0000 lam 90.972 d_step 0.002 d_rand 210.143 var 0.000 sib 0.000 unr 1.345 unrb 1.820 d_unr 206.16 d_oth 229.34
step 96000  loss 53.2034  train_top1 0.000  lr 1.86e-05  (1.9 it/s)
  VAL step 96000  loss 809.2233  top1 0.002  top8 0.049
    qrl push 4.975 sq_dev 0.0158 lam 90.923 d_step 0.008 d_rand 180.622 var 0.000 sib 0.000 unr 3.202 unrb 2.890 d_unr 170.74 d_oth 214.72
step 96100  loss 48.4704  train_top1 0.000  lr 1.85e-05  (1.7 it/s)
    qrl push 4.007 sq_dev 0.0001 lam 91.178 d_step 0.002 d_rand 166.040 var 0.000 sib 0.000 unr 2.577 unrb 1.867 d_unr 154.41 d_oth 212.78
step 96200  loss 41.6448  train_top1 0.000  lr 1.85e-05  (2.2 it/s)
    qrl push 4.894 sq_dev 0.0001 lam 91.167 d_step 0.002 d_rand 155.687 var 0.000 sib 0.000 unr 3.070 unrb 1.979 d_unr 148.33 d_oth 189.28
step 96300  loss 37.0163  train_top1 0.000  lr 1.84e-05  (2.2 it/s)
    qrl push 5.878 sq_dev 0.0000 lam 91.164 d_step 0.000 d_rand 169.206 var 0.000 sib 0.000 unr 3.232 unrb 2.843 d_unr 157.79 d_oth 206.49
step 96400  loss 45.1759  train_top1 0.000  lr 1.83e-05  (1.6 it/s)
    qrl push 3.126 sq_dev 0.0000 lam 91.124 d_step 0.000 d_rand 167.368 var 0.000 sib 0.000 unr 1.800 unrb 1.810 d_unr 151.10 d_oth 233.57
step 96500  loss 38.5358  train_top1 0.000  lr 1.83e-05  (2.1 it/s)
    qrl push 5.377 sq_dev 0.0000 lam 91.097 d_step 0.000 d_rand 172.843 var 0.000 sib 0.000 unr 3.021 unrb 1.744 d_unr 160.43 d_oth 201.44
step 96600  loss 41.5493  train_top1 0.000  lr 1.82e-05  (2.4 it/s)
    qrl push 2.763 sq_dev 0.0481 lam 91.070 d_step 0.025 d_rand 196.343 var 0.000 sib 0.000 unr 1.471 unrb 1.793 d_unr 177.58 d_oth 256.31
step 96700  loss 37.3712  train_top1 0.000  lr 1.81e-05  (2.3 it/s)
    qrl push 5.485 sq_dev 0.0000 lam 91.044 d_step 0.000 d_rand 165.209 var 0.000 sib 0.000 unr 3.419 unrb 1.818 d_unr 148.23 d_oth 218.54
step 96800  loss 21.2593  train_top1 0.000  lr 1.80e-05  (2.3 it/s)
    qrl push 3.717 sq_dev 0.0000 lam 91.011 d_step 0.000 d_rand 204.676 var 0.000 sib 0.000 unr 2.622 unrb 2.900 d_unr 192.61 d_oth 250.79
step 96900  loss 43.9948  train_top1 0.000  lr 1.80e-05  (2.1 it/s)
    qrl push 3.706 sq_dev 0.0026 lam 90.989 d_step 0.007 d_rand 181.814 var 0.000 sib 0.000 unr 2.471 unrb 1.702 d_unr 159.37 d_oth 254.34
step 97000  loss 29.8701  train_top1 0.000  lr 1.79e-05  (2.3 it/s)
    qrl push 2.712 sq_dev 0.0336 lam 90.945 d_step 0.022 d_rand 182.752 var 0.000 sib 0.000 unr 1.551 unrb 2.042 d_unr 166.99 d_oth 239.71
step 97100  loss 40.2775  train_top1 0.000  lr 1.78e-05  (2.3 it/s)
    qrl push 4.798 sq_dev 0.0000 lam 91.098 d_step 0.000 d_rand 165.018 var 0.000 sib 0.000 unr 3.275 unrb 2.790 d_unr 139.58 d_oth 250.89
step 97200  loss 21.4335  train_top1 0.000  lr 1.78e-05  (2.3 it/s)
    qrl push 4.207 sq_dev 0.0369 lam 91.111 d_step 0.013 d_rand 157.519 var 0.000 sib 0.000 unr 2.156 unrb 2.542 d_unr 136.13 d_oth 226.64
step 97300  loss 40.6889  train_top1 0.000  lr 1.77e-05  (2.5 it/s)
    qrl push 4.056 sq_dev 0.0021 lam 91.083 d_step 0.006 d_rand 173.178 var 0.000 sib 0.000 unr 2.514 unrb 2.228 d_unr 157.26 d_oth 229.45
step 97400  loss 26.7864  train_top1 0.000  lr 1.77e-05  (2.0 it/s)
    qrl push 2.933 sq_dev 0.0148 lam 91.048 d_step 0.010 d_rand 171.692 var 0.000 sib 0.000 unr 1.749 unrb 1.673 d_unr 151.61 d_oth 238.03
step 97500  loss 26.2558  train_top1 0.000  lr 1.76e-05  (2.4 it/s)
    qrl push 3.798 sq_dev 0.0000 lam 91.039 d_step 0.000 d_rand 176.048 var 0.000 sib 0.000 unr 2.416 unrb 1.959 d_unr 165.92 d_oth 212.64
step 97600  loss 33.9133  train_top1 0.000  lr 1.75e-05  (2.0 it/s)
    qrl push 5.081 sq_dev 0.0284 lam 91.027 d_step 0.018 d_rand 158.142 var 0.000 sib 0.000 unr 3.128 unrb 2.988 d_unr 136.00 d_oth 234.60
step 97700  loss 18.8874  train_top1 0.000  lr 1.75e-05  (2.0 it/s)
    qrl push 2.663 sq_dev 0.4434 lam 91.010 d_step 0.058 d_rand 180.292 var 0.000 sib 0.000 unr 1.350 unrb 1.721 d_unr 160.62 d_oth 238.82
step 97800  loss 22.8016  train_top1 0.000  lr 1.74e-05  (2.4 it/s)
    qrl push 3.049 sq_dev 0.0000 lam 90.984 d_step 0.000 d_rand 175.550 var 0.000 sib 0.000 unr 1.789 unrb 1.704 d_unr 152.31 d_oth 263.15
step 97900  loss 34.8338  train_top1 0.000  lr 1.73e-05  (1.9 it/s)
    qrl push 2.914 sq_dev 0.0000 lam 90.954 d_step 0.000 d_rand 199.500 var 0.000 sib 0.000 unr 1.540 unrb 1.629 d_unr 194.45 d_oth 216.92
step 98000  loss 51.5433  train_top1 0.000  lr 1.73e-05  (1.7 it/s)
  VAL step 98000  loss 837.9234  top1 0.002  top8 0.054
    qrl push 4.534 sq_dev 0.0444 lam 91.019 d_step 0.019 d_rand 179.904 var 0.000 sib 0.000 unr 3.202 unrb 1.426 d_unr 159.77 d_oth 239.81
step 98100  loss 30.7708  train_top1 0.000  lr 1.72e-05  (1.7 it/s)
    qrl push 4.079 sq_dev 1.3701 lam 90.974 d_step 0.059 d_rand 174.770 var 0.000 sib 0.000 unr 2.261 unrb 1.507 d_unr 164.75 d_oth 210.54
step 98200  loss 35.4427  train_top1 0.000  lr 1.71e-05  (2.6 it/s)
    qrl push 5.092 sq_dev 0.0000 lam 91.000 d_step 0.000 d_rand 162.257 var 0.000 sib 0.000 unr 2.934 unrb 2.378 d_unr 154.63 d_oth 193.68
step 98300  loss 35.7398  train_top1 0.000  lr 1.71e-05  (1.8 it/s)
    qrl push 3.811 sq_dev 0.1212 lam 90.944 d_step 0.018 d_rand 173.832 var 0.000 sib 0.000 unr 2.332 unrb 1.597 d_unr 168.49 d_oth 190.01
step 98400  loss 44.1688  train_top1 0.000  lr 1.70e-05  (2.3 it/s)
    qrl push 5.187 sq_dev 0.0326 lam 90.884 d_step 0.016 d_rand 167.269 var 0.000 sib 0.000 unr 3.077 unrb 2.254 d_unr 159.13 d_oth 204.41
step 98500  loss 32.3310  train_top1 0.000  lr 1.69e-05  (2.1 it/s)
    qrl push 5.338 sq_dev 0.0000 lam 91.093 d_step 0.000 d_rand 171.549 var 0.000 sib 0.000 unr 3.315 unrb 1.549 d_unr 156.58 d_oth 226.89
step 98600  loss 36.0266  train_top1 0.000  lr 1.69e-05  (2.1 it/s)
    qrl push 4.134 sq_dev 0.0620 lam 91.106 d_step 0.013 d_rand 155.893 var 0.000 sib 0.000 unr 2.427 unrb 1.421 d_unr 139.75 d_oth 219.99
step 98700  loss 26.2989  train_top1 0.000  lr 1.68e-05  (2.2 it/s)
    qrl push 2.467 sq_dev 0.0620 lam 91.196 d_step 0.018 d_rand 203.540 var 0.000 sib 0.000 unr 1.467 unrb 1.911 d_unr 188.02 d_oth 257.13
step 98800  loss 36.6922  train_top1 0.000  lr 1.68e-05  (1.4 it/s)
    qrl push 3.623 sq_dev 0.0435 lam 91.171 d_step 0.016 d_rand 170.282 var 0.000 sib 0.000 unr 2.421 unrb 2.651 d_unr 139.64 d_oth 245.64
step 98900  loss 46.0129  train_top1 0.000  lr 1.67e-05  (1.4 it/s)
    qrl push 4.852 sq_dev 0.0301 lam 91.122 d_step 0.014 d_rand 168.372 var 0.000 sib 0.000 unr 2.662 unrb 2.241 d_unr 153.57 d_oth 219.46
step 99000  loss 28.3244  train_top1 0.000  lr 1.66e-05  (1.5 it/s)
    qrl push 3.249 sq_dev 0.0000 lam 91.074 d_step 0.000 d_rand 212.404 var 0.000 sib 0.000 unr 1.805 unrb 1.489 d_unr 205.90 d_oth 240.59
step 99100  loss 34.0243  train_top1 0.000  lr 1.66e-05  (1.3 it/s)
    qrl push 2.012 sq_dev 0.0034 lam 91.016 d_step 0.007 d_rand 196.828 var 0.000 sib 0.000 unr 1.351 unrb 1.299 d_unr 167.21 d_oth 280.89
step 99200  loss 37.5580  train_top1 0.000  lr 1.65e-05  (1.3 it/s)
    qrl push 3.294 sq_dev 0.0000 lam 90.958 d_step 0.000 d_rand 180.770 var 0.000 sib 0.000 unr 2.423 unrb 2.247 d_unr 147.97 d_oth 259.33
step 99300  loss 52.8633  train_top1 0.000  lr 1.64e-05  (1.7 it/s)
    qrl push 3.375 sq_dev 0.0551 lam 90.908 d_step 0.019 d_rand 195.126 var 0.000 sib 0.000 unr 1.753 unrb 1.905 d_unr 184.68 d_oth 236.59
step 99400  loss 37.5663  train_top1 0.000  lr 1.64e-05  (1.6 it/s)
    qrl push 3.075 sq_dev 0.0028 lam 90.890 d_step 0.007 d_rand 172.495 var 0.000 sib 0.000 unr 1.842 unrb 2.230 d_unr 147.38 d_oth 246.29
step 99500  loss 31.4404  train_top1 0.000  lr 1.63e-05  (1.7 it/s)
    qrl push 3.803 sq_dev 0.0000 lam 90.850 d_step 0.000 d_rand 192.706 var 0.000 sib 0.000 unr 2.029 unrb 1.857 d_unr 189.10 d_oth 206.21
step 99600  loss 39.9980  train_top1 0.000  lr 1.63e-05  (1.7 it/s)
    qrl push 5.544 sq_dev 0.0000 lam 90.813 d_step 0.000 d_rand 187.588 var 0.000 sib 0.000 unr 3.769 unrb 2.972 d_unr 183.65 d_oth 206.54
step 99700  loss 24.3895  train_top1 0.000  lr 1.62e-05  (1.5 it/s)
    qrl push 3.854 sq_dev 0.0000 lam 90.749 d_step 0.000 d_rand 171.030 var 0.000 sib 0.000 unr 2.269 unrb 1.654 d_unr 156.91 d_oth 217.68
step 99800  loss 40.7011  train_top1 0.000  lr 1.61e-05  (1.7 it/s)
    qrl push 3.724 sq_dev 0.0000 lam 90.694 d_step 0.000 d_rand 179.437 var 0.000 sib 0.000 unr 2.413 unrb 1.967 d_unr 160.81 d_oth 250.79
step 99900  loss 43.1653  train_top1 0.000  lr 1.61e-05  (1.8 it/s)
    qrl push 3.715 sq_dev 0.0075 lam 90.702 d_step 0.006 d_rand 189.570 var 0.000 sib 0.000 unr 2.658 unrb 2.491 d_unr 174.06 d_oth 240.22
step 100000  loss 31.8173  train_top1 0.000  lr 1.60e-05  (1.6 it/s)
  VAL step 100000  loss 857.9777  top1 0.002  top8 0.045
  ladder checkpoint -> field_scratch_full_v4_step100000.pt
    qrl push 2.680 sq_dev 0.0000 lam 90.634 d_step 0.000 d_rand 185.633 var 0.000 sib 0.000 unr 1.579 unrb 2.427 d_unr 167.60 d_oth 250.03
step 100100  loss 46.1931  train_top1 0.000  lr 1.60e-05  (1.4 it/s)
    qrl push 3.762 sq_dev 0.0000 lam 90.835 d_step 0.002 d_rand 208.423 var 0.000 sib 0.000 unr 1.869 unrb 2.513 d_unr 201.53 d_oth 237.54
step 100200  loss 24.8617  train_top1 0.000  lr 1.59e-05  (1.7 it/s)
    qrl push 3.691 sq_dev 0.0288 lam 90.781 d_step 0.010 d_rand 177.149 var 0.000 sib 0.000 unr 2.511 unrb 1.728 d_unr 148.23 d_oth 261.24
step 100300  loss 44.0068  train_top1 0.000  lr 1.59e-05  (1.5 it/s)
    qrl push 4.230 sq_dev 0.0013 lam 90.966 d_step 0.004 d_rand 182.213 var 0.000 sib 0.000 unr 3.157 unrb 2.320 d_unr 164.82 d_oth 234.40
step 100400  loss 33.8611  train_top1 0.000  lr 1.58e-05  (1.7 it/s)
    qrl push 3.421 sq_dev 0.0004 lam 90.945 d_step 0.003 d_rand 181.675 var 0.000 sib 0.000 unr 1.929 unrb 1.446 d_unr 172.05 d_oth 234.44
step 100500  loss 24.5450  train_top1 0.000  lr 1.57e-05  (1.7 it/s)
    qrl push 3.298 sq_dev 0.0000 lam 91.149 d_step 0.000 d_rand 172.233 var 0.000 sib 0.000 unr 1.992 unrb 1.534 d_unr 156.43 d_oth 228.04
step 100600  loss 25.2074  train_top1 0.000  lr 1.57e-05  (1.8 it/s)
    qrl push 3.320 sq_dev 0.2252 lam 91.130 d_step 0.031 d_rand 193.907 var 0.000 sib 0.000 unr 1.678 unrb 1.440 d_unr 191.82 d_oth 201.45
step 100700  loss 33.0799  train_top1 0.000  lr 1.56e-05  (1.7 it/s)
    qrl push 4.269 sq_dev 0.0000 lam 91.121 d_step 0.000 d_rand 172.955 var 0.000 sib 0.000 unr 2.567 unrb 1.513 d_unr 165.82 d_oth 211.46
step 100800  loss 39.2642  train_top1 0.000  lr 1.56e-05  (1.7 it/s)
    qrl push 3.904 sq_dev 0.0000 lam 91.115 d_step 0.000 d_rand 184.321 var 0.000 sib 0.000 unr 2.446 unrb 1.586 d_unr 177.18 d_oth 211.98
step 100900  loss 29.7764  train_top1 0.000  lr 1.55e-05  (1.9 it/s)
    qrl push 4.539 sq_dev 0.0077 lam 91.228 d_step 0.009 d_rand 169.589 var 0.000 sib 0.000 unr 2.935 unrb 2.467 d_unr 144.23 d_oth 239.70
step 101000  loss 47.2715  train_top1 0.000  lr 1.55e-05  (1.7 it/s)
    qrl push 3.676 sq_dev 0.0427 lam 91.221 d_step 0.017 d_rand 163.152 var 0.000 sib 0.000 unr 2.335 unrb 2.263 d_unr 141.03 d_oth 224.30
step 101100  loss 33.6302  train_top1 0.000  lr 1.54e-05  (1.5 it/s)
    qrl push 3.538 sq_dev 0.0000 lam 91.198 d_step 0.000 d_rand 180.713 var 0.000 sib 0.000 unr 2.107 unrb 1.658 d_unr 171.45 d_oth 221.90
step 101200  loss 24.3344  train_top1 0.000  lr 1.53e-05  (1.6 it/s)
    qrl push 4.016 sq_dev 0.0037 lam 91.163 d_step 0.009 d_rand 175.700 var 0.000 sib 0.000 unr 2.637 unrb 1.764 d_unr 162.21 d_oth 225.58
step 101300  loss 38.6894  train_top1 0.000  lr 1.53e-05  (1.6 it/s)
    qrl push 4.135 sq_dev 0.0000 lam 91.118 d_step 0.000 d_rand 182.942 var 0.000 sib 0.000 unr 2.422 unrb 1.690 d_unr 172.42 d_oth 220.93
step 101400  loss 32.4111  train_top1 0.000  lr 1.52e-05  (1.7 it/s)
    qrl push 3.657 sq_dev 0.0000 lam 91.110 d_step 0.001 d_rand 166.244 var 0.000 sib 0.000 unr 2.119 unrb 2.251 d_unr 142.66 d_oth 252.46
step 101500  loss 21.4683  train_top1 0.000  lr 1.52e-05  (1.5 it/s)
    qrl push 2.720 sq_dev 0.0012 lam 91.136 d_step 0.005 d_rand 175.918 var 0.000 sib 0.000 unr 1.938 unrb 1.757 d_unr 152.15 d_oth 245.76
step 101600  loss 63.2654  train_top1 0.000  lr 1.51e-05  (1.4 it/s)
    qrl push 3.270 sq_dev 0.0000 lam 91.163 d_step 0.000 d_rand 190.606 var 0.000 sib 0.000 unr 1.726 unrb 1.406 d_unr 186.88 d_oth 207.20
step 101700  loss 37.1125  train_top1 0.000  lr 1.51e-05  (1.7 it/s)
    qrl push 3.646 sq_dev 0.0000 lam 91.197 d_step 0.000 d_rand 182.458 var 0.000 sib 0.000 unr 2.637 unrb 2.303 d_unr 160.77 d_oth 244.27
step 101800  loss 32.5237  train_top1 0.000  lr 1.50e-05  (1.5 it/s)
    qrl push 3.104 sq_dev 0.0527 lam 91.144 d_step 0.014 d_rand 186.024 var 0.000 sib 0.000 unr 1.807 unrb 2.434 d_unr 168.55 d_oth 247.36
step 101900  loss 24.2233  train_top1 0.000  lr 1.50e-05  (1.7 it/s)
    qrl push 2.478 sq_dev 0.0064 lam 91.092 d_step 0.008 d_rand 176.998 var 0.000 sib 0.000 unr 1.447 unrb 2.084 d_unr 154.82 d_oth 237.70
step 102000  loss 28.0204  train_top1 0.000  lr 1.49e-05  (1.5 it/s)
  VAL step 102000  loss 851.6191  top1 0.004  top8 0.053
    qrl push 2.837 sq_dev 0.0409 lam 91.033 d_step 0.021 d_rand 201.836 var 0.000 sib 0.000 unr 1.627 unrb 1.043 d_unr 187.36 d_oth 247.14
step 102100  loss 21.8592  train_top1 0.000  lr 1.49e-05  (1.2 it/s)
    qrl push 3.151 sq_dev 0.0402 lam 91.158 d_step 0.011 d_rand 194.499 var 0.000 sib 0.000 unr 2.134 unrb 1.655 d_unr 181.81 d_oth 261.99
step 102200  loss 48.3582  train_top1 0.000  lr 1.48e-05  (1.2 it/s)
    qrl push 5.926 sq_dev 0.0000 lam 91.341 d_step 0.000 d_rand 155.903 var 0.000 sib 0.000 unr 4.001 unrb 2.748 d_unr 144.20 d_oth 201.28
step 102300  loss 29.4767  train_top1 0.000  lr 1.47e-05  (1.5 it/s)
    qrl push 3.223 sq_dev 0.0059 lam 91.375 d_step 0.005 d_rand 171.938 var 0.000 sib 0.000 unr 1.755 unrb 1.347 d_unr 160.41 d_oth 221.24
step 102400  loss 40.2419  train_top1 0.000  lr 1.47e-05  (1.4 it/s)
    qrl push 3.937 sq_dev 0.0178 lam 91.365 d_step 0.013 d_rand 163.660 var 0.000 sib 0.000 unr 2.510 unrb 2.287 d_unr 139.42 d_oth 235.64
step 102500  loss 48.3600  train_top1 0.000  lr 1.46e-05  (1.6 it/s)
    qrl push 3.616 sq_dev 0.0539 lam 91.346 d_step 0.016 d_rand 170.997 var 0.000 sib 0.000 unr 2.664 unrb 1.552 d_unr 148.14 d_oth 229.98
step 102600  loss 30.6586  train_top1 0.000  lr 1.46e-05  (1.4 it/s)
    qrl push 3.546 sq_dev 0.1513 lam 91.320 d_step 0.019 d_rand 181.028 var 0.000 sib 0.000 unr 2.027 unrb 1.725 d_unr 169.60 d_oth 224.79
step 102700  loss 33.8032  train_top1 0.000  lr 1.45e-05  (1.5 it/s)
    qrl push 4.525 sq_dev 0.0000 lam 91.294 d_step 0.000 d_rand 170.325 var 0.000 sib 0.000 unr 2.476 unrb 2.297 d_unr 162.91 d_oth 200.12
step 102800  loss 47.8287  train_top1 0.000  lr 1.45e-05  (1.4 it/s)
    qrl push 3.590 sq_dev 0.0002 lam 91.292 d_step 0.003 d_rand 160.499 var 0.000 sib 0.000 unr 2.465 unrb 2.337 d_unr 134.54 d_oth 238.39
step 102900  loss 57.9315  train_top1 0.000  lr 1.44e-05  (1.3 it/s)
    qrl push 5.226 sq_dev 0.0000 lam 91.597 d_step 0.000 d_rand 142.526 var 0.000 sib 0.000 unr 2.999 unrb 3.892 d_unr 132.82 d_oth 178.82
step 103000  loss 32.4086  train_top1 0.000  lr 1.44e-05  (1.5 it/s)
    qrl push 4.052 sq_dev 0.1179 lam 91.586 d_step 0.036 d_rand 153.960 var 0.000 sib 0.000 unr 2.396 unrb 2.999 d_unr 141.83 d_oth 202.49
step 103100  loss 34.6677  train_top1 0.000  lr 1.43e-05  (1.4 it/s)
    qrl push 3.133 sq_dev 0.0000 lam 91.578 d_step 0.000 d_rand 180.822 var 0.000 sib 0.000 unr 1.749 unrb 1.903 d_unr 170.11 d_oth 220.44
step 103200  loss 27.5108  train_top1 0.000  lr 1.43e-05  (1.3 it/s)
    qrl push 2.559 sq_dev 0.0000 lam 91.571 d_step 0.003 d_rand 186.445 var 0.000 sib 0.000 unr 1.371 unrb 1.736 d_unr 175.22 d_oth 225.67
step 103300  loss 23.8744  train_top1 0.000  lr 1.42e-05  (1.3 it/s)
    qrl push 4.379 sq_dev 0.1253 lam 91.577 d_step 0.018 d_rand 162.537 var 0.000 sib 0.000 unr 2.255 unrb 2.355 d_unr 156.59 d_oth 190.41
step 103400  loss 45.4844  train_top1 0.000  lr 1.42e-05  (1.3 it/s)
    qrl push 4.285 sq_dev 0.0000 lam 91.574 d_step 0.002 d_rand 151.136 var 0.000 sib 0.000 unr 2.412 unrb 2.986 d_unr 134.26 d_oth 206.25
step 103500  loss 130.5760  train_top1 0.000  lr 1.41e-05  (1.3 it/s)
    qrl push 5.459 sq_dev 0.0000 lam 91.578 d_step 0.000 d_rand 144.731 var 0.000 sib 0.000 unr 2.913 unrb 1.975 d_unr 128.91 d_oth 191.21
step 103600  loss 36.3781  train_top1 0.000  lr 1.41e-05  (1.5 it/s)
    qrl push 4.914 sq_dev 0.0000 lam 91.572 d_step 0.000 d_rand 188.045 var 0.000 sib 0.000 unr 3.356 unrb 2.302 d_unr 180.11 d_oth 213.67
step 103700  loss 57.9086  train_top1 0.000  lr 1.40e-05  (1.5 it/s)
    qrl push 3.720 sq_dev 0.0220 lam 91.561 d_step 0.011 d_rand 156.121 var 0.000 sib 0.000 unr 2.090 unrb 2.898 d_unr 140.69 d_oth 213.05
step 103800  loss 23.6336  train_top1 0.000  lr 1.40e-05  (1.5 it/s)
    qrl push 4.247 sq_dev 0.0218 lam 91.564 d_step 0.010 d_rand 168.002 var 0.000 sib 0.000 unr 2.839 unrb 1.524 d_unr 154.40 d_oth 213.44
step 103900  loss 30.7447  train_top1 0.000  lr 1.39e-05  (1.4 it/s)
    qrl push 4.344 sq_dev 0.0747 lam 91.560 d_step 0.016 d_rand 164.484 var 0.000 sib 0.000 unr 3.230 unrb 2.096 d_unr 148.21 d_oth 215.42
step 104000  loss 38.3366  train_top1 0.000  lr 1.39e-05  (1.4 it/s)
  VAL step 104000  loss 707.6918  top1 0.002  top8 0.046
    qrl push 3.774 sq_dev 0.0000 lam 91.593 d_step 0.000 d_rand 172.207 var 0.000 sib 0.000 unr 2.173 unrb 2.473 d_unr 165.83 d_oth 201.33
step 104100  loss 21.9512  train_top1 0.000  lr 1.38e-05  (1.3 it/s)
    qrl push 5.335 sq_dev 0.0299 lam 91.578 d_step 0.016 d_rand 165.820 var 0.000 sib 0.000 unr 3.394 unrb 1.966 d_unr 154.33 d_oth 203.17
step 104200  loss 28.0664  train_top1 0.000  lr 1.38e-05  (1.5 it/s)
    qrl push 5.874 sq_dev 0.0000 lam 91.602 d_step 0.003 d_rand 167.414 var 0.000 sib 0.000 unr 4.061 unrb 3.310 d_unr 159.49 d_oth 196.39
step 104300  loss 29.0095  train_top1 0.000  lr 1.37e-05  (1.6 it/s)
    qrl push 4.522 sq_dev 0.0217 lam 91.598 d_step 0.009 d_rand 187.413 var 0.000 sib 0.000 unr 2.536 unrb 1.769 d_unr 188.18 d_oth 184.41
step 104400  loss 27.3244  train_top1 0.000  lr 1.37e-05  (1.6 it/s)
    qrl push 5.131 sq_dev 0.0011 lam 91.599 d_step 0.003 d_rand 154.221 var 0.000 sib 0.000 unr 3.023 unrb 1.753 d_unr 140.19 d_oth 206.71
step 104500  loss 36.1695  train_top1 0.000  lr 1.37e-05  (1.6 it/s)
    qrl push 2.638 sq_dev 0.0010 lam 91.589 d_step 0.003 d_rand 179.063 var 0.000 sib 0.000 unr 1.653 unrb 1.542 d_unr 159.20 d_oth 239.92
step 104600  loss 47.9103  train_top1 0.000  lr 1.36e-05  (1.5 it/s)
    qrl push 4.577 sq_dev 0.0008 lam 91.572 d_step 0.003 d_rand 161.819 var 0.000 sib 0.000 unr 3.079 unrb 2.059 d_unr 142.24 d_oth 221.03
step 104700  loss 39.3238  train_top1 0.000  lr 1.36e-05  (1.5 it/s)
    qrl push 5.663 sq_dev 0.0000 lam 91.563 d_step 0.001 d_rand 173.283 var 0.000 sib 0.000 unr 3.568 unrb 2.841 d_unr 164.74 d_oth 198.84
step 104800  loss 25.3230  train_top1 0.000  lr 1.35e-05  (1.6 it/s)
    qrl push 4.845 sq_dev 0.0000 lam 91.542 d_step 0.001 d_rand 168.258 var 0.000 sib 0.000 unr 3.239 unrb 1.802 d_unr 151.38 d_oth 229.24
step 104900  loss 55.4997  train_top1 0.000  lr 1.35e-05  (1.5 it/s)
    qrl push 5.086 sq_dev 0.0000 lam 91.523 d_step 0.001 d_rand 156.580 var 0.000 sib 0.000 unr 3.896 unrb 2.262 d_unr 131.10 d_oth 229.20
step 105000  loss 25.3035  train_top1 0.000  lr 1.34e-05  (1.5 it/s)
  ladder checkpoint -> field_scratch_full_v4_step105000.pt
    qrl push 3.022 sq_dev 0.0163 lam 91.506 d_step 0.008 d_rand 175.759 var 0.000 sib 0.000 unr 1.725 unrb 1.831 d_unr 157.16 d_oth 226.66
step 105100  loss 38.8357  train_top1 0.000  lr 1.34e-05  (1.5 it/s)
    qrl push 2.576 sq_dev 0.0421 lam 91.492 d_step 0.017 d_rand 201.332 var 0.000 sib 0.000 unr 1.251 unrb 1.225 d_unr 198.25 d_oth 218.24
step 105200  loss 29.6175  train_top1 0.000  lr 1.33e-05  (1.6 it/s)
    qrl push 3.286 sq_dev 0.0000 lam 91.478 d_step 0.001 d_rand 182.972 var 0.000 sib 0.000 unr 2.253 unrb 1.611 d_unr 160.06 d_oth 242.85
step 105300  loss 24.4497  train_top1 0.000  lr 1.33e-05  (1.5 it/s)
    qrl push 5.492 sq_dev 0.0162 lam 91.458 d_step 0.008 d_rand 177.734 var 0.000 sib 0.000 unr 3.459 unrb 2.062 d_unr 165.26 d_oth 227.25
step 105400  loss 29.1140  train_top1 0.000  lr 1.32e-05  (1.5 it/s)
    qrl push 3.688 sq_dev 0.0017 lam 91.439 d_step 0.004 d_rand 166.387 var 0.000 sib 0.000 unr 2.493 unrb 1.608 d_unr 149.90 d_oth 231.87
step 105500  loss 31.0848  train_top1 0.000  lr 1.32e-05  (1.5 it/s)
    qrl push 3.795 sq_dev 0.0595 lam 91.426 d_step 0.014 d_rand 167.438 var 0.000 sib 0.000 unr 2.082 unrb 1.966 d_unr 156.58 d_oth 207.58
step 105600  loss 38.2425  train_top1 0.000  lr 1.32e-05  (1.6 it/s)
    qrl push 4.350 sq_dev 0.0000 lam 91.404 d_step 0.000 d_rand 166.712 var 0.000 sib 0.000 unr 2.947 unrb 1.896 d_unr 151.56 d_oth 213.64
step 105700  loss 32.7057  train_top1 0.000  lr 1.31e-05  (1.5 it/s)
    qrl push 3.182 sq_dev 0.0000 lam 91.447 d_step 0.000 d_rand 167.968 var 0.000 sib 0.000 unr 1.978 unrb 2.325 d_unr 142.27 d_oth 248.16
step 105800  loss 44.1487  train_top1 0.000  lr 1.31e-05  (1.5 it/s)
    qrl push 3.075 sq_dev 0.0000 lam 91.428 d_step 0.000 d_rand 176.693 var 0.000 sib 0.000 unr 1.913 unrb 1.896 d_unr 154.85 d_oth 238.18
step 105900  loss 45.2933  train_top1 0.000  lr 1.30e-05  (1.6 it/s)
    qrl push 2.700 sq_dev 0.0000 lam 91.396 d_step 0.001 d_rand 186.175 var 0.000 sib 0.000 unr 1.708 unrb 1.772 d_unr 166.41 d_oth 240.27
step 106000  loss 45.6235  train_top1 0.000  lr 1.30e-05  (1.4 it/s)
  VAL step 106000  loss 797.0222  top1 0.005  top8 0.051
    qrl push 5.038 sq_dev 0.0340 lam 91.393 d_step 0.016 d_rand 182.481 var 0.000 sib 0.000 unr 3.646 unrb 2.780 d_unr 163.06 d_oth 235.14
step 106100  loss 28.2255  train_top1 0.000  lr 1.29e-05  (1.2 it/s)
    qrl push 4.468 sq_dev 0.0000 lam 91.404 d_step 0.000 d_rand 175.148 var 0.000 sib 0.000 unr 3.437 unrb 1.959 d_unr 142.52 d_oth 252.27
step 106200  loss 50.5081  train_top1 0.000  lr 1.29e-05  (1.5 it/s)
    qrl push 3.969 sq_dev 0.0000 lam 91.370 d_step 0.001 d_rand 175.224 var 0.000 sib 0.000 unr 2.570 unrb 1.800 d_unr 149.79 d_oth 266.06
step 106300  loss 30.6249  train_top1 0.000  lr 1.29e-05  (1.4 it/s)
    qrl push 3.457 sq_dev 0.0157 lam 91.364 d_step 0.010 d_rand 175.332 var 0.000 sib 0.000 unr 1.799 unrb 1.686 d_unr 163.43 d_oth 226.25
step 106400  loss 21.8265  train_top1 0.000  lr 1.28e-05  (1.4 it/s)
    qrl push 2.452 sq_dev 0.0063 lam 91.493 d_step 0.013 d_rand 195.991 var 0.000 sib 0.000 unr 1.438 unrb 0.991 d_unr 187.26 d_oth 226.12
step 106500  loss 50.9985  train_top1 0.000  lr 1.28e-05  (1.3 it/s)
    qrl push 6.564 sq_dev 0.0000 lam 91.488 d_step 0.000 d_rand 155.749 var 0.000 sib 0.000 unr 4.123 unrb 2.509 d_unr 148.82 d_oth 187.37
step 106600  loss 32.0721  train_top1 0.000  lr 1.27e-05  (1.4 it/s)
    qrl push 4.053 sq_dev 0.0238 lam 91.590 d_step 0.010 d_rand 160.063 var 0.000 sib 0.000 unr 2.325 unrb 2.050 d_unr 150.54 d_oth 200.81
step 106700  loss 24.5686  train_top1 0.000  lr 1.27e-05  (1.3 it/s)
    qrl push 4.185 sq_dev 0.1367 lam 91.587 d_step 0.028 d_rand 173.290 var 0.000 sib 0.000 unr 2.384 unrb 1.882 d_unr 165.73 d_oth 202.79
step 106800  loss 47.5417  train_top1 0.000  lr 1.27e-05  (1.4 it/s)
    qrl push 3.961 sq_dev 0.0000 lam 91.656 d_step 0.000 d_rand 166.243 var 0.000 sib 0.000 unr 2.741 unrb 2.883 d_unr 155.78 d_oth 203.63
step 106900  loss 35.8036  train_top1 0.000  lr 1.26e-05  (1.3 it/s)
    qrl push 3.025 sq_dev 0.0000 lam 91.701 d_step 0.000 d_rand 179.807 var 0.000 sib 0.000 unr 1.699 unrb 1.949 d_unr 166.79 d_oth 230.27
step 107000  loss 16.1980  train_top1 0.000  lr 1.26e-05  (1.6 it/s)
    qrl push 2.834 sq_dev 0.0218 lam 91.682 d_step 0.016 d_rand 201.687 var 0.000 sib 0.000 unr 1.341 unrb 1.285 d_unr 201.87 d_oth 200.79
step 107100  loss 26.1580  train_top1 0.000  lr 1.25e-05  (1.7 it/s)
    qrl push 3.740 sq_dev 0.0000 lam 91.651 d_step 0.000 d_rand 173.445 var 0.000 sib 0.000 unr 1.997 unrb 2.346 d_unr 162.90 d_oth 220.33
step 107200  loss 42.0017  train_top1 0.000  lr 1.25e-05  (1.6 it/s)
    qrl push 5.478 sq_dev 0.0148 lam 91.613 d_step 0.015 d_rand 169.297 var 0.000 sib 0.000 unr 4.447 unrb 2.108 d_unr 134.80 d_oth 234.60
step 107300  loss 18.3777  train_top1 0.000  lr 1.25e-05  (1.8 it/s)
    qrl push 3.346 sq_dev 0.4636 lam 91.563 d_step 0.047 d_rand 176.328 var 0.000 sib 0.000 unr 2.205 unrb 1.864 d_unr 158.96 d_oth 230.67
step 107400  loss 26.0098  train_top1 0.000  lr 1.24e-05  (1.5 it/s)
    qrl push 4.689 sq_dev 0.0000 lam 91.539 d_step 0.000 d_rand 183.216 var 0.000 sib 0.000 unr 2.777 unrb 2.382 d_unr 170.14 d_oth 237.08
step 107500  loss 32.1434  train_top1 0.000  lr 1.24e-05  (1.6 it/s)
    qrl push 3.101 sq_dev 0.0061 lam 91.549 d_step 0.007 d_rand 191.532 var 0.000 sib 0.000 unr 1.775 unrb 2.131 d_unr 178.52 d_oth 236.96
step 107600  loss 27.0257  train_top1 0.000  lr 1.24e-05  (1.7 it/s)
    qrl push 3.249 sq_dev 0.0105 lam 91.484 d_step 0.007 d_rand 170.309 var 0.000 sib 0.000 unr 2.035 unrb 1.684 d_unr 154.18 d_oth 218.68
step 107700  loss 40.5745  train_top1 0.000  lr 1.23e-05  (1.7 it/s)
    qrl push 3.579 sq_dev 0.0005 lam 91.430 d_step 0.003 d_rand 201.258 var 0.000 sib 0.000 unr 2.119 unrb 1.853 d_unr 193.00 d_oth 235.70
step 107800  loss 48.4837  train_top1 0.000  lr 1.23e-05  (1.4 it/s)
    qrl push 3.879 sq_dev 0.0000 lam 91.438 d_step 0.000 d_rand 162.907 var 0.000 sib 0.000 unr 2.301 unrb 2.196 d_unr 143.30 d_oth 224.92
step 107900  loss 35.2982  train_top1 0.000  lr 1.22e-05  (1.5 it/s)
    qrl push 4.318 sq_dev 0.0000 lam 91.385 d_step 0.000 d_rand 190.366 var 0.000 sib 0.000 unr 2.724 unrb 2.489 d_unr 184.36 d_oth 211.10
step 108000  loss 20.7499  train_top1 0.000  lr 1.22e-05  (1.4 it/s)
  VAL step 108000  loss 850.8860  top1 0.004  top8 0.052
    qrl push 3.923 sq_dev 0.0247 lam 91.334 d_step 0.020 d_rand 176.539 var 0.000 sib 0.000 unr 2.471 unrb 2.036 d_unr 156.21 d_oth 241.52
step 108100  loss 27.8691  train_top1 0.000  lr 1.22e-05  (1.2 it/s)
    qrl push 4.007 sq_dev 0.0217 lam 91.243 d_step 0.011 d_rand 185.332 var 0.000 sib 0.000 unr 2.635 unrb 1.875 d_unr 170.79 d_oth 231.31
step 108200  loss 23.8701  train_top1 0.000  lr 1.21e-05  (1.6 it/s)
    qrl push 2.920 sq_dev 0.0015 lam 91.201 d_step 0.004 d_rand 189.925 var 0.000 sib 0.000 unr 1.734 unrb 1.324 d_unr 173.99 d_oth 265.14
step 108300  loss 29.2266  train_top1 0.000  lr 1.21e-05  (1.5 it/s)
    qrl push 3.766 sq_dev 0.0200 lam 91.325 d_step 0.011 d_rand 162.155 var 0.000 sib 0.000 unr 2.203 unrb 2.333 d_unr 142.24 d_oth 223.17
step 108400  loss 52.4879  train_top1 0.000  lr 1.21e-05  (1.7 it/s)
    qrl push 3.796 sq_dev 0.0034 lam 91.341 d_step 0.008 d_rand 175.847 var 0.000 sib 0.000 unr 2.011 unrb 1.741 d_unr 168.29 d_oth 207.37
step 108500  loss 27.7890  train_top1 0.000  lr 1.20e-05  (1.6 it/s)
    qrl push 3.386 sq_dev 0.0000 lam 91.318 d_step 0.000 d_rand 181.121 var 0.000 sib 0.000 unr 2.127 unrb 1.914 d_unr 159.07 d_oth 252.39
step 108600  loss 40.5227  train_top1 0.000  lr 1.20e-05  (1.4 it/s)
    qrl push 2.816 sq_dev 0.0328 lam 91.243 d_step 0.015 d_rand 173.358 var 0.000 sib 0.000 unr 1.895 unrb 2.185 d_unr 147.10 d_oth 238.55
step 108700  loss 40.9020  train_top1 0.000  lr 1.20e-05  (1.6 it/s)
    qrl push 3.101 sq_dev 0.0542 lam 91.176 d_step 0.021 d_rand 207.701 var 0.000 sib 0.000 unr 1.612 unrb 1.760 d_unr 203.60 d_oth 221.86
step 108800  loss 49.8067  train_top1 0.000  lr 1.19e-05  (1.7 it/s)
    qrl push 5.496 sq_dev 0.0906 lam 91.462 d_step 0.015 d_rand 155.209 var 0.000 sib 0.000 unr 3.755 unrb 2.612 d_unr 135.62 d_oth 212.19
step 108900  loss 20.4648  train_top1 0.000  lr 1.19e-05  (1.5 it/s)
    qrl push 5.159 sq_dev 0.0000 lam 91.451 d_step 0.000 d_rand 187.634 var 0.000 sib 0.000 unr 3.083 unrb 2.172 d_unr 183.53 d_oth 204.14
step 109000  loss 29.6730  train_top1 0.000  lr 1.19e-05  (1.7 it/s)
    qrl push 4.775 sq_dev 0.0000 lam 91.459 d_step 0.001 d_rand 165.604 var 0.000 sib 0.000 unr 3.000 unrb 2.169 d_unr 148.54 d_oth 209.64
step 109100  loss 22.9949  train_top1 0.000  lr 1.18e-05  (1.7 it/s)
    qrl push 3.396 sq_dev 0.0000 lam 91.447 d_step 0.000 d_rand 169.248 var 0.000 sib 0.000 unr 2.132 unrb 1.939 d_unr 145.51 d_oth 241.97
step 109200  loss 33.8782  train_top1 0.000  lr 1.18e-05  (1.7 it/s)
    qrl push 5.557 sq_dev 0.0190 lam 91.429 d_step 0.011 d_rand 152.713 var 0.000 sib 0.000 unr 3.583 unrb 2.092 d_unr 141.17 d_oth 200.18
step 109300  loss 26.8106  train_top1 0.000  lr 1.18e-05  (1.6 it/s)
    qrl push 2.912 sq_dev 0.0414 lam 91.410 d_step 0.024 d_rand 183.208 var 0.000 sib 0.000 unr 1.934 unrb 0.949 d_unr 167.70 d_oth 242.24
step 109400  loss 32.4201  train_top1 0.000  lr 1.17e-05  (1.6 it/s)
    qrl push 3.765 sq_dev 0.0000 lam 91.392 d_step 0.000 d_rand 165.531 var 0.000 sib 0.000 unr 2.650 unrb 1.832 d_unr 134.61 d_oth 237.40
step 109500  loss 55.2570  train_top1 0.000  lr 1.17e-05  (1.8 it/s)
    qrl push 3.210 sq_dev 0.0584 lam 91.373 d_step 0.026 d_rand 192.835 var 0.000 sib 0.000 unr 2.005 unrb 0.979 d_unr 182.94 d_oth 228.16
step 109600  loss 36.2768  train_top1 0.000  lr 1.17e-05  (1.7 it/s)
    qrl push 4.928 sq_dev 0.0043 lam 91.394 d_step 0.008 d_rand 176.434 var 0.000 sib 0.000 unr 2.972 unrb 3.142 d_unr 165.25 d_oth 220.85
step 109700  loss 35.8321  train_top1 0.000  lr 1.16e-05  (1.9 it/s)
    qrl push 3.120 sq_dev 0.0078 lam 91.371 d_step 0.006 d_rand 160.718 var 0.000 sib 0.000 unr 1.832 unrb 1.913 d_unr 144.69 d_oth 220.66
step 109800  loss 42.1057  train_top1 0.000  lr 1.16e-05  (1.9 it/s)
    qrl push 3.392 sq_dev 0.0515 lam 91.350 d_step 0.020 d_rand 170.286 var 0.000 sib 0.000 unr 1.935 unrb 2.343 d_unr 151.58 d_oth 239.47
step 109900  loss 51.2987  train_top1 0.000  lr 1.16e-05  (1.7 it/s)
    qrl push 3.410 sq_dev 0.0000 lam 91.630 d_step 0.000 d_rand 156.486 var 0.000 sib 0.000 unr 2.110 unrb 2.412 d_unr 147.58 d_oth 184.95
step 110000  loss 33.4203  train_top1 0.000  lr 1.15e-05  (1.9 it/s)
  VAL step 110000  loss 730.6824  top1 0.003  top8 0.056
  ladder checkpoint -> field_scratch_full_v4_step110000.pt
    qrl push 4.736 sq_dev 0.0057 lam 91.620 d_step 0.009 d_rand 155.869 var 0.000 sib 0.000 unr 2.964 unrb 2.519 d_unr 137.63 d_oth 222.53
step 110100  loss 51.5530  train_top1 0.000  lr 1.15e-05  (1.4 it/s)
    qrl push 5.012 sq_dev 0.0043 lam 91.616 d_step 0.005 d_rand 164.885 var 0.000 sib 0.000 unr 3.047 unrb 2.159 d_unr 153.73 d_oth 203.39
step 110200  loss 25.7935  train_top1 0.000  lr 1.15e-05  (1.9 it/s)
    qrl push 4.743 sq_dev 0.0154 lam 91.608 d_step 0.008 d_rand 161.194 var 0.000 sib 0.000 unr 2.926 unrb 1.589 d_unr 150.80 d_oth 198.75
step 110300  loss 39.9132  train_top1 0.000  lr 1.14e-05  (2.0 it/s)
    qrl push 4.233 sq_dev 0.0000 lam 91.642 d_step 0.000 d_rand 166.468 var 0.000 sib 0.000 unr 2.881 unrb 2.652 d_unr 156.81 d_oth 199.44
step 110400  loss 22.5998  train_top1 0.000  lr 1.14e-05  (2.1 it/s)
    qrl push 3.026 sq_dev 0.1262 lam 91.632 d_step 0.033 d_rand 179.067 var 0.000 sib 0.000 unr 1.676 unrb 1.582 d_unr 173.88 d_oth 197.80
step 110500  loss 32.3113  train_top1 0.000  lr 1.14e-05  (1.9 it/s)
    qrl push 2.829 sq_dev 0.0000 lam 91.621 d_step 0.001 d_rand 162.441 var 0.000 sib 0.000 unr 1.547 unrb 1.626 d_unr 150.93 d_oth 224.35
step 110600  loss 32.6998  train_top1 0.000  lr 1.14e-05  (1.8 it/s)
    qrl push 3.607 sq_dev 0.8741 lam 91.612 d_step 0.056 d_rand 167.690 var 0.000 sib 0.000 unr 2.423 unrb 2.271 d_unr 148.69 d_oth 232.82
step 110700  loss 36.7804  train_top1 0.000  lr 1.13e-05  (1.9 it/s)
    qrl push 2.939 sq_dev 0.0071 lam 91.611 d_step 0.006 d_rand 199.699 var 0.000 sib 0.000 unr 1.954 unrb 1.924 d_unr 191.81 d_oth 226.95
step 110800  loss 32.2303  train_top1 0.000  lr 1.13e-05  (1.9 it/s)
    qrl push 2.700 sq_dev 0.0000 lam 91.600 d_step 0.000 d_rand 182.780 var 0.000 sib 0.000 unr 1.556 unrb 1.296 d_unr 162.10 d_oth 247.48
step 110900  loss 31.4206  train_top1 0.000  lr 1.13e-05  (2.2 it/s)
    qrl push 3.232 sq_dev 0.0135 lam 91.600 d_step 0.011 d_rand 162.337 var 0.000 sib 0.000 unr 1.797 unrb 1.506 d_unr 148.80 d_oth 206.09
step 111000  loss 34.2610  train_top1 0.000  lr 1.12e-05  (2.1 it/s)
    qrl push 5.019 sq_dev 0.0000 lam 91.595 d_step 0.000 d_rand 159.839 var 0.000 sib 0.000 unr 3.068 unrb 2.287 d_unr 140.32 d_oth 204.79
step 111100  loss 25.8132  train_top1 0.000  lr 1.12e-05  (2.0 it/s)
    qrl push 1.910 sq_dev 0.0057 lam 91.581 d_step 0.005 d_rand 186.983 var 0.000 sib 0.000 unr 1.149 unrb 1.228 d_unr 170.64 d_oth 242.16
step 111200  loss 21.9499  train_top1 0.000  lr 1.12e-05  (1.9 it/s)
    qrl push 3.290 sq_dev 0.0000 lam 91.568 d_step 0.002 d_rand 192.058 var 0.000 sib 0.000 unr 1.948 unrb 1.569 d_unr 188.26 d_oth 204.92
step 111300  loss 27.3017  train_top1 0.000  lr 1.12e-05  (2.1 it/s)
    qrl push 2.137 sq_dev 0.0022 lam 91.565 d_step 0.006 d_rand 177.311 var 0.000 sib 0.000 unr 1.324 unrb 2.057 d_unr 155.68 d_oth 249.27
step 111400  loss 35.9118  train_top1 0.000  lr 1.11e-05  (2.0 it/s)
    qrl push 4.905 sq_dev 0.0462 lam 91.562 d_step 0.012 d_rand 158.129 var 0.000 sib 0.000 unr 2.580 unrb 2.299 d_unr 145.52 d_oth 193.69
step 111500  loss 39.5108  train_top1 0.000  lr 1.11e-05  (2.1 it/s)
    qrl push 3.173 sq_dev 0.0000 lam 91.551 d_step 0.001 d_rand 178.802 var 0.000 sib 0.000 unr 1.741 unrb 2.018 d_unr 160.44 d_oth 240.79
step 111600  loss 33.1086  train_top1 0.000  lr 1.11e-05  (2.0 it/s)
    qrl push 3.285 sq_dev 0.0004 lam 91.532 d_step 0.003 d_rand 166.943 var 0.000 sib 0.000 unr 1.926 unrb 2.053 d_unr 157.01 d_oth 204.98
step 111700  loss 27.9244  train_top1 0.000  lr 1.11e-05  (2.0 it/s)
    qrl push 3.876 sq_dev 0.0000 lam 91.549 d_step 0.000 d_rand 169.125 var 0.000 sib 0.000 unr 2.244 unrb 2.213 d_unr 159.16 d_oth 213.42
step 111800  loss 31.0520  train_top1 0.000  lr 1.10e-05  (1.9 it/s)
    qrl push 2.697 sq_dev 0.0000 lam 91.553 d_step 0.002 d_rand 184.708 var 0.000 sib 0.000 unr 1.536 unrb 1.378 d_unr 171.77 d_oth 233.68
step 111900  loss 30.9386  train_top1 0.000  lr 1.10e-05  (2.0 it/s)
    qrl push 2.867 sq_dev 0.0020 lam 91.545 d_step 0.005 d_rand 174.113 var 0.000 sib 0.000 unr 1.780 unrb 1.391 d_unr 151.83 d_oth 249.33
step 112000  loss 32.7183  train_top1 0.000  lr 1.10e-05  (1.8 it/s)
  VAL step 112000  loss 799.0467  top1 0.006  top8 0.055
    qrl push 3.436 sq_dev 0.0026 lam 91.528 d_step 0.004 d_rand 182.667 var 0.000 sib 0.000 unr 1.983 unrb 1.674 d_unr 172.28 d_oth 231.38
step 112100  loss 30.3472  train_top1 0.000  lr 1.10e-05  (1.6 it/s)
    qrl push 3.179 sq_dev 0.0000 lam 91.551 d_step 0.000 d_rand 188.952 var 0.000 sib 0.000 unr 1.681 unrb 2.352 d_unr 181.64 d_oth 215.66
step 112200  loss 32.6856  train_top1 0.000  lr 1.09e-05  (1.9 it/s)
    qrl push 4.156 sq_dev 0.0000 lam 91.523 d_step 0.002 d_rand 186.873 var 0.000 sib 0.000 unr 2.593 unrb 1.612 d_unr 173.12 d_oth 221.31
step 112300  loss 40.9864  train_top1 0.000  lr 1.09e-05  (1.8 it/s)
    qrl push 3.510 sq_dev 0.0256 lam 91.504 d_step 0.009 d_rand 172.362 var 0.000 sib 0.000 unr 2.232 unrb 1.717 d_unr 155.39 d_oth 218.34
step 112400  loss 29.8389  train_top1 0.000  lr 1.09e-05  (1.8 it/s)
    qrl push 4.209 sq_dev 0.0000 lam 91.500 d_step 0.000 d_rand 181.606 var 0.000 sib 0.000 unr 2.747 unrb 1.691 d_unr 174.73 d_oth 214.30
step 112500  loss 32.2754  train_top1 0.000  lr 1.09e-05  (2.1 it/s)
    qrl push 3.270 sq_dev 0.0000 lam 91.484 d_step 0.000 d_rand 191.421 var 0.000 sib 0.000 unr 2.216 unrb 2.412 d_unr 172.71 d_oth 238.78
step 112600  loss 25.3292  train_top1 0.000  lr 1.08e-05  (1.9 it/s)
    qrl push 4.299 sq_dev 0.0000 lam 91.462 d_step 0.000 d_rand 168.294 var 0.000 sib 0.000 unr 2.671 unrb 2.394 d_unr 153.32 d_oth 224.99
step 112700  loss 41.5666  train_top1 0.000  lr 1.08e-05  (1.8 it/s)
    qrl push 2.406 sq_dev 0.0000 lam 91.437 d_step 0.000 d_rand 174.084 var 0.000 sib 0.000 unr 1.457 unrb 2.308 d_unr 155.68 d_oth 234.22
step 112800  loss 29.9143  train_top1 0.000  lr 1.08e-05  (1.8 it/s)
    qrl push 3.677 sq_dev 0.0016 lam 91.406 d_step 0.004 d_rand 178.814 var 0.000 sib 0.000 unr 2.028 unrb 2.119 d_unr 165.20 d_oth 240.96
step 112900  loss 41.5532  train_top1 0.000  lr 1.08e-05  (1.8 it/s)
    qrl push 3.625 sq_dev 8.3964 lam 91.403 d_step 0.570 d_rand 171.697 var 0.000 sib 0.000 unr 2.013 unrb 1.362 d_unr 152.82 d_oth 218.95
step 113000  loss 31.4853  train_top1 0.000  lr 1.08e-05  (2.0 it/s)
    qrl push 4.665 sq_dev 0.0000 lam 91.461 d_step 0.001 d_rand 161.121 var 0.000 sib 0.000 unr 3.080 unrb 2.099 d_unr 143.26 d_oth 221.44
step 113100  loss 21.3451  train_top1 0.000  lr 1.07e-05  (1.9 it/s)
    qrl push 3.596 sq_dev 0.0000 lam 91.426 d_step 0.000 d_rand 200.520 var 0.000 sib 0.000 unr 2.007 unrb 1.384 d_unr 194.55 d_oth 222.31
step 113200  loss 33.4032  train_top1 0.000  lr 1.07e-05  (1.7 it/s)
    qrl push 3.810 sq_dev 0.0000 lam 91.457 d_step 0.000 d_rand 180.240 var 0.000 sib 0.000 unr 2.582 unrb 1.658 d_unr 166.08 d_oth 220.58
step 113300  loss 36.7743  train_top1 0.000  lr 1.07e-05  (1.7 it/s)
    qrl push 3.792 sq_dev 0.0002 lam 91.422 d_step 0.005 d_rand 177.398 var 0.000 sib 0.000 unr 2.332 unrb 2.206 d_unr 161.01 d_oth 247.49
step 113400  loss 28.6296  train_top1 0.000  lr 1.07e-05  (2.0 it/s)
    qrl push 3.197 sq_dev 0.0000 lam 91.472 d_step 0.000 d_rand 185.853 var 0.000 sib 0.000 unr 2.017 unrb 0.796 d_unr 174.38 d_oth 241.02
step 113500  loss 43.7433  train_top1 0.000  lr 1.07e-05  (1.7 it/s)
    qrl push 5.236 sq_dev 0.0165 lam 91.758 d_step 0.011 d_rand 176.486 var 0.000 sib 0.000 unr 3.725 unrb 2.688 d_unr 156.96 d_oth 236.31
step 113600  loss 24.3432  train_top1 0.000  lr 1.06e-05  (2.4 it/s)
    qrl push 2.403 sq_dev 0.0449 lam 91.714 d_step 0.013 d_rand 198.461 var 0.000 sib 0.000 unr 1.407 unrb 1.557 d_unr 187.93 d_oth 233.23
step 113700  loss 38.8796  train_top1 0.000  lr 1.06e-05  (2.4 it/s)
    qrl push 3.491 sq_dev 0.0261 lam 91.709 d_step 0.015 d_rand 185.538 var 0.000 sib 0.000 unr 1.905 unrb 1.511 d_unr 172.66 d_oth 225.55
step 113800  loss 40.3097  train_top1 0.000  lr 1.06e-05  (2.7 it/s)
    qrl push 5.585 sq_dev 0.0000 lam 91.846 d_step 0.000 d_rand 150.662 var 0.000 sib 0.000 unr 3.788 unrb 1.903 d_unr 133.82 d_oth 204.49
step 113900  loss 22.9475  train_top1 0.000  lr 1.06e-05  (1.8 it/s)
    qrl push 4.059 sq_dev 0.0599 lam 91.828 d_step 0.023 d_rand 181.182 var 0.000 sib 0.000 unr 2.749 unrb 1.719 d_unr 161.58 d_oth 234.32
step 114000  loss 45.6926  train_top1 0.000  lr 1.06e-05  (1.8 it/s)
  VAL step 114000  loss 811.3777  top1 0.004  top8 0.058
    qrl push 4.179 sq_dev 0.0454 lam 91.807 d_step 0.014 d_rand 183.073 var 0.000 sib 0.000 unr 2.230 unrb 1.510 d_unr 178.32 d_oth 204.21
step 114100  loss 38.9450  train_top1 0.000  lr 1.05e-05  (1.6 it/s)
    qrl push 4.658 sq_dev 0.0298 lam 91.791 d_step 0.010 d_rand 177.577 var 0.000 sib 0.000 unr 2.934 unrb 1.816 d_unr 167.37 d_oth 223.55
step 114200  loss 19.3073  train_top1 0.000  lr 1.05e-05  (2.4 it/s)
    qrl push 3.491 sq_dev 0.0031 lam 91.823 d_step 0.005 d_rand 174.288 var 0.000 sib 0.000 unr 2.077 unrb 1.917 d_unr 162.22 d_oth 216.91
step 114300  loss 47.2916  train_top1 0.000  lr 1.05e-05  (2.4 it/s)
    qrl push 4.021 sq_dev 0.0000 lam 91.848 d_step 0.000 d_rand 172.353 var 0.000 sib 0.000 unr 2.646 unrb 1.879 d_unr 159.16 d_oth 211.52
step 114400  loss 29.2491  train_top1 0.000  lr 1.05e-05  (2.1 it/s)
    qrl push 5.720 sq_dev 0.0362 lam 91.811 d_step 0.014 d_rand 169.586 var 0.000 sib 0.000 unr 3.857 unrb 2.286 d_unr 162.31 d_oth 188.72
step 114500  loss 17.1656  train_top1 0.000  lr 1.05e-05  (2.5 it/s)
    qrl push 2.820 sq_dev 0.0042 lam 91.802 d_step 0.005 d_rand 182.161 var 0.000 sib 0.000 unr 1.611 unrb 2.446 d_unr 160.12 d_oth 258.72
step 114600  loss 23.3885  train_top1 0.000  lr 1.04e-05  (2.2 it/s)
    qrl push 4.160 sq_dev 0.0194 lam 91.798 d_step 0.009 d_rand 188.919 var 0.000 sib 0.000 unr 2.480 unrb 2.050 d_unr 179.48 d_oth 223.02
step 114700  loss 28.3611  train_top1 0.000  lr 1.04e-05  (2.1 it/s)
    qrl push 4.595 sq_dev 0.0088 lam 91.813 d_step 0.011 d_rand 169.733 var 0.000 sib 0.000 unr 2.985 unrb 2.005 d_unr 154.75 d_oth 225.79
step 114800  loss 34.2920  train_top1 0.000  lr 1.04e-05  (2.1 it/s)
    qrl push 4.148 sq_dev 0.0233 lam 91.950 d_step 0.009 d_rand 154.954 var 0.000 sib 0.000 unr 3.008 unrb 3.155 d_unr 132.29 d_oth 211.77
step 114900  loss 20.1395  train_top1 0.000  lr 1.04e-05  (2.0 it/s)
    qrl push 3.653 sq_dev 0.0012 lam 91.909 d_step 0.004 d_rand 189.675 var 0.000 sib 0.000 unr 1.898 unrb 1.058 d_unr 184.32 d_oth 215.29
step 115000  loss 41.5484  train_top1 0.000  lr 1.04e-05  (2.2 it/s)
  ladder checkpoint -> field_scratch_full_v4_step115000.pt
    qrl push 3.307 sq_dev 0.0064 lam 91.864 d_step 0.006 d_rand 188.729 var 0.000 sib 0.000 unr 1.687 unrb 1.441 d_unr 180.06 d_oth 217.66
step 115100  loss 26.8326  train_top1 0.000  lr 1.04e-05  (2.4 it/s)
    qrl push 4.932 sq_dev 0.0011 lam 91.996 d_step 0.003 d_rand 189.448 var 0.000 sib 0.000 unr 3.276 unrb 1.736 d_unr 182.69 d_oth 216.28
step 115200  loss 28.5495  train_top1 0.000  lr 1.04e-05  (1.9 it/s)
    qrl push 3.040 sq_dev 0.0035 lam 91.969 d_step 0.011 d_rand 182.525 var 0.000 sib 0.000 unr 1.722 unrb 1.986 d_unr 172.84 d_oth 234.85
step 115300  loss 32.3809  train_top1 0.000  lr 1.03e-05  (2.1 it/s)
    qrl push 2.298 sq_dev 0.0005 lam 91.939 d_step 0.003 d_rand 204.533 var 0.000 sib 0.000 unr 1.334 unrb 1.239 d_unr 190.02 d_oth 262.26
step 115400  loss 14.2701  train_top1 0.000  lr 1.03e-05  (2.2 it/s)
    qrl push 3.930 sq_dev 0.0257 lam 91.907 d_step 0.016 d_rand 173.629 var 0.000 sib 0.000 unr 2.583 unrb 2.243 d_unr 143.93 d_oth 240.24
step 115500  loss 33.4556  train_top1 0.000  lr 1.03e-05  (2.1 it/s)
    qrl push 2.935 sq_dev 0.0000 lam 91.882 d_step 0.000 d_rand 203.840 var 0.000 sib 0.000 unr 1.794 unrb 1.231 d_unr 194.98 d_oth 238.17
step 115600  loss 38.3199  train_top1 0.000  lr 1.03e-05  (1.7 it/s)
    qrl push 3.672 sq_dev 0.0001 lam 91.929 d_step 0.004 d_rand 178.298 var 0.000 sib 0.000 unr 1.833 unrb 1.338 d_unr 169.33 d_oth 208.56
step 115700  loss 38.5322  train_top1 0.000  lr 1.03e-05  (1.8 it/s)
    qrl push 4.035 sq_dev 0.0000 lam 91.907 d_step 0.000 d_rand 178.522 var 0.000 sib 0.000 unr 2.585 unrb 1.545 d_unr 166.66 d_oth 214.87
step 115800  loss 27.5329  train_top1 0.000  lr 1.03e-05  (1.7 it/s)
    qrl push 3.168 sq_dev 0.0412 lam 91.862 d_step 0.016 d_rand 188.301 var 0.000 sib 0.000 unr 2.191 unrb 1.488 d_unr 174.27 d_oth 222.49
step 115900  loss 33.5239  train_top1 0.000  lr 1.03e-05  (1.9 it/s)
    qrl push 4.503 sq_dev 0.0000 lam 91.818 d_step 0.002 d_rand 181.850 var 0.000 sib 0.000 unr 2.743 unrb 2.496 d_unr 173.20 d_oth 207.54
step 116000  loss 27.2466  train_top1 0.000  lr 1.02e-05  (2.2 it/s)
  VAL step 116000  loss 826.1855  top1 0.005  top8 0.053
    qrl push 4.040 sq_dev 0.0514 lam 91.842 d_step 0.014 d_rand 176.061 var 0.000 sib 0.000 unr 2.086 unrb 1.519 d_unr 159.26 d_oth 220.71
step 116100  loss 27.8847  train_top1 0.000  lr 1.02e-05  (1.8 it/s)
    qrl push 3.335 sq_dev 0.0000 lam 91.850 d_step 0.000 d_rand 166.341 var 0.000 sib 0.000 unr 2.140 unrb 1.814 d_unr 152.34 d_oth 213.11
step 116200  loss 46.8409  train_top1 0.000  lr 1.02e-05  (2.0 it/s)
    qrl push 4.146 sq_dev 0.0016 lam 91.824 d_step 0.004 d_rand 182.921 var 0.000 sib 0.000 unr 2.747 unrb 1.920 d_unr 176.62 d_oth 202.63
step 116300  loss 38.5758  train_top1 0.000  lr 1.02e-05  (2.5 it/s)
    qrl push 3.553 sq_dev 0.0003 lam 91.775 d_step 0.003 d_rand 176.250 var 0.000 sib 0.000 unr 2.506 unrb 2.232 d_unr 155.89 d_oth 245.76
step 116400  loss 35.1765  train_top1 0.000  lr 1.02e-05  (2.5 it/s)
    qrl push 3.194 sq_dev 0.0079 lam 91.726 d_step 0.006 d_rand 173.393 var 0.000 sib 0.000 unr 1.845 unrb 1.763 d_unr 156.93 d_oth 228.37
step 116500  loss 34.4633  train_top1 0.000  lr 1.02e-05  (2.4 it/s)
    qrl push 4.319 sq_dev 0.0000 lam 92.012 d_step 0.000 d_rand 174.683 var 0.000 sib 0.000 unr 2.886 unrb 2.476 d_unr 159.85 d_oth 217.83
step 116600  loss 49.2267  train_top1 0.000  lr 1.02e-05  (2.3 it/s)
    qrl push 3.333 sq_dev 0.0000 lam 91.972 d_step 0.002 d_rand 187.538 var 0.000 sib 0.000 unr 2.266 unrb 2.074 d_unr 166.33 d_oth 235.94
step 116700  loss 42.5227  train_top1 0.000  lr 1.02e-05  (2.3 it/s)
    qrl push 6.061 sq_dev 0.0000 lam 92.053 d_step 0.002 d_rand 167.830 var 0.000 sib 0.000 unr 3.715 unrb 2.910 d_unr 154.47 d_oth 216.65
step 116800  loss 37.7671  train_top1 0.000  lr 1.02e-05  (2.5 it/s)
    qrl push 3.494 sq_dev 0.0000 lam 92.032 d_step 0.000 d_rand 178.271 var 0.000 sib 0.000 unr 2.317 unrb 3.099 d_unr 154.77 d_oth 251.54
step 116900  loss 24.7564  train_top1 0.000  lr 1.01e-05  (2.4 it/s)
    qrl push 4.510 sq_dev 0.0056 lam 92.097 d_step 0.008 d_rand 167.006 var 0.000 sib 0.000 unr 2.828 unrb 1.800 d_unr 156.39 d_oth 214.85
step 117000  loss 46.6558  train_top1 0.000  lr 1.01e-05  (2.5 it/s)
    qrl push 4.077 sq_dev 0.0517 lam 92.067 d_step 0.017 d_rand 169.715 var 0.000 sib 0.000 unr 2.154 unrb 1.692 d_unr 160.05 d_oth 205.87
step 117100  loss 30.7200  train_top1 0.000  lr 1.01e-05  (2.3 it/s)
    qrl push 5.200 sq_dev 0.3563 lam 92.039 d_step 0.032 d_rand 160.236 var 0.000 sib 0.000 unr 3.526 unrb 1.826 d_unr 141.20 d_oth 212.86
step 117200  loss 23.0657  train_top1 0.000  lr 1.01e-05  (2.8 it/s)
    qrl push 4.492 sq_dev 0.0000 lam 92.009 d_step 0.000 d_rand 188.675 var 0.000 sib 0.000 unr 2.845 unrb 2.210 d_unr 184.79 d_oth 199.97
step 117300  loss 24.1292  train_top1 0.000  lr 1.01e-05  (1.4 it/s)
    qrl push 5.025 sq_dev 0.0000 lam 91.979 d_step 0.000 d_rand 173.182 var 0.000 sib 0.000 unr 2.900 unrb 2.104 d_unr 161.50 d_oth 205.82
step 117400  loss 33.4469  train_top1 0.000  lr 1.01e-05  (1.4 it/s)
    qrl push 4.915 sq_dev 0.0997 lam 91.982 d_step 0.024 d_rand 172.651 var 0.000 sib 0.000 unr 3.081 unrb 2.315 d_unr 158.54 d_oth 227.33
step 117500  loss 35.1504  train_top1 0.000  lr 1.01e-05  (1.6 it/s)
    qrl push 2.081 sq_dev 0.0714 lam 91.974 d_step 0.022 d_rand 187.112 var 0.000 sib 0.000 unr 0.981 unrb 2.002 d_unr 174.14 d_oth 226.92
step 117600  loss 33.1640  train_top1 0.000  lr 1.01e-05  (2.0 it/s)
    qrl push 4.548 sq_dev 0.0000 lam 91.988 d_step 0.000 d_rand 168.833 var 0.000 sib 0.000 unr 2.997 unrb 2.810 d_unr 161.50 d_oth 195.62
step 117700  loss 34.7332  train_top1 0.000  lr 1.01e-05  (1.8 it/s)
    qrl push 3.743 sq_dev 0.0000 lam 91.950 d_step 0.000 d_rand 174.170 var 0.000 sib 0.000 unr 2.055 unrb 1.869 d_unr 157.99 d_oth 233.32
step 117800  loss 27.5181  train_top1 0.000  lr 1.01e-05  (1.7 it/s)
    qrl push 5.521 sq_dev 0.0015 lam 91.944 d_step 0.004 d_rand 148.476 var 0.000 sib 0.000 unr 3.801 unrb 2.807 d_unr 132.20 d_oth 205.53
step 117900  loss 29.9960  train_top1 0.000  lr 1.01e-05  (1.8 it/s)
    qrl push 4.453 sq_dev 0.1035 lam 91.891 d_step 0.026 d_rand 189.854 var 0.000 sib 0.000 unr 2.942 unrb 1.819 d_unr 182.13 d_oth 214.29
step 118000  loss 28.7153  train_top1 0.000  lr 1.01e-05  (1.8 it/s)
  VAL step 118000  loss 796.2170  top1 0.005  top8 0.057
    qrl push 3.538 sq_dev 0.1617 lam 91.841 d_step 0.031 d_rand 165.483 var 0.000 sib 0.000 unr 2.121 unrb 2.078 d_unr 153.77 d_oth 206.39
step 118100  loss 23.6204  train_top1 0.000  lr 1.01e-05  (1.6 it/s)
    qrl push 4.116 sq_dev 0.0000 lam 91.854 d_step 0.001 d_rand 166.822 var 0.000 sib 0.000 unr 2.450 unrb 1.682 d_unr 144.91 d_oth 239.99
step 118200  loss 27.2016  train_top1 0.000  lr 1.01e-05  (1.8 it/s)
    qrl push 2.567 sq_dev 0.0971 lam 91.892 d_step 0.019 d_rand 215.310 var 0.000 sib 0.000 unr 1.596 unrb 1.337 d_unr 196.43 d_oth 272.56
step 118300  loss 17.7620  train_top1 0.000  lr 1.00e-05  (2.0 it/s)
    qrl push 3.308 sq_dev 0.0313 lam 91.822 d_step 0.011 d_rand 176.825 var 0.000 sib 0.000 unr 1.650 unrb 1.924 d_unr 173.81 d_oth 188.93
step 118400  loss 33.0990  train_top1 0.000  lr 1.00e-05  (1.9 it/s)
    qrl push 3.321 sq_dev 0.0056 lam 91.777 d_step 0.013 d_rand 193.201 var 0.000 sib 0.000 unr 1.887 unrb 1.448 d_unr 187.80 d_oth 213.40
step 118500  loss 29.8964  train_top1 0.000  lr 1.00e-05  (2.0 it/s)
    qrl push 3.929 sq_dev 0.0000 lam 91.854 d_step 0.002 d_rand 186.497 var 0.000 sib 0.000 unr 2.499 unrb 1.888 d_unr 177.19 d_oth 222.99
step 118600  loss 48.8168  train_top1 0.000  lr 1.00e-05  (5.8 it/s)
    qrl push 3.704 sq_dev 0.0000 lam 91.897 d_step 0.000 d_rand 185.466 var 0.000 sib 0.000 unr 2.510 unrb 1.688 d_unr 168.68 d_oth 240.30
step 118700  loss 23.1491  train_top1 0.000  lr 1.00e-05  (5.8 it/s)
    qrl push 3.450 sq_dev 0.0190 lam 91.830 d_step 0.008 d_rand 196.343 var 0.000 sib 0.000 unr 2.089 unrb 1.858 d_unr 188.18 d_oth 227.24
step 118800  loss 51.8031  train_top1 0.000  lr 1.00e-05  (5.9 it/s)
    qrl push 4.575 sq_dev 0.0000 lam 91.845 d_step 0.000 d_rand 184.189 var 0.000 sib 0.000 unr 3.070 unrb 1.463 d_unr 177.17 d_oth 207.37
step 118900  loss 36.2943  train_top1 0.000  lr 1.00e-05  (5.9 it/s)
    qrl push 2.725 sq_dev 0.0000 lam 91.820 d_step 0.000 d_rand 183.866 var 0.000 sib 0.000 unr 1.426 unrb 2.369 d_unr 176.29 d_oth 209.16
step 119000  loss 44.4832  train_top1 0.000  lr 1.00e-05  (5.9 it/s)
    qrl push 2.760 sq_dev 0.0891 lam 91.778 d_step 0.019 d_rand 183.884 var 0.000 sib 0.000 unr 1.926 unrb 2.188 d_unr 158.31 d_oth 250.52
step 119100  loss 27.7080  train_top1 0.000  lr 1.00e-05  (5.9 it/s)
    qrl push 3.824 sq_dev 0.0000 lam 91.757 d_step 0.001 d_rand 192.598 var 0.000 sib 0.000 unr 2.378 unrb 1.474 d_unr 180.93 d_oth 228.07
step 119200  loss 28.7531  train_top1 0.000  lr 1.00e-05  (6.0 it/s)
    qrl push 3.552 sq_dev 0.0272 lam 91.710 d_step 0.015 d_rand 199.012 var 0.000 sib 0.000 unr 2.001 unrb 1.127 d_unr 188.82 d_oth 241.01
step 119300  loss 31.8407  train_top1 0.000  lr 1.00e-05  (6.0 it/s)
    qrl push 2.764 sq_dev 0.0052 lam 91.643 d_step 0.006 d_rand 185.513 var 0.000 sib 0.000 unr 1.751 unrb 1.576 d_unr 162.77 d_oth 260.35
step 119400  loss 22.3339  train_top1 0.000  lr 1.00e-05  (6.0 it/s)
    qrl push 2.606 sq_dev 0.0532 lam 91.542 d_step 0.024 d_rand 186.127 var 0.000 sib 0.000 unr 1.557 unrb 1.691 d_unr 168.90 d_oth 239.47
step 119500  loss 27.6710  train_top1 0.000  lr 1.00e-05  (6.0 it/s)
    qrl push 4.134 sq_dev 0.0263 lam 91.494 d_step 0.018 d_rand 176.163 var 0.000 sib 0.000 unr 2.445 unrb 1.944 d_unr 162.45 d_oth 240.45
step 119600  loss 23.6573  train_top1 0.000  lr 1.00e-05  (6.0 it/s)
    qrl push 3.552 sq_dev 0.0047 lam 91.447 d_step 0.005 d_rand 185.159 var 0.000 sib 0.000 unr 1.913 unrb 1.526 d_unr 178.57 d_oth 206.92
step 119700  loss 22.6184  train_top1 0.000  lr 1.00e-05  (6.0 it/s)
    qrl push 3.063 sq_dev 0.0000 lam 91.373 d_step 0.000 d_rand 191.895 var 0.000 sib 0.000 unr 1.379 unrb 2.023 d_unr 188.77 d_oth 206.73
step 119800  loss 20.6619  train_top1 0.000  lr 1.00e-05  (6.0 it/s)
    qrl push 3.184 sq_dev 0.0000 lam 91.284 d_step 0.000 d_rand 204.321 var 0.000 sib 0.000 unr 1.848 unrb 1.408 d_unr 196.59 d_oth 230.43
step 119900  loss 24.3426  train_top1 0.000  lr 1.00e-05  (6.0 it/s)
    qrl push 5.839 sq_dev 0.0126 lam 91.374 d_step 0.011 d_rand 176.671 var 0.000 sib 0.000 unr 3.252 unrb 2.213 d_unr 170.11 d_oth 201.23
step 120000  loss 27.1928  train_top1 0.000  lr 1.00e-05  (6.0 it/s)
  VAL step 120000  loss 855.1506  top1 0.005  top8 0.058
zgoal MATE_W: 2048 checkmate finals
zgoal MATE_B: 2048 checkmate finals
saved data/derived/sep/field_scratch_full_v4.pt
VERDICT VAL_TOP1=0.005 VAL_TOP8=0.058 (chance 0.0020)
VERDICT REACH_SLOPE_WON=0.656 (n=200) REACH_SLOPE_LOST=0.626 (n=200)
VERDICT DIFF_SLOPE_WON=-0.549 DIFF_SLOPE_LOST=-0.544 (won-lost separation is the outcome signal; both were negative at step 2000)
