[daemon] workers=7 chunk=200 regimes=[2, 3, 4, 5, 6, 8, 9, 10] sources=56 starting at shard_001
<UciProtocol (pid=60971)>: stderr >> [1m[31m       _
<UciProtocol (pid=60971)>: stderr >> |   _ | |
<UciProtocol (pid=60971)>: stderr >> |_ |_ |_|[0m v0.32.1+git.dirty built Nov 23 2025
<UciProtocol (pid=60971)>: stderr >> Search algorithm: classic
<UciProtocol (pid=60971)>: stderr >> Loading weights file from: data/engines/maia/maia-1100.pb.gz
<UciProtocol (pid=60971)>: stderr >> Initialized metal backend on device Apple M3 Pro
<UciProtocol (pid=60979)>: stderr >> [1m[31m       _
<UciProtocol (pid=60979)>: stderr >> |   _ | |
<UciProtocol (pid=60979)>: stderr >> |_ |_ |_|[0m v0.32.1+git.dirty built Nov 23 2025
<UciProtocol (pid=60979)>: stderr >> Search algorithm: classic
<UciProtocol (pid=60979)>: stderr >> Loading weights file from: data/engines/maia/maia-1100.pb.gz
<UciProtocol (pid=60979)>: stderr >> Initialized metal backend on device Apple M3 Pro
<UciProtocol (pid=60981)>: stderr >> [1m[31m       _
<UciProtocol (pid=60981)>: stderr >> |   _ | |
<UciProtocol (pid=60981)>: stderr >> |_ |_ |_|[0m v0.32.1+git.dirty built Nov 23 2025
<UciProtocol (pid=60981)>: stderr >> Search algorithm: classic
<UciProtocol (pid=60981)>: stderr >> Loading weights file from: data/engines/maia/maia-1500.pb.gz
<UciProtocol (pid=60981)>: stderr >> Initialized metal backend on device Apple M3 Pro
<UciProtocol (pid=60982)>: stderr >> [1m[31m       _
<UciProtocol (pid=60982)>: stderr >> |   _ | |
<UciProtocol (pid=60982)>: stderr >> |_ |_ |_|[0m v0.32.1+git.dirty built Nov 23 2025
<UciProtocol (pid=60982)>: stderr >> Search algorithm: classic
<UciProtocol (pid=60982)>: stderr >> Loading weights file from: data/engines/maia/maia-1500.pb.gz
<UciProtocol (pid=60982)>: stderr >> Initialized metal backend on device Apple M3 Pro
<UciProtocol (pid=60983)>: stderr >> [1m[31m       _
<UciProtocol (pid=60983)>: stderr >> |   _ | |
<UciProtocol (pid=60983)>: stderr >> |_ |_ |_|[0m v0.32.1+git.dirty built Nov 23 2025
<UciProtocol (pid=60983)>: stderr >> Search algorithm: classic
<UciProtocol (pid=60983)>: stderr >> Loading weights file from: data/engines/maia/maia-1100.pb.gz
<UciProtocol (pid=60983)>: stderr >> Initialized metal backend on device Apple M3 Pro
<UciProtocol (pid=60987)>: stderr >> [1m[31m       _
<UciProtocol (pid=60987)>: stderr >> |   _ | |
<UciProtocol (pid=60987)>: stderr >> |_ |_ |_|[0m v0.32.1+git.dirty built Nov 23 2025
<UciProtocol (pid=60987)>: stderr >> Search algorithm: classic
<UciProtocol (pid=60987)>: stderr >> Loading weights file from: data/engines/maia/maia-1900.pb.gz
<UciProtocol (pid=60987)>: stderr >> Initialized metal backend on device Apple M3 Pro
<UciProtocol (pid=60988)>: stderr >> [1m[31m       _
<UciProtocol (pid=60988)>: stderr >> |   _ | |
<UciProtocol (pid=60988)>: stderr >> |_ |_ |_|[0m v0.32.1+git.dirty built Nov 23 2025
<UciProtocol (pid=60988)>: stderr >> Search algorithm: classic
<UciProtocol (pid=60988)>: stderr >> Loading weights file from: data/engines/maia/maia-1900.pb.gz
<UciProtocol (pid=60988)>: stderr >> Initialized metal backend on device Apple M3 Pro
<UciProtocol (pid=60990)>: stderr >> [1m[31m       _
<UciProtocol (pid=60990)>: stderr >> |   _ | |
<UciProtocol (pid=60990)>: stderr >> |_ |_ |_|[0m v0.32.1+git.dirty built Nov 23 2025
<UciProtocol (pid=60990)>: stderr >> Search algorithm: classic
<UciProtocol (pid=60990)>: stderr >> Loading weights file from: data/engines/maia/maia-1500.pb.gz
<UciProtocol (pid=60990)>: stderr >> Initialized metal backend on device Apple M3 Pro
<UciProtocol (pid=60993)>: stderr >> [1m[31m       _
<UciProtocol (pid=60993)>: stderr >> |   _ | |
<UciProtocol (pid=60993)>: stderr >> |_ |_ |_|[0m v0.32.1+git.dirty built Nov 23 2025
<UciProtocol (pid=60993)>: stderr >> Search algorithm: classic
<UciProtocol (pid=60993)>: stderr >> Loading weights file from: data/engines/maia/maia-1100.pb.gz
<UciProtocol (pid=60993)>: stderr >> Initialized metal backend on device Apple M3 Pro
<UciProtocol (pid=60996)>: stderr >> [1m[31m       _
<UciProtocol (pid=60996)>: stderr >> |   _ | |
<UciProtocol (pid=60996)>: stderr >> |_ |_ |_|[0m v0.32.1+git.dirty built Nov 23 2025
<UciProtocol (pid=60996)>: stderr >> Search algorithm: classic
<UciProtocol (pid=60996)>: stderr >> Loading weights file from: data/engines/maia/maia-1100.pb.gz
<UciProtocol (pid=60996)>: stderr >> Initialized metal backend on device Apple M3 Pro
<UciProtocol (pid=60997)>: stderr >> [1m[31m       _
<UciProtocol (pid=60997)>: stderr >> |   _ | |
<UciProtocol (pid=60997)>: stderr >> |_ |_ |_|[0m v0.32.1+git.dirty built Nov 23 2025
<UciProtocol (pid=60997)>: stderr >> Search algorithm: classic
<UciProtocol (pid=60997)>: stderr >> Loading weights file from: data/engines/maia/maia-1100.pb.gz
<UciProtocol (pid=60997)>: stderr >> Initialized metal backend on device Apple M3 Pro
<UciProtocol (pid=61002)>: stderr >> [1m[31m       _
<UciProtocol (pid=61002)>: stderr >> |   _ | |
<UciProtocol (pid=61002)>: stderr >> |_ |_ |_|[0m v0.32.1+git.dirty built Nov 23 2025
<UciProtocol (pid=61002)>: stderr >> Search algorithm: classic
<UciProtocol (pid=61002)>: stderr >> Loading weights file from: data/engines/maia/maia-1100.pb.gz
<UciProtocol (pid=61002)>: stderr >> Initialized metal backend on device Apple M3 Pro
<UciProtocol (pid=61009)>: stderr >> [1m[31m       _
<UciProtocol (pid=61009)>: stderr >> |   _ | |
<UciProtocol (pid=61009)>: stderr >> |_ |_ |_|[0m v0.32.1+git.dirty built Nov 23 2025
<UciProtocol (pid=61009)>: stderr >> Search algorithm: classic
<UciProtocol (pid=61009)>: stderr >> Loading weights file from: data/engines/maia/maia-1900.pb.gz
<UciProtocol (pid=61009)>: stderr >> Initialized metal backend on device Apple M3 Pro
<UciProtocol (pid=61013)>: stderr >> [1m[31m       _
<UciProtocol (pid=61013)>: stderr >> |   _ | |
<UciProtocol (pid=61013)>: stderr >> |_ |_ |_|[0m v0.32.1+git.dirty built Nov 23 2025
<UciProtocol (pid=61013)>: stderr >> Search algorithm: classic
<UciProtocol (pid=61013)>: stderr >> Loading weights file from: data/engines/maia/maia-1500.pb.gz
<UciProtocol (pid=61013)>: stderr >> Initialized metal backend on device Apple M3 Pro
<UciProtocol (pid=61015)>: stderr >> [1m[31m       _
<UciProtocol (pid=61015)>: stderr >> |   _ | |
<UciProtocol (pid=61015)>: stderr >> |_ |_ |_|[0m v0.32.1+git.dirty built Nov 23 2025
<UciProtocol (pid=61015)>: stderr >> Search algorithm: classic
<UciProtocol (pid=61015)>: stderr >> Loading weights file from: data/engines/maia/maia-1500.pb.gz
<UciProtocol (pid=61015)>: stderr >> Initialized metal backend on device Apple M3 Pro
<UciProtocol (pid=61016)>: stderr >> [1m[31m       _
<UciProtocol (pid=61016)>: stderr >> |   _ | |
<UciProtocol (pid=61016)>: stderr >> |_ |_ |_|[0m v0.32.1+git.dirty built Nov 23 2025
<UciProtocol (pid=61016)>: stderr >> Search algorithm: classic
<UciProtocol (pid=61016)>: stderr >> Loading weights file from: data/engines/maia/maia-1500.pb.gz
<UciProtocol (pid=61016)>: stderr >> Initialized metal backend on device Apple M3 Pro
<UciProtocol (pid=61018)>: stderr >> [1m[31m       _
<UciProtocol (pid=61018)>: stderr >> |   _ | |
<UciProtocol (pid=61018)>: stderr >> |_ |_ |_|[0m v0.32.1+git.dirty built Nov 23 2025
<UciProtocol (pid=61018)>: stderr >> Search algorithm: classic
<UciProtocol (pid=61018)>: stderr >> Loading weights file from: data/engines/maia/maia-1500.pb.gz
<UciProtocol (pid=61018)>: stderr >> Initialized metal backend on device Apple M3 Pro
<UciProtocol (pid=61026)>: stderr >> [1m[31m       _
<UciProtocol (pid=61026)>: stderr >> |   _ | |
<UciProtocol (pid=61026)>: stderr >> |_ |_ |_|[0m v0.32.1+git.dirty built Nov 23 2025
<UciProtocol (pid=61026)>: stderr >> Search algorithm: classic
<UciProtocol (pid=61026)>: stderr >> Loading weights file from: data/engines/maia/maia-1900.pb.gz
<UciProtocol (pid=61026)>: stderr >> Initialized metal backend on device Apple M3 Pro
<UciProtocol (pid=61028)>: stderr >> [1m[31m       _
<UciProtocol (pid=61028)>: stderr >> |   _ | |
<UciProtocol (pid=61028)>: stderr >> |_ |_ |_|[0m v0.32.1+git.dirty built Nov 23 2025
<UciProtocol (pid=61028)>: stderr >> Search algorithm: classic
<UciProtocol (pid=61028)>: stderr >> Loading weights file from: data/engines/maia/maia-1900.pb.gz
<UciProtocol (pid=61028)>: stderr >> Initialized metal backend on device Apple M3 Pro
<UciProtocol (pid=61029)>: stderr >> [1m[31m       _
<UciProtocol (pid=61029)>: stderr >> |   _ | |
<UciProtocol (pid=61029)>: stderr >> |_ |_ |_|[0m v0.32.1+git.dirty built Nov 23 2025
<UciProtocol (pid=61029)>: stderr >> Search algorithm: classic
<UciProtocol (pid=61029)>: stderr >> Loading weights file from: data/engines/maia/maia-1900.pb.gz
<UciProtocol (pid=61029)>: stderr >> Initialized metal backend on device Apple M3 Pro
<UciProtocol (pid=61031)>: stderr >> [1m[31m       _
<UciProtocol (pid=61031)>: stderr >> |   _ | |
<UciProtocol (pid=61031)>: stderr >> |_ |_ |_|[0m v0.32.1+git.dirty built Nov 23 2025
<UciProtocol (pid=61031)>: stderr >> Search algorithm: classic
<UciProtocol (pid=61031)>: stderr >> Loading weights file from: data/engines/maia/maia-1900.pb.gz
<UciProtocol (pid=61031)>: stderr >> Initialized metal backend on device Apple M3 Pro
[daemon] shards 8  anchors 1,400  rows 141,748  (24,336/hr)  [207s]
<UciProtocol (pid=61689)>: stderr >> [1m[31m       _
<UciProtocol (pid=61689)>: stderr >> |   _ | |
<UciProtocol (pid=61689)>: stderr >> |_ |_ |_|[0m v0.32.1+git.dirty built Nov 23 2025
<UciProtocol (pid=61689)>: stderr >> Search algorithm: classic
<UciProtocol (pid=61689)>: stderr >> Loading weights file from: data/engines/maia/maia-1100.pb.gz
<UciProtocol (pid=61689)>: stderr >> Initialized metal backend on device Apple M3 Pro
<UciProtocol (pid=61695)>: stderr >> [1m[31m       _
<UciProtocol (pid=61695)>: stderr >> |   _ | |
<UciProtocol (pid=61695)>: stderr >> |_ |_ |_|[0m v0.32.1+git.dirty built Nov 23 2025
<UciProtocol (pid=61695)>: stderr >> Search algorithm: classic
<UciProtocol (pid=61695)>: stderr >> Loading weights file from: data/engines/maia/maia-1500.pb.gz
<UciProtocol (pid=61695)>: stderr >> Initialized metal backend on device Apple M3 Pro
<UciProtocol (pid=61696)>: stderr >> [1m[31m       _
<UciProtocol (pid=61696)>: stderr >> |   _ | |
<UciProtocol (pid=61696)>: stderr >> |_ |_ |_|[0m v0.32.1+git.dirty built Nov 23 2025
<UciProtocol (pid=61696)>: stderr >> Search algorithm: classic
<UciProtocol (pid=61696)>: stderr >> Loading weights file from: data/engines/maia/maia-1100.pb.gz
<UciProtocol (pid=61696)>: stderr >> Initialized metal backend on device Apple M3 Pro
<UciProtocol (pid=61698)>: stderr >> [1m[31m       _
<UciProtocol (pid=61698)>: stderr >> |   _ | |
<UciProtocol (pid=61698)>: stderr >> |_ |_ |_|[0m v0.32.1+git.dirty built Nov 23 2025
<UciProtocol (pid=61698)>: stderr >> Search algorithm: classic
<UciProtocol (pid=61698)>: stderr >> Loading weights file from: data/engines/maia/maia-1100.pb.gz
<UciProtocol (pid=61698)>: stderr >> Initialized metal backend on device Apple M3 Pro
<UciProtocol (pid=61700)>: stderr >> [1m[31m       _
<UciProtocol (pid=61700)>: stderr >> |   _ | |
<UciProtocol (pid=61700)>: stderr >> |_ |_ |_|[0m v0.32.1+git.dirty built Nov 23 2025
<UciProtocol (pid=61700)>: stderr >> Search algorithm: classic
<UciProtocol (pid=61700)>: stderr >> Loading weights file from: data/engines/maia/maia-1900.pb.gz
<UciProtocol (pid=61700)>: stderr >> Initialized metal backend on device Apple M3 Pro
<UciProtocol (pid=61701)>: stderr >> [1m[31m       _
<UciProtocol (pid=61701)>: stderr >> |   _ | |
<UciProtocol (pid=61701)>: stderr >> |_ |_ |_|[0m v0.32.1+git.dirty built Nov 23 2025
<UciProtocol (pid=61701)>: stderr >> Search algorithm: classic
<UciProtocol (pid=61701)>: stderr >> Loading weights file from: data/engines/maia/maia-1500.pb.gz
<UciProtocol (pid=61701)>: stderr >> Initialized metal backend on device Apple M3 Pro
<UciProtocol (pid=61702)>: stderr >> [1m[31m       _
<UciProtocol (pid=61702)>: stderr >> |   _ | |
<UciProtocol (pid=61702)>: stderr >> |_ |_ |_|[0m v0.32.1+git.dirty built Nov 23 2025
<UciProtocol (pid=61702)>: stderr >> Search algorithm: classic
<UciProtocol (pid=61702)>: stderr >> Loading weights file from: data/engines/maia/maia-1100.pb.gz
<UciProtocol (pid=61702)>: stderr >> Initialized metal backend on device Apple M3 Pro
<UciProtocol (pid=61703)>: stderr >> [1m[31m       _
<UciProtocol (pid=61703)>: stderr >> |   _ | |
<UciProtocol (pid=61703)>: stderr >> |_ |_ |_|[0m v0.32.1+git.dirty built Nov 23 2025
<UciProtocol (pid=61703)>: stderr >> Search algorithm: classic
<UciProtocol (pid=61703)>: stderr >> Loading weights file from: data/engines/maia/maia-1500.pb.gz
<UciProtocol (pid=61703)>: stderr >> Initialized metal backend on device Apple M3 Pro
<UciProtocol (pid=61704)>: stderr >> [1m[31m       _
<UciProtocol (pid=61704)>: stderr >> |   _ | |
<UciProtocol (pid=61704)>: stderr >> |_ |_ |_|[0m v0.32.1+git.dirty built Nov 23 2025
<UciProtocol (pid=61704)>: stderr >> Search algorithm: classic
<UciProtocol (pid=61704)>: stderr >> Loading weights file from: data/engines/maia/maia-1100.pb.gz
<UciProtocol (pid=61704)>: stderr >> Initialized metal backend on device Apple M3 Pro
<UciProtocol (pid=61705)>: stderr >> [1m[31m       _
<UciProtocol (pid=61705)>: stderr >> |   _ | |
<UciProtocol (pid=61705)>: stderr >> |_ |_ |_|[0m v0.32.1+git.dirty built Nov 23 2025
<UciProtocol (pid=61705)>: stderr >> Search algorithm: classic
<UciProtocol (pid=61706)>: stderr >> [1m[31m       _
<UciProtocol (pid=61706)>: stderr >> |   _ | |
<UciProtocol (pid=61706)>: stderr >> |_ |_ |_|[0m v0.32.1+git.dirty built Nov 23 2025
<UciProtocol (pid=61706)>: stderr >> Search algorithm: classic
<UciProtocol (pid=61706)>: stderr >> Loading weights file from: data/engines/maia/maia-1900.pb.gz
<UciProtocol (pid=61705)>: stderr >> Loading weights file from: data/engines/maia/maia-1100.pb.gz
<UciProtocol (pid=61706)>: stderr >> Initialized metal backend on device Apple M3 Pro
<UciProtocol (pid=61705)>: stderr >> Initialized metal backend on device Apple M3 Pro
<UciProtocol (pid=61707)>: stderr >> [1m[31m       _
<UciProtocol (pid=61707)>: stderr >> |   _ | |
<UciProtocol (pid=61707)>: stderr >> |_ |_ |_|[0m v0.32.1+git.dirty built Nov 23 2025
<UciProtocol (pid=61707)>: stderr >> Search algorithm: classic
<UciProtocol (pid=61707)>: stderr >> Loading weights file from: data/engines/maia/maia-1500.pb.gz
<UciProtocol (pid=61708)>: stderr >> [1m[31m       _
<UciProtocol (pid=61708)>: stderr >> |   _ | |
<UciProtocol (pid=61708)>: stderr >> |_ |_ |_|[0m v0.32.1+git.dirty built Nov 23 2025
<UciProtocol (pid=61708)>: stderr >> Search algorithm: classic
<UciProtocol (pid=61707)>: stderr >> Initialized metal backend on device Apple M3 Pro
<UciProtocol (pid=61709)>: stderr >> [1m[31m       _
<UciProtocol (pid=61709)>: stderr >> |   _ | |
<UciProtocol (pid=61709)>: stderr >> |_ |_ |_|[0m v0.32.1+git.dirty built Nov 23 2025
<UciProtocol (pid=61709)>: stderr >> Search algorithm: classic
<UciProtocol (pid=61709)>: stderr >> Loading weights file from: data/engines/maia/maia-1500.pb.gz
<UciProtocol (pid=61708)>: stderr >> Loading weights file from: data/engines/maia/maia-1900.pb.gz
<UciProtocol (pid=61710)>: stderr >> [1m[31m       _
<UciProtocol (pid=61710)>: stderr >> |   _ | |
<UciProtocol (pid=61710)>: stderr >> |_ |_ |_|[0m v0.32.1+git.dirty built Nov 23 2025
<UciProtocol (pid=61710)>: stderr >> Search algorithm: classic
<UciProtocol (pid=61709)>: stderr >> Initialized metal backend on device Apple M3 Pro
<UciProtocol (pid=61708)>: stderr >> Initialized metal backend on device Apple M3 Pro
<UciProtocol (pid=61710)>: stderr >> Loading weights file from: data/engines/maia/maia-1100.pb.gz
<UciProtocol (pid=61710)>: stderr >> Initialized metal backend on device Apple M3 Pro
<UciProtocol (pid=61711)>: stderr >> [1m[31m       _
<UciProtocol (pid=61711)>: stderr >> |   _ | |
<UciProtocol (pid=61711)>: stderr >> |_ |_ |_|[0m v0.32.1+git.dirty built Nov 23 2025
<UciProtocol (pid=61711)>: stderr >> Search algorithm: classic
<UciProtocol (pid=61711)>: stderr >> Loading weights file from: data/engines/maia/maia-1500.pb.gz
<UciProtocol (pid=61711)>: stderr >> Initialized metal backend on device Apple M3 Pro
<UciProtocol (pid=61712)>: stderr >> [1m[31m       _
<UciProtocol (pid=61712)>: stderr >> |   _ | |
<UciProtocol (pid=61712)>: stderr >> |_ |_ |_|[0m v0.32.1+git.dirty built Nov 23 2025
<UciProtocol (pid=61712)>: stderr >> Search algorithm: classic
<UciProtocol (pid=61712)>: stderr >> Loading weights file from: data/engines/maia/maia-1900.pb.gz
<UciProtocol (pid=61712)>: stderr >> Initialized metal backend on device Apple M3 Pro
<UciProtocol (pid=61713)>: stderr >> [1m[31m       _
<UciProtocol (pid=61713)>: stderr >> |   _ | |
<UciProtocol (pid=61713)>: stderr >> |_ |_ |_|[0m v0.32.1+git.dirty built Nov 23 2025
<UciProtocol (pid=61713)>: stderr >> Search algorithm: classic
<UciProtocol (pid=61713)>: stderr >> Loading weights file from: data/engines/maia/maia-1900.pb.gz
<UciProtocol (pid=61713)>: stderr >> Initialized metal backend on device Apple M3 Pro
<UciProtocol (pid=61714)>: stderr >> [1m[31m       _
<UciProtocol (pid=61714)>: stderr >> |   _ | |
<UciProtocol (pid=61714)>: stderr >> |_ |_ |_|[0m v0.32.1+git.dirty built Nov 23 2025
<UciProtocol (pid=61714)>: stderr >> Search algorithm: classic
<UciProtocol (pid=61714)>: stderr >> Loading weights file from: data/engines/maia/maia-1500.pb.gz
<UciProtocol (pid=61715)>: stderr >> [1m[31m       _
<UciProtocol (pid=61715)>: stderr >> |   _ | |
<UciProtocol (pid=61715)>: stderr >> |_ |_ |_|[0m v0.32.1+git.dirty built Nov 23 2025
<UciProtocol (pid=61715)>: stderr >> Search algorithm: classic
<UciProtocol (pid=61715)>: stderr >> Loading weights file from: data/engines/maia/maia-1900.pb.gz
<UciProtocol (pid=61714)>: stderr >> Initialized metal backend on device Apple M3 Pro
<UciProtocol (pid=61715)>: stderr >> Initialized metal backend on device Apple M3 Pro
<UciProtocol (pid=61721)>: stderr >> [1m[31m       _
<UciProtocol (pid=61721)>: stderr >> |   _ | |
<UciProtocol (pid=61721)>: stderr >> |_ |_ |_|[0m v0.32.1+git.dirty built Nov 23 2025
<UciProtocol (pid=61721)>: stderr >> Search algorithm: classic
<UciProtocol (pid=61721)>: stderr >> Loading weights file from: data/engines/maia/maia-1900.pb.gz
<UciProtocol (pid=61721)>: stderr >> Initialized metal backend on device Apple M3 Pro
[daemon] shards 15  anchors 2,800  rows 283,553  (25,834/hr)  [390s]
<UciProtocol (pid=62246)>: stderr >> [1m[31m       _
<UciProtocol (pid=62246)>: stderr >> |   _ | |
<UciProtocol (pid=62246)>: stderr >> |_ |_ |_|[0m v0.32.1+git.dirty built Nov 23 2025
<UciProtocol (pid=62246)>: stderr >> Search algorithm: classic
<UciProtocol (pid=62246)>: stderr >> Loading weights file from: data/engines/maia/maia-1100.pb.gz
<UciProtocol (pid=62246)>: stderr >> Initialized metal backend on device Apple M3 Pro
<UciProtocol (pid=62248)>: stderr >> [1m[31m       _
<UciProtocol (pid=62248)>: stderr >> |   _ | |
<UciProtocol (pid=62248)>: stderr >> |_ |_ |_|[0m v0.32.1+git.dirty built Nov 23 2025
<UciProtocol (pid=62248)>: stderr >> Search algorithm: classic
<UciProtocol (pid=62248)>: stderr >> Loading weights file from: data/engines/maia/maia-1500.pb.gz
<UciProtocol (pid=62248)>: stderr >> Initialized metal backend on device Apple M3 Pro
<UciProtocol (pid=62255)>: stderr >> [1m[31m       _
<UciProtocol (pid=62255)>: stderr >> |   _ | |
<UciProtocol (pid=62255)>: stderr >> |_ |_ |_|[0m v0.32.1+git.dirty built Nov 23 2025
<UciProtocol (pid=62255)>: stderr >> Search algorithm: classic
<UciProtocol (pid=62255)>: stderr >> Loading weights file from: data/engines/maia/maia-1100.pb.gz
<UciProtocol (pid=62256)>: stderr >> [1m[31m       _
<UciProtocol (pid=62256)>: stderr >> |   _ | |
<UciProtocol (pid=62256)>: stderr >> |_ |_ |_|[0m v0.32.1+git.dirty built Nov 23 2025
<UciProtocol (pid=62256)>: stderr >> Search algorithm: classic
<UciProtocol (pid=62256)>: stderr >> Loading weights file from: data/engines/maia/maia-1100.pb.gz
<UciProtocol (pid=62255)>: stderr >> Initialized metal backend on device Apple M3 Pro
<UciProtocol (pid=62256)>: stderr >> Initialized metal backend on device Apple M3 Pro
<UciProtocol (pid=62257)>: stderr >> [1m[31m       _
<UciProtocol (pid=62257)>: stderr >> |   _ | |
<UciProtocol (pid=62257)>: stderr >> |_ |_ |_|[0m v0.32.1+git.dirty built Nov 23 2025
<UciProtocol (pid=62257)>: stderr >> Search algorithm: classic
<UciProtocol (pid=62257)>: stderr >> Loading weights file from: data/engines/maia/maia-1100.pb.gz
<UciProtocol (pid=62257)>: stderr >> Initialized metal backend on device Apple M3 Pro
<UciProtocol (pid=62258)>: stderr >> [1m[31m       _
<UciProtocol (pid=62258)>: stderr >> |   _ | |
<UciProtocol (pid=62258)>: stderr >> |_ |_ |_|[0m v0.32.1+git.dirty built Nov 23 2025
<UciProtocol (pid=62258)>: stderr >> Search algorithm: classic
<UciProtocol (pid=62258)>: stderr >> Loading weights file from: data/engines/maia/maia-1100.pb.gz
<UciProtocol (pid=62259)>: stderr >> [1m[31m       _
<UciProtocol (pid=62259)>: stderr >> |   _ | |
<UciProtocol (pid=62259)>: stderr >> |_ |_ |_|[0m v0.32.1+git.dirty built Nov 23 2025
<UciProtocol (pid=62259)>: stderr >> Search algorithm: classic
<UciProtocol (pid=62259)>: stderr >> Loading weights file from: data/engines/maia/maia-1900.pb.gz
<UciProtocol (pid=62258)>: stderr >> Initialized metal backend on device Apple M3 Pro
<UciProtocol (pid=62259)>: stderr >> Initialized metal backend on device Apple M3 Pro
<UciProtocol (pid=62261)>: stderr >> [1m[31m       _
<UciProtocol (pid=62261)>: stderr >> |   _ | |
<UciProtocol (pid=62261)>: stderr >> |_ |_ |_|[0m v0.32.1+git.dirty built Nov 23 2025
<UciProtocol (pid=62261)>: stderr >> Search algorithm: classic
<UciProtocol (pid=62261)>: stderr >> Loading weights file from: data/engines/maia/maia-1500.pb.gz
<UciProtocol (pid=62263)>: stderr >> [1m[31m       _
<UciProtocol (pid=62263)>: stderr >> |   _ | |
<UciProtocol (pid=62263)>: stderr >> |_ |_ |_|[0m v0.32.1+git.dirty built Nov 23 2025
<UciProtocol (pid=62263)>: stderr >> Search algorithm: classic
<UciProtocol (pid=62263)>: stderr >> Loading weights file from: data/engines/maia/maia-1500.pb.gz
<UciProtocol (pid=62261)>: stderr >> Initialized metal backend on device Apple M3 Pro
<UciProtocol (pid=62263)>: stderr >> Initialized metal backend on device Apple M3 Pro
<UciProtocol (pid=62264)>: stderr >> [1m[31m       _
<UciProtocol (pid=62264)>: stderr >> |   _ | |
<UciProtocol (pid=62264)>: stderr >> |_ |_ |_|[0m v0.32.1+git.dirty built Nov 23 2025
<UciProtocol (pid=62264)>: stderr >> Search algorithm: classic
<UciProtocol (pid=62264)>: stderr >> Loading weights file from: data/engines/maia/maia-1500.pb.gz
<UciProtocol (pid=62265)>: stderr >> [1m[31m       _
<UciProtocol (pid=62265)>: stderr >> |   _ | |
<UciProtocol (pid=62265)>: stderr >> |_ |_ |_|[0m v0.32.1+git.dirty built Nov 23 2025
<UciProtocol (pid=62265)>: stderr >> Search algorithm: classic
<UciProtocol (pid=62264)>: stderr >> Initialized metal backend on device Apple M3 Pro
<UciProtocol (pid=62265)>: stderr >> Loading weights file from: data/engines/maia/maia-1500.pb.gz
<UciProtocol (pid=62265)>: stderr >> Initialized metal backend on device Apple M3 Pro
<UciProtocol (pid=62266)>: stderr >> [1m[31m       _
<UciProtocol (pid=62266)>: stderr >> |   _ | |
<UciProtocol (pid=62266)>: stderr >> |_ |_ |_|[0m v0.32.1+git.dirty built Nov 23 2025
<UciProtocol (pid=62266)>: stderr >> Search algorithm: classic
<UciProtocol (pid=62266)>: stderr >> Loading weights file from: data/engines/maia/maia-1900.pb.gz
<UciProtocol (pid=62266)>: stderr >> Initialized metal backend on device Apple M3 Pro
<UciProtocol (pid=62267)>: stderr >> [1m[31m       _
<UciProtocol (pid=62267)>: stderr >> |   _ | |
<UciProtocol (pid=62267)>: stderr >> |_ |_ |_|[0m v0.32.1+git.dirty built Nov 23 2025
<UciProtocol (pid=62267)>: stderr >> Search algorithm: classic
<UciProtocol (pid=62267)>: stderr >> Loading weights file from: data/engines/maia/maia-1900.pb.gz
<UciProtocol (pid=62267)>: stderr >> Initialized metal backend on device Apple M3 Pro
<UciProtocol (pid=62268)>: stderr >> [1m[31m       _
<UciProtocol (pid=62268)>: stderr >> |   _ | |
<UciProtocol (pid=62268)>: stderr >> |_ |_ |_|[0m v0.32.1+git.dirty built Nov 23 2025
<UciProtocol (pid=62268)>: stderr >> Search algorithm: classic
<UciProtocol (pid=62268)>: stderr >> Loading weights file from: data/engines/maia/maia-1100.pb.gz
<UciProtocol (pid=62268)>: stderr >> Initialized metal backend on device Apple M3 Pro
<UciProtocol (pid=62269)>: stderr >> [1m[31m       _
<UciProtocol (pid=62269)>: stderr >> |   _ | |
<UciProtocol (pid=62269)>: stderr >> |_ |_ |_|[0m v0.32.1+git.dirty built Nov 23 2025
<UciProtocol (pid=62269)>: stderr >> Search algorithm: classic
<UciProtocol (pid=62269)>: stderr >> Loading weights file from: data/engines/maia/maia-1900.pb.gz
<UciProtocol (pid=62270)>: stderr >> [1m[31m       _
<UciProtocol (pid=62270)>: stderr >> |   _ | |
<UciProtocol (pid=62270)>: stderr >> |_ |_ |_|[0m v0.32.1+git.dirty built Nov 23 2025
<UciProtocol (pid=62270)>: stderr >> Search algorithm: classic
<UciProtocol (pid=62270)>: stderr >> Loading weights file from: data/engines/maia/maia-1900.pb.gz
<UciProtocol (pid=62269)>: stderr >> Initialized metal backend on device Apple M3 Pro
<UciProtocol (pid=62270)>: stderr >> Initialized metal backend on device Apple M3 Pro
<UciProtocol (pid=62271)>: stderr >> [1m[31m       _
<UciProtocol (pid=62271)>: stderr >> |   _ | |
<UciProtocol (pid=62271)>: stderr >> |_ |_ |_|[0m v0.32.1+git.dirty built Nov 23 2025
<UciProtocol (pid=62271)>: stderr >> Search algorithm: classic
<UciProtocol (pid=62271)>: stderr >> Loading weights file from: data/engines/maia/maia-1100.pb.gz
<UciProtocol (pid=62271)>: stderr >> Initialized metal backend on device Apple M3 Pro
<UciProtocol (pid=62272)>: stderr >> [1m[31m       _
<UciProtocol (pid=62272)>: stderr >> |   _ | |
<UciProtocol (pid=62272)>: stderr >> |_ |_ |_|[0m v0.32.1+git.dirty built Nov 23 2025
<UciProtocol (pid=62272)>: stderr >> Search algorithm: classic
<UciProtocol (pid=62272)>: stderr >> Loading weights file from: data/engines/maia/maia-1500.pb.gz
<UciProtocol (pid=62272)>: stderr >> Initialized metal backend on device Apple M3 Pro
<UciProtocol (pid=62273)>: stderr >> [1m[31m       _
<UciProtocol (pid=62273)>: stderr >> |   _ | |
<UciProtocol (pid=62273)>: stderr >> |_ |_ |_|[0m v0.32.1+git.dirty built Nov 23 2025
<UciProtocol (pid=62273)>: stderr >> Search algorithm: classic
<UciProtocol (pid=62273)>: stderr >> Loading weights file from: data/engines/maia/maia-1500.pb.gz
<UciProtocol (pid=62273)>: stderr >> Initialized metal backend on device Apple M3 Pro
<UciProtocol (pid=62275)>: stderr >> [1m[31m       _
<UciProtocol (pid=62275)>: stderr >> |   _ | |
<UciProtocol (pid=62275)>: stderr >> |_ |_ |_|[0m v0.32.1+git.dirty built Nov 23 2025
<UciProtocol (pid=62275)>: stderr >> Search algorithm: classic
<UciProtocol (pid=62275)>: stderr >> Loading weights file from: data/engines/maia/maia-1900.pb.gz
<UciProtocol (pid=62275)>: stderr >> Initialized metal backend on device Apple M3 Pro
<UciProtocol (pid=62277)>: stderr >> [1m[31m       _
<UciProtocol (pid=62277)>: stderr >> |   _ | |
<UciProtocol (pid=62277)>: stderr >> |_ |_ |_|[0m v0.32.1+git.dirty built Nov 23 2025
<UciProtocol (pid=62277)>: stderr >> Search algorithm: classic
<UciProtocol (pid=62277)>: stderr >> Loading weights file from: data/engines/maia/maia-1900.pb.gz
<UciProtocol (pid=62277)>: stderr >> Initialized metal backend on device Apple M3 Pro
[daemon] shards 22  anchors 4,200  rows 425,576  (26,210/hr)  [577s]
<UciProtocol (pid=62791)>: stderr >> [1m[31m       _
<UciProtocol (pid=62791)>: stderr >> |   _ | |
<UciProtocol (pid=62791)>: stderr >> |_ |_ |_|[0m v0.32.1+git.dirty built Nov 23 2025
<UciProtocol (pid=62791)>: stderr >> Search algorithm: classic
<UciProtocol (pid=62791)>: stderr >> Loading weights file from: data/engines/maia/maia-1100.pb.gz
<UciProtocol (pid=62792)>: stderr >> [1m[31m       _
<UciProtocol (pid=62792)>: stderr >> |   _ | |
<UciProtocol (pid=62792)>: stderr >> |_ |_ |_|[0m v0.32.1+git.dirty built Nov 23 2025
<UciProtocol (pid=62792)>: stderr >> Search algorithm: classic
<UciProtocol (pid=62792)>: stderr >> Loading weights file from: data/engines/maia/maia-1100.pb.gz
<UciProtocol (pid=62791)>: stderr >> Initialized metal backend on device Apple M3 Pro
<UciProtocol (pid=62792)>: stderr >> Initialized metal backend on device Apple M3 Pro
<UciProtocol (pid=62801)>: stderr >> [1m[31m       _
<UciProtocol (pid=62801)>: stderr >> |   _ | |
<UciProtocol (pid=62801)>: stderr >> |_ |_ |_|[0m v0.32.1+git.dirty built Nov 23 2025
<UciProtocol (pid=62801)>: stderr >> Search algorithm: classic
<UciProtocol (pid=62801)>: stderr >> Loading weights file from: data/engines/maia/maia-1500.pb.gz
<UciProtocol (pid=62801)>: stderr >> Initialized metal backend on device Apple M3 Pro
<UciProtocol (pid=62804)>: stderr >> [1m[31m       _
<UciProtocol (pid=62804)>: stderr >> |   _ | |
<UciProtocol (pid=62804)>: stderr >> |_ |_ |_|[0m v0.32.1+git.dirty built Nov 23 2025
<UciProtocol (pid=62804)>: stderr >> Search algorithm: classic
<UciProtocol (pid=62804)>: stderr >> Loading weights file from: data/engines/maia/maia-1500.pb.gz
<UciProtocol (pid=62804)>: stderr >> Initialized metal backend on device Apple M3 Pro
<UciProtocol (pid=62805)>: stderr >> [1m[31m       _
<UciProtocol (pid=62805)>: stderr >> |   _ | |
<UciProtocol (pid=62805)>: stderr >> |_ |_ |_|[0m v0.32.1+git.dirty built Nov 23 2025
<UciProtocol (pid=62805)>: stderr >> Search algorithm: classic
<UciProtocol (pid=62805)>: stderr >> Loading weights file from: data/engines/maia/maia-1900.pb.gz
<UciProtocol (pid=62805)>: stderr >> Initialized metal backend on device Apple M3 Pro
<UciProtocol (pid=62809)>: stderr >> [1m[31m       _
<UciProtocol (pid=62809)>: stderr >> |   _ | |
<UciProtocol (pid=62809)>: stderr >> |_ |_ |_|[0m v0.32.1+git.dirty built Nov 23 2025
<UciProtocol (pid=62809)>: stderr >> Search algorithm: classic
<UciProtocol (pid=62809)>: stderr >> Loading weights file from: data/engines/maia/maia-1100.pb.gz
<UciProtocol (pid=62810)>: stderr >> [1m[31m       _
<UciProtocol (pid=62810)>: stderr >> |   _ | |
<UciProtocol (pid=62810)>: stderr >> |_ |_ |_|[0m v0.32.1+git.dirty built Nov 23 2025
<UciProtocol (pid=62811)>: stderr >> [1m[31m       _
<UciProtocol (pid=62811)>: stderr >> |   _ | |
<UciProtocol (pid=62811)>: stderr >> |_ |_ |_|[0m v0.32.1+git.dirty built Nov 23 2025
<UciProtocol (pid=62811)>: stderr >> Search algorithm: classic
<UciProtocol (pid=62809)>: stderr >> Initialized metal backend on device Apple M3 Pro
<UciProtocol (pid=62810)>: stderr >> Search algorithm: classic
<UciProtocol (pid=62811)>: stderr >> Loading weights file from: data/engines/maia/maia-1900.pb.gz
<UciProtocol (pid=62810)>: stderr >> Loading weights file from: data/engines/maia/maia-1100.pb.gz
<UciProtocol (pid=62810)>: stderr >> Initialized metal backend on device Apple M3 Pro
<UciProtocol (pid=62811)>: stderr >> Initialized metal backend on device Apple M3 Pro
<UciProtocol (pid=62812)>: stderr >> [1m[31m       _
<UciProtocol (pid=62812)>: stderr >> |   _ | |
<UciProtocol (pid=62812)>: stderr >> |_ |_ |_|[0m v0.32.1+git.dirty built Nov 23 2025
<UciProtocol (pid=62812)>: stderr >> Search algorithm: classic
<UciProtocol (pid=62812)>: stderr >> Loading weights file from: data/engines/maia/maia-1100.pb.gz
<UciProtocol (pid=62812)>: stderr >> Initialized metal backend on device Apple M3 Pro
<UciProtocol (pid=62813)>: stderr >> [1m[31m       _
<UciProtocol (pid=62813)>: stderr >> |   _ | |
<UciProtocol (pid=62813)>: stderr >> |_ |_ |_|[0m v0.32.1+git.dirty built Nov 23 2025
<UciProtocol (pid=62813)>: stderr >> Search algorithm: classic
<UciProtocol (pid=62813)>: stderr >> Loading weights file from: data/engines/maia/maia-1100.pb.gz
<UciProtocol (pid=62814)>: stderr >> [1m[31m       _
<UciProtocol (pid=62814)>: stderr >> |   _ | |
<UciProtocol (pid=62814)>: stderr >> |_ |_ |_|[0m v0.32.1+git.dirty built Nov 23 2025
<UciProtocol (pid=62814)>: stderr >> Search algorithm: classic
<UciProtocol (pid=62814)>: stderr >> Loading weights file from: data/engines/maia/maia-1500.pb.gz
<UciProtocol (pid=62813)>: stderr >> Initialized metal backend on device Apple M3 Pro
<UciProtocol (pid=62815)>: stderr >> [1m[31m       _
<UciProtocol (pid=62815)>: stderr >> |   _ | |
<UciProtocol (pid=62815)>: stderr >> |_ |_ |_|[0m v0.32.1+git.dirty built Nov 23 2025
<UciProtocol (pid=62815)>: stderr >> Search algorithm: classic
<UciProtocol (pid=62815)>: stderr >> Loading weights file from: data/engines/maia/maia-1100.pb.gz
<UciProtocol (pid=62814)>: stderr >> Initialized metal backend on device Apple M3 Pro
<UciProtocol (pid=62815)>: stderr >> Initialized metal backend on device Apple M3 Pro
<UciProtocol (pid=62816)>: stderr >> [1m[31m       _
<UciProtocol (pid=62816)>: stderr >> |   _ | |
<UciProtocol (pid=62816)>: stderr >> |_ |_ |_|[0m v0.32.1+git.dirty built Nov 23 2025
<UciProtocol (pid=62816)>: stderr >> Search algorithm: classic
<UciProtocol (pid=62816)>: stderr >> Loading weights file from: data/engines/maia/maia-1500.pb.gz
<UciProtocol (pid=62816)>: stderr >> Initialized metal backend on device Apple M3 Pro
<UciProtocol (pid=62817)>: stderr >> [1m[31m       _
<UciProtocol (pid=62817)>: stderr >> |   _ | |
<UciProtocol (pid=62817)>: stderr >> |_ |_ |_|[0m v0.32.1+git.dirty built Nov 23 2025
<UciProtocol (pid=62817)>: stderr >> Search algorithm: classic
<UciProtocol (pid=62817)>: stderr >> Loading weights file from: data/engines/maia/maia-1500.pb.gz
<UciProtocol (pid=62818)>: stderr >> [1m[31m       _
<UciProtocol (pid=62818)>: stderr >> |   _ | |
<UciProtocol (pid=62818)>: stderr >> |_ |_ |_|[0m v0.32.1+git.dirty built Nov 23 2025
<UciProtocol (pid=62818)>: stderr >> Search algorithm: classic
<UciProtocol (pid=62817)>: stderr >> Initialized metal backend on device Apple M3 Pro
<UciProtocol (pid=62818)>: stderr >> Loading weights file from: data/engines/maia/maia-1500.pb.gz
<UciProtocol (pid=62818)>: stderr >> Initialized metal backend on device Apple M3 Pro
<UciProtocol (pid=62819)>: stderr >> [1m[31m       _
<UciProtocol (pid=62819)>: stderr >> |   _ | |
<UciProtocol (pid=62819)>: stderr >> |_ |_ |_|[0m v0.32.1+git.dirty built Nov 23 2025
<UciProtocol (pid=62819)>: stderr >> Search algorithm: classic
<UciProtocol (pid=62819)>: stderr >> Loading weights file from: data/engines/maia/maia-1900.pb.gz
<UciProtocol (pid=62825)>: stderr >> [1m[31m       _
<UciProtocol (pid=62825)>: stderr >> |   _ | |
<UciProtocol (pid=62825)>: stderr >> |_ |_ |_|[0m v0.32.1+git.dirty built Nov 23 2025
<UciProtocol (pid=62825)>: stderr >> Search algorithm: classic
<UciProtocol (pid=62825)>: stderr >> Loading weights file from: data/engines/maia/maia-1500.pb.gz
<UciProtocol (pid=62819)>: stderr >> Initialized metal backend on device Apple M3 Pro
<UciProtocol (pid=62825)>: stderr >> Initialized metal backend on device Apple M3 Pro
<UciProtocol (pid=62826)>: stderr >> [1m[31m       _
<UciProtocol (pid=62826)>: stderr >> |   _ | |
<UciProtocol (pid=62826)>: stderr >> |_ |_ |_|[0m v0.32.1+git.dirty built Nov 23 2025
<UciProtocol (pid=62826)>: stderr >> Search algorithm: classic
<UciProtocol (pid=62826)>: stderr >> Loading weights file from: data/engines/maia/maia-1900.pb.gz
<UciProtocol (pid=62826)>: stderr >> Initialized metal backend on device Apple M3 Pro
<UciProtocol (pid=62827)>: stderr >> [1m[31m       _
<UciProtocol (pid=62827)>: stderr >> |   _ | |
<UciProtocol (pid=62827)>: stderr >> |_ |_ |_|[0m v0.32.1+git.dirty built Nov 23 2025
<UciProtocol (pid=62827)>: stderr >> Search algorithm: classic
<UciProtocol (pid=62827)>: stderr >> Loading weights file from: data/engines/maia/maia-1900.pb.gz
<UciProtocol (pid=62827)>: stderr >> Initialized metal backend on device Apple M3 Pro
<UciProtocol (pid=62828)>: stderr >> [1m[31m       _
<UciProtocol (pid=62828)>: stderr >> |   _ | |
<UciProtocol (pid=62828)>: stderr >> |_ |_ |_|[0m v0.32.1+git.dirty built Nov 23 2025
<UciProtocol (pid=62828)>: stderr >> Search algorithm: classic
<UciProtocol (pid=62828)>: stderr >> Loading weights file from: data/engines/maia/maia-1900.pb.gz
<UciProtocol (pid=62828)>: stderr >> Initialized metal backend on device Apple M3 Pro
<UciProtocol (pid=62829)>: stderr >> [1m[31m       _
<UciProtocol (pid=62829)>: stderr >> |   _ | |
<UciProtocol (pid=62829)>: stderr >> |_ |_ |_|[0m v0.32.1+git.dirty built Nov 23 2025
<UciProtocol (pid=62829)>: stderr >> Search algorithm: classic
<UciProtocol (pid=62829)>: stderr >> Loading weights file from: data/engines/maia/maia-1900.pb.gz
<UciProtocol (pid=62829)>: stderr >> Initialized metal backend on device Apple M3 Pro
[daemon] shards 29  anchors 5,600  rows 566,999  (26,498/hr)  [761s]
<UciProtocol (pid=63351)>: stderr >> [1m[31m       _
<UciProtocol (pid=63351)>: stderr >> |   _ | |
<UciProtocol (pid=63351)>: stderr >> |_ |_ |_|[0m v0.32.1+git.dirty built Nov 23 2025
<UciProtocol (pid=63352)>: stderr >> [1m[31m       _
<UciProtocol (pid=63352)>: stderr >> |   _ | |
<UciProtocol (pid=63352)>: stderr >> |_ |_ |_|[0m v0.32.1+git.dirty built Nov 23 2025
<UciProtocol (pid=63352)>: stderr >> Search algorithm: classic
<UciProtocol (pid=63351)>: stderr >> Search algorithm: classic
<UciProtocol (pid=63352)>: stderr >> Loading weights file from: data/engines/maia/maia-1100.pb.gz
<UciProtocol (pid=63351)>: stderr >> Loading weights file from: data/engines/maia/maia-1100.pb.gz
<UciProtocol (pid=63351)>: stderr >> Initialized metal backend on device Apple M3 Pro
<UciProtocol (pid=63352)>: stderr >> Initialized metal backend on device Apple M3 Pro
<UciProtocol (pid=63355)>: stderr >> [1m[31m       _
<UciProtocol (pid=63355)>: stderr >> |   _ | |
<UciProtocol (pid=63355)>: stderr >> |_ |_ |_|[0m v0.32.1+git.dirty built Nov 23 2025
<UciProtocol (pid=63355)>: stderr >> Search algorithm: classic
<UciProtocol (pid=63355)>: stderr >> Loading weights file from: data/engines/maia/maia-1100.pb.gz
<UciProtocol (pid=63355)>: stderr >> Initialized metal backend on device Apple M3 Pro
<UciProtocol (pid=63356)>: stderr >> [1m[31m       _
<UciProtocol (pid=63356)>: stderr >> |   _ | |
<UciProtocol (pid=63356)>: stderr >> |_ |_ |_|[0m v0.32.1+git.dirty built Nov 23 2025
<UciProtocol (pid=63356)>: stderr >> Search algorithm: classic
<UciProtocol (pid=63357)>: stderr >> [1m[31m       _
<UciProtocol (pid=63357)>: stderr >> |   _ | |
<UciProtocol (pid=63357)>: stderr >> |_ |_ |_|[0m v0.32.1+git.dirty built Nov 23 2025
<UciProtocol (pid=63357)>: stderr >> Search algorithm: classic
<UciProtocol (pid=63357)>: stderr >> Loading weights file from: data/engines/maia/maia-1100.pb.gz
<UciProtocol (pid=63356)>: stderr >> Loading weights file from: data/engines/maia/maia-1100.pb.gz
<UciProtocol (pid=63358)>: stderr >> [1m[31m       _
<UciProtocol (pid=63358)>: stderr >> |   _ | |
<UciProtocol (pid=63358)>: stderr >> |_ |_ |_|[0m v0.32.1+git.dirty built Nov 23 2025
<UciProtocol (pid=63358)>: stderr >> Search algorithm: classic
<UciProtocol (pid=63358)>: stderr >> Loading weights file from: data/engines/maia/maia-1500.pb.gz
<UciProtocol (pid=63360)>: stderr >> [1m[31m       _
<UciProtocol (pid=63360)>: stderr >> |   _ | |
<UciProtocol (pid=63360)>: stderr >> |_ |_ |_|[0m v0.32.1+git.dirty built Nov 23 2025
<UciProtocol (pid=63359)>: stderr >> [1m[31m       _
<UciProtocol (pid=63359)>: stderr >> |   _ | |
<UciProtocol (pid=63359)>: stderr >> |_ |_ |_|[0m v0.32.1+git.dirty built Nov 23 2025
<UciProtocol (pid=63360)>: stderr >> Search algorithm: classic
<UciProtocol (pid=63359)>: stderr >> Search algorithm: classic
<UciProtocol (pid=63359)>: stderr >> Loading weights file from: data/engines/maia/maia-1500.pb.gz
<UciProtocol (pid=63360)>: stderr >> Loading weights file from: data/engines/maia/maia-1100.pb.gz
<UciProtocol (pid=63356)>: stderr >> Initialized metal backend on device Apple M3 Pro
<UciProtocol (pid=63357)>: stderr >> Initialized metal backend on device Apple M3 Pro
<UciProtocol (pid=63358)>: stderr >> Initialized metal backend on device Apple M3 Pro
<UciProtocol (pid=63360)>: stderr >> Initialized metal backend on device Apple M3 Pro
<UciProtocol (pid=63359)>: stderr >> Initialized metal backend on device Apple M3 Pro
<UciProtocol (pid=63366)>: stderr >> [1m[31m       _
<UciProtocol (pid=63366)>: stderr >> |   _ | |
<UciProtocol (pid=63366)>: stderr >> |_ |_ |_|[0m v0.32.1+git.dirty built Nov 23 2025
<UciProtocol (pid=63366)>: stderr >> Search algorithm: classic
<UciProtocol (pid=63366)>: stderr >> Loading weights file from: data/engines/maia/maia-1500.pb.gz
<UciProtocol (pid=63366)>: stderr >> Initialized metal backend on device Apple M3 Pro
<UciProtocol (pid=63367)>: stderr >> [1m[31m       _
<UciProtocol (pid=63367)>: stderr >> |   _ | |
<UciProtocol (pid=63367)>: stderr >> |_ |_ |_|[0m v0.32.1+git.dirty built Nov 23 2025
<UciProtocol (pid=63367)>: stderr >> Search algorithm: classic
<UciProtocol (pid=63367)>: stderr >> Loading weights file from: data/engines/maia/maia-1500.pb.gz
<UciProtocol (pid=63368)>: stderr >> [1m[31m       _
<UciProtocol (pid=63368)>: stderr >> |   _ | |
<UciProtocol (pid=63368)>: stderr >> |_ |_ |_|[0m v0.32.1+git.dirty built Nov 23 2025
<UciProtocol (pid=63368)>: stderr >> Search algorithm: classic
<UciProtocol (pid=63368)>: stderr >> Loading weights file from: data/engines/maia/maia-1500.pb.gz
<UciProtocol (pid=63367)>: stderr >> Initialized metal backend on device Apple M3 Pro
<UciProtocol (pid=63368)>: stderr >> Initialized metal backend on device Apple M3 Pro
<UciProtocol (pid=63369)>: stderr >> [1m[31m       _
<UciProtocol (pid=63369)>: stderr >> |   _ | |
<UciProtocol (pid=63369)>: stderr >> |_ |_ |_|[0m v0.32.1+git.dirty built Nov 23 2025
<UciProtocol (pid=63369)>: stderr >> Search algorithm: classic
<UciProtocol (pid=63370)>: stderr >> [1m[31m       _
<UciProtocol (pid=63370)>: stderr >> |   _ | |
<UciProtocol (pid=63370)>: stderr >> |_ |_ |_|[0m v0.32.1+git.dirty built Nov 23 2025
<UciProtocol (pid=63369)>: stderr >> Loading weights file from: data/engines/maia/maia-1900.pb.gz
<UciProtocol (pid=63370)>: stderr >> Search algorithm: classic
<UciProtocol (pid=63370)>: stderr >> Loading weights file from: data/engines/maia/maia-1900.pb.gz
<UciProtocol (pid=63371)>: stderr >> [1m[31m       _
<UciProtocol (pid=63371)>: stderr >> |   _ | |
<UciProtocol (pid=63371)>: stderr >> |_ |_ |_|[0m v0.32.1+git.dirty built Nov 23 2025
<UciProtocol (pid=63371)>: stderr >> Search algorithm: classic
<UciProtocol (pid=63371)>: stderr >> Loading weights file from: data/engines/maia/maia-1500.pb.gz
<UciProtocol (pid=63369)>: stderr >> Initialized metal backend on device Apple M3 Pro
<UciProtocol (pid=63370)>: stderr >> Initialized metal backend on device Apple M3 Pro
<UciProtocol (pid=63371)>: stderr >> Initialized metal backend on device Apple M3 Pro
<UciProtocol (pid=63372)>: stderr >> [1m[31m       _
<UciProtocol (pid=63372)>: stderr >> |   _ | |
<UciProtocol (pid=63372)>: stderr >> |_ |_ |_|[0m v0.32.1+git.dirty built Nov 23 2025
<UciProtocol (pid=63373)>: stderr >> [1m[31m       _
<UciProtocol (pid=63373)>: stderr >> |   _ | |
<UciProtocol (pid=63373)>: stderr >> |_ |_ |_|[0m v0.32.1+git.dirty built Nov 23 2025
<UciProtocol (pid=63372)>: stderr >> Search algorithm: classic
<UciProtocol (pid=63373)>: stderr >> Search algorithm: classic
<UciProtocol (pid=63372)>: stderr >> Loading weights file from: data/engines/maia/maia-1900.pb.gz
<UciProtocol (pid=63373)>: stderr >> Loading weights file from: data/engines/maia/maia-1900.pb.gz
<UciProtocol (pid=63372)>: stderr >> Initialized metal backend on device Apple M3 Pro
<UciProtocol (pid=63373)>: stderr >> Initialized metal backend on device Apple M3 Pro
<UciProtocol (pid=63374)>: stderr >> [1m[31m       _
<UciProtocol (pid=63374)>: stderr >> |   _ | |
<UciProtocol (pid=63374)>: stderr >> |_ |_ |_|[0m v0.32.1+git.dirty built Nov 23 2025
<UciProtocol (pid=63374)>: stderr >> Search algorithm: classic
<UciProtocol (pid=63374)>: stderr >> Loading weights file from: data/engines/maia/maia-1900.pb.gz
<UciProtocol (pid=63374)>: stderr >> Initialized metal backend on device Apple M3 Pro
<UciProtocol (pid=63375)>: stderr >> [1m[31m       _
<UciProtocol (pid=63375)>: stderr >> |   _ | |
<UciProtocol (pid=63375)>: stderr >> |_ |_ |_|[0m v0.32.1+git.dirty built Nov 23 2025
<UciProtocol (pid=63375)>: stderr >> Search algorithm: classic
<UciProtocol (pid=63375)>: stderr >> Loading weights file from: data/engines/maia/maia-1900.pb.gz
<UciProtocol (pid=63375)>: stderr >> Initialized metal backend on device Apple M3 Pro
<UciProtocol (pid=63376)>: stderr >> [1m[31m       _
<UciProtocol (pid=63376)>: stderr >> |   _ | |
<UciProtocol (pid=63376)>: stderr >> |_ |_ |_|[0m v0.32.1+git.dirty built Nov 23 2025
<UciProtocol (pid=63376)>: stderr >> Search algorithm: classic
<UciProtocol (pid=63376)>: stderr >> Loading weights file from: data/engines/maia/maia-1100.pb.gz
<UciProtocol (pid=63376)>: stderr >> Initialized metal backend on device Apple M3 Pro
<UciProtocol (pid=63377)>: stderr >> [1m[31m       _
<UciProtocol (pid=63377)>: stderr >> |   _ | |
<UciProtocol (pid=63377)>: stderr >> |_ |_ |_|[0m v0.32.1+git.dirty built Nov 23 2025
<UciProtocol (pid=63377)>: stderr >> Search algorithm: classic
<UciProtocol (pid=63377)>: stderr >> Loading weights file from: data/engines/maia/maia-1500.pb.gz
<UciProtocol (pid=63377)>: stderr >> Initialized metal backend on device Apple M3 Pro
<UciProtocol (pid=63383)>: stderr >> [1m[31m       _
<UciProtocol (pid=63383)>: stderr >> |   _ | |
<UciProtocol (pid=63383)>: stderr >> |_ |_ |_|[0m v0.32.1+git.dirty built Nov 23 2025
<UciProtocol (pid=63383)>: stderr >> Search algorithm: classic
<UciProtocol (pid=63383)>: stderr >> Loading weights file from: data/engines/maia/maia-1900.pb.gz
<UciProtocol (pid=63383)>: stderr >> Initialized metal backend on device Apple M3 Pro
[daemon] shards 36  anchors 7,000  rows 708,921  (26,667/hr)  [945s]
<UciProtocol (pid=63866)>: stderr >> [1m[31m       _
<UciProtocol (pid=63866)>: stderr >> |   _ | |
<UciProtocol (pid=63866)>: stderr >> |_ |_ |_|[0m v0.32.1+git.dirty built Nov 23 2025
<UciProtocol (pid=63866)>: stderr >> Search algorithm: classic
<UciProtocol (pid=63866)>: stderr >> Loading weights file from: data/engines/maia/maia-1100.pb.gz
<UciProtocol (pid=63866)>: stderr >> Initialized metal backend on device Apple M3 Pro
<UciProtocol (pid=63868)>: stderr >> [1m[31m       _
<UciProtocol (pid=63868)>: stderr >> |   _ | |
<UciProtocol (pid=63868)>: stderr >> |_ |_ |_|[0m v0.32.1+git.dirty built Nov 23 2025
<UciProtocol (pid=63868)>: stderr >> Search algorithm: classic
<UciProtocol (pid=63868)>: stderr >> Loading weights file from: data/engines/maia/maia-1100.pb.gz
<UciProtocol (pid=63868)>: stderr >> Initialized metal backend on device Apple M3 Pro
<UciProtocol (pid=63870)>: stderr >> [1m[31m       _
<UciProtocol (pid=63870)>: stderr >> |   _ | |
<UciProtocol (pid=63870)>: stderr >> |_ |_ |_|[0m v0.32.1+git.dirty built Nov 23 2025
<UciProtocol (pid=63870)>: stderr >> Search algorithm: classic
<UciProtocol (pid=63871)>: stderr >> [1m[31m       _
<UciProtocol (pid=63871)>: stderr >> |   _ | |
<UciProtocol (pid=63871)>: stderr >> |_ |_ |_|[0m v0.32.1+git.dirty built Nov 23 2025
<UciProtocol (pid=63870)>: stderr >> Loading weights file from: data/engines/maia/maia-1500.pb.gz
<UciProtocol (pid=63871)>: stderr >> Search algorithm: classic
<UciProtocol (pid=63871)>: stderr >> Loading weights file from: data/engines/maia/maia-1100.pb.gz
<UciProtocol (pid=63870)>: stderr >> Initialized metal backend on device Apple M3 Pro
<UciProtocol (pid=63871)>: stderr >> Initialized metal backend on device Apple M3 Pro
<UciProtocol (pid=63872)>: stderr >> [1m[31m       _
<UciProtocol (pid=63872)>: stderr >> |   _ | |
<UciProtocol (pid=63872)>: stderr >> |_ |_ |_|[0m v0.32.1+git.dirty built Nov 23 2025
<UciProtocol (pid=63872)>: stderr >> Search algorithm: classic
<UciProtocol (pid=63872)>: stderr >> Loading weights file from: data/engines/maia/maia-1100.pb.gz
<UciProtocol (pid=63872)>: stderr >> Initialized metal backend on device Apple M3 Pro
<UciProtocol (pid=63879)>: stderr >> [1m[31m       _
<UciProtocol (pid=63879)>: stderr >> |   _ | |
<UciProtocol (pid=63879)>: stderr >> |_ |_ |_|[0m v0.32.1+git.dirty built Nov 23 2025
<UciProtocol (pid=63879)>: stderr >> Search algorithm: classic
<UciProtocol (pid=63879)>: stderr >> Loading weights file from: data/engines/maia/maia-1500.pb.gz
<UciProtocol (pid=63880)>: stderr >> [1m[31m       _
<UciProtocol (pid=63880)>: stderr >> |   _ | |
<UciProtocol (pid=63880)>: stderr >> |_ |_ |_|[0m v0.32.1+git.dirty built Nov 23 2025
<UciProtocol (pid=63880)>: stderr >> Search algorithm: classic
<UciProtocol (pid=63880)>: stderr >> Loading weights file from: data/engines/maia/maia-1100.pb.gz
<UciProtocol (pid=63879)>: stderr >> Initialized metal backend on device Apple M3 Pro
<UciProtocol (pid=63880)>: stderr >> Initialized metal backend on device Apple M3 Pro
<UciProtocol (pid=63881)>: stderr >> [1m[31m       _
<UciProtocol (pid=63881)>: stderr >> |   _ | |
<UciProtocol (pid=63881)>: stderr >> |_ |_ |_|[0m v0.32.1+git.dirty built Nov 23 2025
<UciProtocol (pid=63881)>: stderr >> Search algorithm: classic
<UciProtocol (pid=63881)>: stderr >> Loading weights file from: data/engines/maia/maia-1100.pb.gz
<UciProtocol (pid=63881)>: stderr >> Initialized metal backend on device Apple M3 Pro
<UciProtocol (pid=63882)>: stderr >> [1m[31m       _
<UciProtocol (pid=63882)>: stderr >> |   _ | |
<UciProtocol (pid=63882)>: stderr >> |_ |_ |_|[0m v0.32.1+git.dirty built Nov 23 2025
<UciProtocol (pid=63882)>: stderr >> Search algorithm: classic
<UciProtocol (pid=63883)>: stderr >> [1m[31m       _
<UciProtocol (pid=63883)>: stderr >> |   _ | |
<UciProtocol (pid=63883)>: stderr >> |_ |_ |_|[0m v0.32.1+git.dirty built Nov 23 2025
<UciProtocol (pid=63883)>: stderr >> Search algorithm: classic
<UciProtocol (pid=63882)>: stderr >> Loading weights file from: data/engines/maia/maia-1500.pb.gz
<UciProtocol (pid=63883)>: stderr >> Loading weights file from: data/engines/maia/maia-1900.pb.gz
<UciProtocol (pid=63884)>: stderr >> [1m[31m       _
<UciProtocol (pid=63884)>: stderr >> |   _ | |
<UciProtocol (pid=63884)>: stderr >> |_ |_ |_|[0m v0.32.1+git.dirty built Nov 23 2025
<UciProtocol (pid=63884)>: stderr >> Search algorithm: classic
<UciProtocol (pid=63884)>: stderr >> Loading weights file from: data/engines/maia/maia-1500.pb.gz
<UciProtocol (pid=63882)>: stderr >> Initialized metal backend on device Apple M3 Pro
<UciProtocol (pid=63883)>: stderr >> Initialized metal backend on device Apple M3 Pro
<UciProtocol (pid=63884)>: stderr >> Initialized metal backend on device Apple M3 Pro
<UciProtocol (pid=63885)>: stderr >> [1m[31m       _
<UciProtocol (pid=63885)>: stderr >> |   _ | |
<UciProtocol (pid=63885)>: stderr >> |_ |_ |_|[0m v0.32.1+git.dirty built Nov 23 2025
<UciProtocol (pid=63885)>: stderr >> Search algorithm: classic
<UciProtocol (pid=63885)>: stderr >> Loading weights file from: data/engines/maia/maia-1500.pb.gz
<UciProtocol (pid=63886)>: stderr >> [1m[31m       _
<UciProtocol (pid=63886)>: stderr >> |   _ | |
<UciProtocol (pid=63886)>: stderr >> |_ |_ |_|[0m v0.32.1+git.dirty built Nov 23 2025
<UciProtocol (pid=63886)>: stderr >> Search algorithm: classic
<UciProtocol (pid=63886)>: stderr >> Loading weights file from: data/engines/maia/maia-1100.pb.gz
<UciProtocol (pid=63887)>: stderr >> [1m[31m       _
<UciProtocol (pid=63887)>: stderr >> |   _ | |
<UciProtocol (pid=63887)>: stderr >> |_ |_ |_|[0m v0.32.1+git.dirty built Nov 23 2025
<UciProtocol (pid=63887)>: stderr >> Search algorithm: classic
<UciProtocol (pid=63887)>: stderr >> Loading weights file from: data/engines/maia/maia-1900.pb.gz
<UciProtocol (pid=63885)>: stderr >> Initialized metal backend on device Apple M3 Pro
<UciProtocol (pid=63886)>: stderr >> Initialized metal backend on device Apple M3 Pro
<UciProtocol (pid=63887)>: stderr >> Initialized metal backend on device Apple M3 Pro
<UciProtocol (pid=63888)>: stderr >> [1m[31m       _
<UciProtocol (pid=63888)>: stderr >> |   _ | |
<UciProtocol (pid=63888)>: stderr >> |_ |_ |_|[0m v0.32.1+git.dirty built Nov 23 2025
<UciProtocol (pid=63888)>: stderr >> Search algorithm: classic
<UciProtocol (pid=63888)>: stderr >> Loading weights file from: data/engines/maia/maia-1500.pb.gz
<UciProtocol (pid=63888)>: stderr >> Initialized metal backend on device Apple M3 Pro
<UciProtocol (pid=63889)>: stderr >> [1m[31m       _
<UciProtocol (pid=63889)>: stderr >> |   _ | |
<UciProtocol (pid=63889)>: stderr >> |_ |_ |_|[0m v0.32.1+git.dirty built Nov 23 2025
<UciProtocol (pid=63889)>: stderr >> Search algorithm: classic
<UciProtocol (pid=63889)>: stderr >> Loading weights file from: data/engines/maia/maia-1900.pb.gz
<UciProtocol (pid=63890)>: stderr >> [1m[31m       _
<UciProtocol (pid=63890)>: stderr >> |   _ | |
<UciProtocol (pid=63890)>: stderr >> |_ |_ |_|[0m v0.32.1+git.dirty built Nov 23 2025
<UciProtocol (pid=63890)>: stderr >> Search algorithm: classic
<UciProtocol (pid=63890)>: stderr >> Loading weights file from: data/engines/maia/maia-1900.pb.gz
<UciProtocol (pid=63889)>: stderr >> Initialized metal backend on device Apple M3 Pro
<UciProtocol (pid=63890)>: stderr >> Initialized metal backend on device Apple M3 Pro
<UciProtocol (pid=63891)>: stderr >> [1m[31m       _
<UciProtocol (pid=63891)>: stderr >> |   _ | |
<UciProtocol (pid=63891)>: stderr >> |_ |_ |_|[0m v0.32.1+git.dirty built Nov 23 2025
<UciProtocol (pid=63891)>: stderr >> Search algorithm: classic
<UciProtocol (pid=63891)>: stderr >> Loading weights file from: data/engines/maia/maia-1900.pb.gz
<UciProtocol (pid=63891)>: stderr >> Initialized metal backend on device Apple M3 Pro
<UciProtocol (pid=63892)>: stderr >> [1m[31m       _
<UciProtocol (pid=63892)>: stderr >> |   _ | |
<UciProtocol (pid=63892)>: stderr >> |_ |_ |_|[0m v0.32.1+git.dirty built Nov 23 2025
<UciProtocol (pid=63892)>: stderr >> Search algorithm: classic
<UciProtocol (pid=63892)>: stderr >> Loading weights file from: data/engines/maia/maia-1500.pb.gz
<UciProtocol (pid=63892)>: stderr >> Initialized metal backend on device Apple M3 Pro
<UciProtocol (pid=63893)>: stderr >> [1m[31m       _
<UciProtocol (pid=63893)>: stderr >> |   _ | |
<UciProtocol (pid=63893)>: stderr >> |_ |_ |_|[0m v0.32.1+git.dirty built Nov 23 2025
<UciProtocol (pid=63893)>: stderr >> Search algorithm: classic
<UciProtocol (pid=63893)>: stderr >> Loading weights file from: data/engines/maia/maia-1900.pb.gz
<UciProtocol (pid=63893)>: stderr >> Initialized metal backend on device Apple M3 Pro
<UciProtocol (pid=63899)>: stderr >> [1m[31m       _
<UciProtocol (pid=63899)>: stderr >> |   _ | |
<UciProtocol (pid=63899)>: stderr >> |_ |_ |_|[0m v0.32.1+git.dirty built Nov 23 2025
<UciProtocol (pid=63899)>: stderr >> Search algorithm: classic
<UciProtocol (pid=63899)>: stderr >> Loading weights file from: data/engines/maia/maia-1900.pb.gz
<UciProtocol (pid=63899)>: stderr >> Initialized metal backend on device Apple M3 Pro
[daemon] shards 43  anchors 8,400  rows 850,765  (26,941/hr)  [1122s]
<UciProtocol (pid=64400)>: stderr >> [1m[31m       _
<UciProtocol (pid=64400)>: stderr >> |   _ | |
<UciProtocol (pid=64400)>: stderr >> |_ |_ |_|[0m v0.32.1+git.dirty built Nov 23 2025
<UciProtocol (pid=64400)>: stderr >> Search algorithm: classic
<UciProtocol (pid=64400)>: stderr >> Loading weights file from: data/engines/maia/maia-1100.pb.gz
<UciProtocol (pid=64400)>: stderr >> Initialized metal backend on device Apple M3 Pro
<UciProtocol (pid=64402)>: stderr >> [1m[31m       _
<UciProtocol (pid=64402)>: stderr >> |   _ | |
<UciProtocol (pid=64402)>: stderr >> |_ |_ |_|[0m v0.32.1+git.dirty built Nov 23 2025
<UciProtocol (pid=64402)>: stderr >> Search algorithm: classic
<UciProtocol (pid=64402)>: stderr >> Loading weights file from: data/engines/maia/maia-1100.pb.gz
<UciProtocol (pid=64402)>: stderr >> Initialized metal backend on device Apple M3 Pro
<UciProtocol (pid=64403)>: stderr >> [1m[31m       _
<UciProtocol (pid=64403)>: stderr >> |   _ | |
<UciProtocol (pid=64403)>: stderr >> |_ |_ |_|[0m v0.32.1+git.dirty built Nov 23 2025
<UciProtocol (pid=64403)>: stderr >> Search algorithm: classic
<UciProtocol (pid=64403)>: stderr >> Loading weights file from: data/engines/maia/maia-1100.pb.gz
<UciProtocol (pid=64403)>: stderr >> Initialized metal backend on device Apple M3 Pro
<UciProtocol (pid=64409)>: stderr >> [1m[31m       _
<UciProtocol (pid=64409)>: stderr >> |   _ | |
<UciProtocol (pid=64409)>: stderr >> |_ |_ |_|[0m v0.32.1+git.dirty built Nov 23 2025
<UciProtocol (pid=64409)>: stderr >> Search algorithm: classic
<UciProtocol (pid=64409)>: stderr >> Loading weights file from: data/engines/maia/maia-1100.pb.gz
<UciProtocol (pid=64410)>: stderr >> [1m[31m       _
<UciProtocol (pid=64410)>: stderr >> |   _ | |
<UciProtocol (pid=64410)>: stderr >> |_ |_ |_|[0m v0.32.1+git.dirty built Nov 23 2025
<UciProtocol (pid=64410)>: stderr >> Search algorithm: classic
<UciProtocol (pid=64410)>: stderr >> Loading weights file from: data/engines/maia/maia-1500.pb.gz
<UciProtocol (pid=64411)>: stderr >> [1m[31m       _
<UciProtocol (pid=64411)>: stderr >> |   _ | |
<UciProtocol (pid=64411)>: stderr >> |_ |_ |_|[0m v0.32.1+git.dirty built Nov 23 2025
<UciProtocol (pid=64411)>: stderr >> Search algorithm: classic
<UciProtocol (pid=64411)>: stderr >> Loading weights file from: data/engines/maia/maia-1100.pb.gz
<UciProtocol (pid=64412)>: stderr >> [1m[31m       _
<UciProtocol (pid=64412)>: stderr >> |   _ | |
<UciProtocol (pid=64412)>: stderr >> |_ |_ |_|[0m v0.32.1+git.dirty built Nov 23 2025
<UciProtocol (pid=64412)>: stderr >> Search algorithm: classic
<UciProtocol (pid=64412)>: stderr >> Loading weights file from: data/engines/maia/maia-1500.pb.gz
<UciProtocol (pid=64409)>: stderr >> Initialized metal backend on device Apple M3 Pro
<UciProtocol (pid=64410)>: stderr >> Initialized metal backend on device Apple M3 Pro
<UciProtocol (pid=64413)>: stderr >> [1m[31m       _
<UciProtocol (pid=64413)>: stderr >> |   _ | |
<UciProtocol (pid=64413)>: stderr >> |_ |_ |_|[0m v0.32.1+git.dirty built Nov 23 2025
<UciProtocol (pid=64413)>: stderr >> Search algorithm: classic
<UciProtocol (pid=64412)>: stderr >> Initialized metal backend on device Apple M3 Pro
<UciProtocol (pid=64411)>: stderr >> Initialized metal backend on device Apple M3 Pro
<UciProtocol (pid=64413)>: stderr >> Loading weights file from: data/engines/maia/maia-1100.pb.gz
<UciProtocol (pid=64414)>: stderr >> [1m[31m       _
<UciProtocol (pid=64413)>: stderr >> Initialized metal backend on device Apple M3 Pro
<UciProtocol (pid=64414)>: stderr >> |   _ | |
<UciProtocol (pid=64414)>: stderr >> |_ |_ |_|[0m v0.32.1+git.dirty built Nov 23 2025
<UciProtocol (pid=64414)>: stderr >> Search algorithm: classic
<UciProtocol (pid=64414)>: stderr >> Loading weights file from: data/engines/maia/maia-1100.pb.gz
<UciProtocol (pid=64414)>: stderr >> Initialized metal backend on device Apple M3 Pro
<UciProtocol (pid=64415)>: stderr >> [1m[31m       _
<UciProtocol (pid=64415)>: stderr >> |   _ | |
<UciProtocol (pid=64415)>: stderr >> |_ |_ |_|[0m v0.32.1+git.dirty built Nov 23 2025
<UciProtocol (pid=64415)>: stderr >> Search algorithm: classic
<UciProtocol (pid=64415)>: stderr >> Loading weights file from: data/engines/maia/maia-1500.pb.gz
<UciProtocol (pid=64416)>: stderr >> [1m[31m       _
<UciProtocol (pid=64416)>: stderr >> |   _ | |
<UciProtocol (pid=64416)>: stderr >> |_ |_ |_|[0m v0.32.1+git.dirty built Nov 23 2025
<UciProtocol (pid=64416)>: stderr >> Search algorithm: classic
<UciProtocol (pid=64416)>: stderr >> Loading weights file from: data/engines/maia/maia-1500.pb.gz
<UciProtocol (pid=64415)>: stderr >> Initialized metal backend on device Apple M3 Pro
<UciProtocol (pid=64416)>: stderr >> Initialized metal backend on device Apple M3 Pro
<UciProtocol (pid=64417)>: stderr >> [1m[31m       _
<UciProtocol (pid=64417)>: stderr >> |   _ | |
<UciProtocol (pid=64417)>: stderr >> |_ |_ |_|[0m v0.32.1+git.dirty built Nov 23 2025
<UciProtocol (pid=64417)>: stderr >> Search algorithm: classic
<UciProtocol (pid=64417)>: stderr >> Loading weights file from: data/engines/maia/maia-1900.pb.gz
<UciProtocol (pid=64417)>: stderr >> Initialized metal backend on device Apple M3 Pro
<UciProtocol (pid=64418)>: stderr >> [1m[31m       _
<UciProtocol (pid=64418)>: stderr >> |   _ | |
<UciProtocol (pid=64418)>: stderr >> |_ |_ |_|[0m v0.32.1+git.dirty built Nov 23 2025
<UciProtocol (pid=64418)>: stderr >> Search algorithm: classic
<UciProtocol (pid=64418)>: stderr >> Loading weights file from: data/engines/maia/maia-1500.pb.gz
<UciProtocol (pid=64419)>: stderr >> [1m[31m       _
<UciProtocol (pid=64419)>: stderr >> |   _ | |
<UciProtocol (pid=64419)>: stderr >> |_ |_ |_|[0m v0.32.1+git.dirty built Nov 23 2025
<UciProtocol (pid=64419)>: stderr >> Search algorithm: classic
<UciProtocol (pid=64419)>: stderr >> Loading weights file from: data/engines/maia/maia-1900.pb.gz
<UciProtocol (pid=64418)>: stderr >> Initialized metal backend on device Apple M3 Pro
<UciProtocol (pid=64420)>: stderr >> [1m[31m       _
<UciProtocol (pid=64420)>: stderr >> |   _ | |
<UciProtocol (pid=64419)>: stderr >> Initialized metal backend on device Apple M3 Pro
<UciProtocol (pid=64420)>: stderr >> |_ |_ |_|[0m v0.32.1+git.dirty built Nov 23 2025
<UciProtocol (pid=64420)>: stderr >> Search algorithm: classic
<UciProtocol (pid=64420)>: stderr >> Loading weights file from: data/engines/maia/maia-1500.pb.gz
<UciProtocol (pid=64421)>: stderr >> [1m[31m       _
<UciProtocol (pid=64421)>: stderr >> |   _ | |
<UciProtocol (pid=64421)>: stderr >> |_ |_ |_|[0m v0.32.1+git.dirty built Nov 23 2025
<UciProtocol (pid=64421)>: stderr >> Search algorithm: classic
<UciProtocol (pid=64421)>: stderr >> Loading weights file from: data/engines/maia/maia-1500.pb.gz
<UciProtocol (pid=64420)>: stderr >> Initialized metal backend on device Apple M3 Pro
<UciProtocol (pid=64421)>: stderr >> Initialized metal backend on device Apple M3 Pro
<UciProtocol (pid=64422)>: stderr >> [1m[31m       _
<UciProtocol (pid=64422)>: stderr >> |   _ | |
<UciProtocol (pid=64422)>: stderr >> |_ |_ |_|[0m v0.32.1+git.dirty built Nov 23 2025
<UciProtocol (pid=64422)>: stderr >> Search algorithm: classic
<UciProtocol (pid=64423)>: stderr >> [1m[31m       _
<UciProtocol (pid=64423)>: stderr >> |   _ | |
<UciProtocol (pid=64423)>: stderr >> |_ |_ |_|[0m v0.32.1+git.dirty built Nov 23 2025
<UciProtocol (pid=64422)>: stderr >> Loading weights file from: data/engines/maia/maia-1900.pb.gz
<UciProtocol (pid=64423)>: stderr >> Search algorithm: classic
<UciProtocol (pid=64423)>: stderr >> Loading weights file from: data/engines/maia/maia-1900.pb.gz
<UciProtocol (pid=64422)>: stderr >> Initialized metal backend on device Apple M3 Pro
<UciProtocol (pid=64423)>: stderr >> Initialized metal backend on device Apple M3 Pro
<UciProtocol (pid=64424)>: stderr >> [1m[31m       _
<UciProtocol (pid=64424)>: stderr >> |   _ | |
<UciProtocol (pid=64424)>: stderr >> |_ |_ |_|[0m v0.32.1+git.dirty built Nov 23 2025
<UciProtocol (pid=64424)>: stderr >> Search algorithm: classic
<UciProtocol (pid=64424)>: stderr >> Loading weights file from: data/engines/maia/maia-1900.pb.gz
<UciProtocol (pid=64425)>: stderr >> [1m[31m       _
<UciProtocol (pid=64425)>: stderr >> |   _ | |
<UciProtocol (pid=64425)>: stderr >> |_ |_ |_|[0m v0.32.1+git.dirty built Nov 23 2025
<UciProtocol (pid=64425)>: stderr >> Search algorithm: classic
<UciProtocol (pid=64425)>: stderr >> Loading weights file from: data/engines/maia/maia-1900.pb.gz
<UciProtocol (pid=64426)>: stderr >> [1m[31m       _
<UciProtocol (pid=64426)>: stderr >> |   _ | |
<UciProtocol (pid=64426)>: stderr >> |_ |_ |_|[0m v0.32.1+git.dirty built Nov 23 2025
<UciProtocol (pid=64426)>: stderr >> Search algorithm: classic
<UciProtocol (pid=64426)>: stderr >> Loading weights file from: data/engines/maia/maia-1900.pb.gz
<UciProtocol (pid=64424)>: stderr >> Initialized metal backend on device Apple M3 Pro
<UciProtocol (pid=64425)>: stderr >> Initialized metal backend on device Apple M3 Pro
<UciProtocol (pid=64426)>: stderr >> Initialized metal backend on device Apple M3 Pro
[daemon] shards 50  anchors 9,800  rows 992,811  (26,865/hr)  [1313s]
<UciProtocol (pid=64966)>: stderr >> [1m[31m       _
<UciProtocol (pid=64966)>: stderr >> |   _ | |
<UciProtocol (pid=64966)>: stderr >> |_ |_ |_|[0m v0.32.1+git.dirty built Nov 23 2025
<UciProtocol (pid=64966)>: stderr >> Search algorithm: classic
<UciProtocol (pid=64966)>: stderr >> Loading weights file from: data/engines/maia/maia-1100.pb.gz
<UciProtocol (pid=64967)>: stderr >> [1m[31m       _
<UciProtocol (pid=64967)>: stderr >> |   _ | |
<UciProtocol (pid=64967)>: stderr >> |_ |_ |_|[0m v0.32.1+git.dirty built Nov 23 2025
<UciProtocol (pid=64967)>: stderr >> Search algorithm: classic
<UciProtocol (pid=64967)>: stderr >> Loading weights file from: data/engines/maia/maia-1100.pb.gz
<UciProtocol (pid=64966)>: stderr >> Initialized metal backend on device Apple M3 Pro
<UciProtocol (pid=64967)>: stderr >> Initialized metal backend on device Apple M3 Pro
<UciProtocol (pid=64968)>: stderr >> [1m[31m       _
<UciProtocol (pid=64968)>: stderr >> |   _ | |
<UciProtocol (pid=64968)>: stderr >> |_ |_ |_|[0m v0.32.1+git.dirty built Nov 23 2025
<UciProtocol (pid=64968)>: stderr >> Search algorithm: classic
<UciProtocol (pid=64968)>: stderr >> Loading weights file from: data/engines/maia/maia-1100.pb.gz
<UciProtocol (pid=64968)>: stderr >> Initialized metal backend on device Apple M3 Pro
<UciProtocol (pid=64972)>: stderr >> [1m[31m       _
<UciProtocol (pid=64972)>: stderr >> |   _ | |
<UciProtocol (pid=64972)>: stderr >> |_ |_ |_|[0m v0.32.1+git.dirty built Nov 23 2025
<UciProtocol (pid=64972)>: stderr >> Search algorithm: classic
<UciProtocol (pid=64972)>: stderr >> Loading weights file from: data/engines/maia/maia-1100.pb.gz
<UciProtocol (pid=64975)>: stderr >> [1m[31m       _
<UciProtocol (pid=64975)>: stderr >> |   _ | |
<UciProtocol (pid=64975)>: stderr >> |_ |_ |_|[0m v0.32.1+git.dirty built Nov 23 2025
<UciProtocol (pid=64975)>: stderr >> Search algorithm: classic
<UciProtocol (pid=64974)>: stderr >> [1m[31m       _
<UciProtocol (pid=64974)>: stderr >> |   _ | |
<UciProtocol (pid=64974)>: stderr >> |_ |_ |_|[0m v0.32.1+git.dirty built Nov 23 2025
<UciProtocol (pid=64975)>: stderr >> Loading weights file from: data/engines/maia/maia-1500.pb.gz
<UciProtocol (pid=64973)>: stderr >> [1m[31m       _
<UciProtocol (pid=64973)>: stderr >> |   _ | |
<UciProtocol (pid=64973)>: stderr >> |_ |_ |_|[0m v0.32.1+git.dirty built Nov 23 2025
<UciProtocol (pid=64974)>: stderr >> Search algorithm: classic
<UciProtocol (pid=64973)>: stderr >> Search algorithm: classic
<UciProtocol (pid=64974)>: stderr >> Loading weights file from: data/engines/maia/maia-1100.pb.gz
<UciProtocol (pid=64973)>: stderr >> Loading weights file from: data/engines/maia/maia-1500.pb.gz
<UciProtocol (pid=64972)>: stderr >> Initialized metal backend on device Apple M3 Pro
<UciProtocol (pid=64975)>: stderr >> Initialized metal backend on device Apple M3 Pro
<UciProtocol (pid=64973)>: stderr >> Initialized metal backend on device Apple M3 Pro
<UciProtocol (pid=64974)>: stderr >> Initialized metal backend on device Apple M3 Pro
<UciProtocol (pid=64981)>: stderr >> [1m[31m       _
<UciProtocol (pid=64981)>: stderr >> |   _ | |
<UciProtocol (pid=64981)>: stderr >> |_ |_ |_|[0m v0.32.1+git.dirty built Nov 23 2025
<UciProtocol (pid=64981)>: stderr >> Search algorithm: classic
<UciProtocol (pid=64981)>: stderr >> Loading weights file from: data/engines/maia/maia-1500.pb.gz
<UciProtocol (pid=64981)>: stderr >> Initialized metal backend on device Apple M3 Pro
<UciProtocol (pid=64982)>: stderr >> [1m[31m       _
<UciProtocol (pid=64982)>: stderr >> |   _ | |
<UciProtocol (pid=64982)>: stderr >> |_ |_ |_|[0m v0.32.1+git.dirty built Nov 23 2025
<UciProtocol (pid=64982)>: stderr >> Search algorithm: classic
<UciProtocol (pid=64982)>: stderr >> Loading weights file from: data/engines/maia/maia-1100.pb.gz
<UciProtocol (pid=64982)>: stderr >> Initialized metal backend on device Apple M3 Pro
<UciProtocol (pid=64983)>: stderr >> [1m[31m       _
<UciProtocol (pid=64983)>: stderr >> |   _ | |
<UciProtocol (pid=64983)>: stderr >> |_ |_ |_|[0m v0.32.1+git.dirty built Nov 23 2025
<UciProtocol (pid=64983)>: stderr >> Search algorithm: classic
<UciProtocol (pid=64983)>: stderr >> Loading weights file from: data/engines/maia/maia-1500.pb.gz
<UciProtocol (pid=64984)>: stderr >> [1m[31m       _
<UciProtocol (pid=64984)>: stderr >> |   _ | |
<UciProtocol (pid=64984)>: stderr >> |_ |_ |_|[0m v0.32.1+git.dirty built Nov 23 2025
<UciProtocol (pid=64984)>: stderr >> Search algorithm: classic
<UciProtocol (pid=64984)>: stderr >> Loading weights file from: data/engines/maia/maia-1900.pb.gz
<UciProtocol (pid=64983)>: stderr >> Initialized metal backend on device Apple M3 Pro
<UciProtocol (pid=64984)>: stderr >> Initialized metal backend on device Apple M3 Pro
<UciProtocol (pid=64985)>: stderr >> [1m[31m       _
<UciProtocol (pid=64985)>: stderr >> |   _ | |
<UciProtocol (pid=64985)>: stderr >> |_ |_ |_|[0m v0.32.1+git.dirty built Nov 23 2025
<UciProtocol (pid=64985)>: stderr >> Search algorithm: classic
<UciProtocol (pid=64985)>: stderr >> Loading weights file from: data/engines/maia/maia-1500.pb.gz
<UciProtocol (pid=64986)>: stderr >> [1m[31m       _
<UciProtocol (pid=64986)>: stderr >> |   _ | |
<UciProtocol (pid=64986)>: stderr >> |_ |_ |_|[0m v0.32.1+git.dirty built Nov 23 2025
<UciProtocol (pid=64986)>: stderr >> Search algorithm: classic
<UciProtocol (pid=64987)>: stderr >> [1m[31m       _
<UciProtocol (pid=64987)>: stderr >> |   _ | |
<UciProtocol (pid=64987)>: stderr >> |_ |_ |_|[0m v0.32.1+git.dirty built Nov 23 2025
<UciProtocol (pid=64986)>: stderr >> Loading weights file from: data/engines/maia/maia-1900.pb.gz
<UciProtocol (pid=64987)>: stderr >> Search algorithm: classic
<UciProtocol (pid=64987)>: stderr >> Loading weights file from: data/engines/maia/maia-1100.pb.gz
<UciProtocol (pid=64988)>: stderr >> [1m[31m       _
<UciProtocol (pid=64988)>: stderr >> |   _ | |
<UciProtocol (pid=64988)>: stderr >> |_ |_ |_|[0m v0.32.1+git.dirty built Nov 23 2025
<UciProtocol (pid=64988)>: stderr >> Search algorithm: classic
<UciProtocol (pid=64988)>: stderr >> Loading weights file from: data/engines/maia/maia-1900.pb.gz
<UciProtocol (pid=64985)>: stderr >> Initialized metal backend on device Apple M3 Pro
<UciProtocol (pid=64986)>: stderr >> Initialized metal backend on device Apple M3 Pro
<UciProtocol (pid=64987)>: stderr >> Initialized metal backend on device Apple M3 Pro
<UciProtocol (pid=64988)>: stderr >> Initialized metal backend on device Apple M3 Pro
<UciProtocol (pid=64989)>: stderr >> [1m[31m       _
<UciProtocol (pid=64989)>: stderr >> |   _ | |
<UciProtocol (pid=64989)>: stderr >> |_ |_ |_|[0m v0.32.1+git.dirty built Nov 23 2025
<UciProtocol (pid=64989)>: stderr >> Search algorithm: classic
<UciProtocol (pid=64989)>: stderr >> Loading weights file from: data/engines/maia/maia-1500.pb.gz
<UciProtocol (pid=64989)>: stderr >> Initialized metal backend on device Apple M3 Pro
<UciProtocol (pid=64990)>: stderr >> [1m[31m       _
<UciProtocol (pid=64990)>: stderr >> |   _ | |
<UciProtocol (pid=64990)>: stderr >> |_ |_ |_|[0m v0.32.1+git.dirty built Nov 23 2025
<UciProtocol (pid=64990)>: stderr >> Search algorithm: classic
<UciProtocol (pid=64990)>: stderr >> Loading weights file from: data/engines/maia/maia-1900.pb.gz
<UciProtocol (pid=64990)>: stderr >> Initialized metal backend on device Apple M3 Pro
<UciProtocol (pid=64991)>: stderr >> [1m[31m       _
<UciProtocol (pid=64991)>: stderr >> |   _ | |
<UciProtocol (pid=64991)>: stderr >> |_ |_ |_|[0m v0.32.1+git.dirty built Nov 23 2025
<UciProtocol (pid=64991)>: stderr >> Search algorithm: classic
<UciProtocol (pid=64991)>: stderr >> Loading weights file from: data/engines/maia/maia-1900.pb.gz
<UciProtocol (pid=64992)>: stderr >> [1m[31m       _
<UciProtocol (pid=64992)>: stderr >> |   _ | |
<UciProtocol (pid=64992)>: stderr >> |_ |_ |_|[0m v0.32.1+git.dirty built Nov 23 2025
<UciProtocol (pid=64992)>: stderr >> Search algorithm: classic
<UciProtocol (pid=64992)>: stderr >> Loading weights file from: data/engines/maia/maia-1500.pb.gz
<UciProtocol (pid=64991)>: stderr >> Initialized metal backend on device Apple M3 Pro
<UciProtocol (pid=64992)>: stderr >> Initialized metal backend on device Apple M3 Pro
<UciProtocol (pid=64993)>: stderr >> [1m[31m       _
<UciProtocol (pid=64993)>: stderr >> |   _ | |
<UciProtocol (pid=64993)>: stderr >> |_ |_ |_|[0m v0.32.1+git.dirty built Nov 23 2025
<UciProtocol (pid=64993)>: stderr >> Search algorithm: classic
<UciProtocol (pid=64993)>: stderr >> Loading weights file from: data/engines/maia/maia-1900.pb.gz
<UciProtocol (pid=64993)>: stderr >> Initialized metal backend on device Apple M3 Pro
<UciProtocol (pid=64994)>: stderr >> [1m[31m       _
<UciProtocol (pid=64994)>: stderr >> |   _ | |
<UciProtocol (pid=64994)>: stderr >> |_ |_ |_|[0m v0.32.1+git.dirty built Nov 23 2025
<UciProtocol (pid=64994)>: stderr >> Search algorithm: classic
<UciProtocol (pid=64994)>: stderr >> Loading weights file from: data/engines/maia/maia-1900.pb.gz
<UciProtocol (pid=64994)>: stderr >> Initialized metal backend on device Apple M3 Pro
[daemon] shards 57  anchors 11,200  rows 1,134,396  (27,004/hr)  [1493s]
<UciProtocol (pid=65489)>: stderr >> [1m[31m       _
<UciProtocol (pid=65489)>: stderr >> |   _ | |
<UciProtocol (pid=65489)>: stderr >> |_ |_ |_|[0m v0.32.1+git.dirty built Nov 23 2025
<UciProtocol (pid=65489)>: stderr >> Search algorithm: classic
<UciProtocol (pid=65488)>: stderr >> [1m[31m       _
<UciProtocol (pid=65488)>: stderr >> |   _ | |
<UciProtocol (pid=65488)>: stderr >> |_ |_ |_|[0m v0.32.1+git.dirty built Nov 23 2025
<UciProtocol (pid=65489)>: stderr >> Loading weights file from: data/engines/maia/maia-1100.pb.gz
<UciProtocol (pid=65488)>: stderr >> Search algorithm: classic
<UciProtocol (pid=65488)>: stderr >> Loading weights file from: data/engines/maia/maia-1100.pb.gz
<UciProtocol (pid=65490)>: stderr >> [1m[31m       _
<UciProtocol (pid=65490)>: stderr >> |   _ | |
<UciProtocol (pid=65490)>: stderr >> |_ |_ |_|[0m v0.32.1+git.dirty built Nov 23 2025
<UciProtocol (pid=65490)>: stderr >> Search algorithm: classic
<UciProtocol (pid=65490)>: stderr >> Loading weights file from: data/engines/maia/maia-1100.pb.gz
<UciProtocol (pid=65490)>: stderr >> Initialized metal backend on device Apple M3 Pro
<UciProtocol (pid=65488)>: stderr >> Initialized metal backend on device Apple M3 Pro
<UciProtocol (pid=65489)>: stderr >> Initialized metal backend on device Apple M3 Pro
<UciProtocol (pid=65491)>: stderr >> [1m[31m       _
<UciProtocol (pid=65491)>: stderr >> |   _ | |
<UciProtocol (pid=65491)>: stderr >> |_ |_ |_|[0m v0.32.1+git.dirty built Nov 23 2025
<UciProtocol (pid=65491)>: stderr >> Search algorithm: classic
<UciProtocol (pid=65491)>: stderr >> Loading weights file from: data/engines/maia/maia-1100.pb.gz
<UciProtocol (pid=65491)>: stderr >> Initialized metal backend on device Apple M3 Pro
<UciProtocol (pid=65497)>: stderr >> [1m[31m       _
<UciProtocol (pid=65497)>: stderr >> |   _ | |
<UciProtocol (pid=65497)>: stderr >> |_ |_ |_|[0m v0.32.1+git.dirty built Nov 23 2025
<UciProtocol (pid=65497)>: stderr >> Search algorithm: classic
<UciProtocol (pid=65497)>: stderr >> Loading weights file from: data/engines/maia/maia-1100.pb.gz
<UciProtocol (pid=65497)>: stderr >> Initialized metal backend on device Apple M3 Pro
<UciProtocol (pid=65498)>: stderr >> [1m[31m       _
<UciProtocol (pid=65498)>: stderr >> |   _ | |
<UciProtocol (pid=65498)>: stderr >> |_ |_ |_|[0m v0.32.1+git.dirty built Nov 23 2025
<UciProtocol (pid=65499)>: stderr >> [1m[31m       _
<UciProtocol (pid=65499)>: stderr >> |   _ | |
<UciProtocol (pid=65499)>: stderr >> |_ |_ |_|[0m v0.32.1+git.dirty built Nov 23 2025
<UciProtocol (pid=65499)>: stderr >> Search algorithm: classic
<UciProtocol (pid=65498)>: stderr >> Search algorithm: classic
<UciProtocol (pid=65499)>: stderr >> Loading weights file from: data/engines/maia/maia-1500.pb.gz
<UciProtocol (pid=65500)>: stderr >> [1m[31m       _
<UciProtocol (pid=65500)>: stderr >> |   _ | |
<UciProtocol (pid=65500)>: stderr >> |_ |_ |_|[0m v0.32.1+git.dirty built Nov 23 2025
<UciProtocol (pid=65498)>: stderr >> Loading weights file from: data/engines/maia/maia-1100.pb.gz
<UciProtocol (pid=65500)>: stderr >> Search algorithm: classic
<UciProtocol (pid=65500)>: stderr >> Loading weights file from: data/engines/maia/maia-1500.pb.gz
<UciProtocol (pid=65499)>: stderr >> Initialized metal backend on device Apple M3 Pro
<UciProtocol (pid=65500)>: stderr >> Initialized metal backend on device Apple M3 Pro
<UciProtocol (pid=65498)>: stderr >> Initialized metal backend on device Apple M3 Pro
<UciProtocol (pid=65501)>: stderr >> [1m[31m       _
<UciProtocol (pid=65501)>: stderr >> |   _ | |
<UciProtocol (pid=65501)>: stderr >> |_ |_ |_|[0m v0.32.1+git.dirty built Nov 23 2025
<UciProtocol (pid=65501)>: stderr >> Search algorithm: classic
<UciProtocol (pid=65502)>: stderr >> [1m[31m       _
<UciProtocol (pid=65502)>: stderr >> |   _ | |
<UciProtocol (pid=65502)>: stderr >> |_ |_ |_|[0m v0.32.1+git.dirty built Nov 23 2025
<UciProtocol (pid=65501)>: stderr >> Loading weights file from: data/engines/maia/maia-1500.pb.gz
<UciProtocol (pid=65503)>: stderr >> [1m[31m       _
<UciProtocol (pid=65503)>: stderr >> |   _ | |
<UciProtocol (pid=65503)>: stderr >> |_ |_ |_|[0m v0.32.1+git.dirty built Nov 23 2025
<UciProtocol (pid=65503)>: stderr >> Search algorithm: classic
<UciProtocol (pid=65503)>: stderr >> Loading weights file from: data/engines/maia/maia-1500.pb.gz
<UciProtocol (pid=65502)>: stderr >> Search algorithm: classic
<UciProtocol (pid=65502)>: stderr >> Loading weights file from: data/engines/maia/maia-1100.pb.gz
<UciProtocol (pid=65503)>: stderr >> Initialized metal backend on device Apple M3 Pro
<UciProtocol (pid=65501)>: stderr >> Initialized metal backend on device Apple M3 Pro
<UciProtocol (pid=65502)>: stderr >> Initialized metal backend on device Apple M3 Pro
<UciProtocol (pid=65504)>: stderr >> [1m[31m       _
<UciProtocol (pid=65504)>: stderr >> |   _ | |
<UciProtocol (pid=65504)>: stderr >> |_ |_ |_|[0m v0.32.1+git.dirty built Nov 23 2025
<UciProtocol (pid=65504)>: stderr >> Search algorithm: classic
<UciProtocol (pid=65504)>: stderr >> Loading weights file from: data/engines/maia/maia-1500.pb.gz
<UciProtocol (pid=65504)>: stderr >> Initialized metal backend on device Apple M3 Pro
<UciProtocol (pid=65505)>: stderr >> [1m[31m       _
<UciProtocol (pid=65505)>: stderr >> |   _ | |
<UciProtocol (pid=65505)>: stderr >> |_ |_ |_|[0m v0.32.1+git.dirty built Nov 23 2025
<UciProtocol (pid=65505)>: stderr >> Search algorithm: classic
<UciProtocol (pid=65505)>: stderr >> Loading weights file from: data/engines/maia/maia-1900.pb.gz
<UciProtocol (pid=65506)>: stderr >> [1m[31m       _
<UciProtocol (pid=65506)>: stderr >> |   _ | |
<UciProtocol (pid=65506)>: stderr >> |_ |_ |_|[0m v0.32.1+git.dirty built Nov 23 2025
<UciProtocol (pid=65506)>: stderr >> Search algorithm: classic
<UciProtocol (pid=65506)>: stderr >> Loading weights file from: data/engines/maia/maia-1500.pb.gz
<UciProtocol (pid=65505)>: stderr >> Initialized metal backend on device Apple M3 Pro
<UciProtocol (pid=65506)>: stderr >> Initialized metal backend on device Apple M3 Pro
<UciProtocol (pid=65507)>: stderr >> [1m[31m       _
<UciProtocol (pid=65507)>: stderr >> |   _ | |
<UciProtocol (pid=65507)>: stderr >> |_ |_ |_|[0m v0.32.1+git.dirty built Nov 23 2025
<UciProtocol (pid=65507)>: stderr >> Search algorithm: classic
<UciProtocol (pid=65507)>: stderr >> Loading weights file from: data/engines/maia/maia-1900.pb.gz
<UciProtocol (pid=65508)>: stderr >> [1m[31m       _
<UciProtocol (pid=65508)>: stderr >> |   _ | |
<UciProtocol (pid=65508)>: stderr >> |_ |_ |_|[0m v0.32.1+git.dirty built Nov 23 2025
<UciProtocol (pid=65508)>: stderr >> Search algorithm: classic
<UciProtocol (pid=65508)>: stderr >> Loading weights file from: data/engines/maia/maia-1900.pb.gz
<UciProtocol (pid=65509)>: stderr >> [1m[31m       _
<UciProtocol (pid=65509)>: stderr >> |   _ | |
<UciProtocol (pid=65509)>: stderr >> |_ |_ |_|[0m v0.32.1+git.dirty built Nov 23 2025
<UciProtocol (pid=65509)>: stderr >> Search algorithm: classic
<UciProtocol (pid=65509)>: stderr >> Loading weights file from: data/engines/maia/maia-1900.pb.gz
<UciProtocol (pid=65510)>: stderr >> [1m[31m       _
<UciProtocol (pid=65510)>: stderr >> |   _ | |
<UciProtocol (pid=65510)>: stderr >> |_ |_ |_|[0m v0.32.1+git.dirty built Nov 23 2025
<UciProtocol (pid=65510)>: stderr >> Search algorithm: classic
<UciProtocol (pid=65510)>: stderr >> Loading weights file from: data/engines/maia/maia-1500.pb.gz
<UciProtocol (pid=65507)>: stderr >> Initialized metal backend on device Apple M3 Pro
<UciProtocol (pid=65508)>: stderr >> Initialized metal backend on device Apple M3 Pro
<UciProtocol (pid=65509)>: stderr >> Initialized metal backend on device Apple M3 Pro
<UciProtocol (pid=65510)>: stderr >> Initialized metal backend on device Apple M3 Pro
<UciProtocol (pid=65511)>: stderr >> [1m[31m       _
<UciProtocol (pid=65511)>: stderr >> |   _ | |
<UciProtocol (pid=65511)>: stderr >> |_ |_ |_|[0m v0.32.1+git.dirty built Nov 23 2025
<UciProtocol (pid=65511)>: stderr >> Search algorithm: classic
<UciProtocol (pid=65511)>: stderr >> Loading weights file from: data/engines/maia/maia-1900.pb.gz
<UciProtocol (pid=65511)>: stderr >> Initialized metal backend on device Apple M3 Pro
<UciProtocol (pid=65512)>: stderr >> [1m[31m       _
<UciProtocol (pid=65512)>: stderr >> |   _ | |
<UciProtocol (pid=65512)>: stderr >> |_ |_ |_|[0m v0.32.1+git.dirty built Nov 23 2025
<UciProtocol (pid=65512)>: stderr >> Search algorithm: classic
<UciProtocol (pid=65512)>: stderr >> Loading weights file from: data/engines/maia/maia-1900.pb.gz
<UciProtocol (pid=65512)>: stderr >> Initialized metal backend on device Apple M3 Pro
<UciProtocol (pid=65513)>: stderr >> [1m[31m       _
<UciProtocol (pid=65513)>: stderr >> |   _ | |
<UciProtocol (pid=65513)>: stderr >> |_ |_ |_|[0m v0.32.1+git.dirty built Nov 23 2025
<UciProtocol (pid=65513)>: stderr >> Search algorithm: classic
<UciProtocol (pid=65513)>: stderr >> Loading weights file from: data/engines/maia/maia-1900.pb.gz
<UciProtocol (pid=65513)>: stderr >> Initialized metal backend on device Apple M3 Pro
[daemon] shards 64  anchors 12,600  rows 1,276,045  (27,125/hr)  [1672s]
<UciProtocol (pid=66015)>: stderr >> [1m[31m       _
<UciProtocol (pid=66015)>: stderr >> |   _ | |
<UciProtocol (pid=66015)>: stderr >> |_ |_ |_|[0m v0.32.1+git.dirty built Nov 23 2025
<UciProtocol (pid=66015)>: stderr >> Search algorithm: classic
<UciProtocol (pid=66015)>: stderr >> Loading weights file from: data/engines/maia/maia-1100.pb.gz
<UciProtocol (pid=66015)>: stderr >> Initialized metal backend on device Apple M3 Pro
<UciProtocol (pid=66017)>: stderr >> [1m[31m       _
<UciProtocol (pid=66016)>: stderr >> [1m[31m       _
<UciProtocol (pid=66017)>: stderr >> |   _ | |
<UciProtocol (pid=66016)>: stderr >> |   _ | |
<UciProtocol (pid=66017)>: stderr >> |_ |_ |_|[0m v0.32.1+git.dirty built Nov 23 2025
<UciProtocol (pid=66016)>: stderr >> |_ |_ |_|[0m v0.32.1+git.dirty built Nov 23 2025
<UciProtocol (pid=66017)>: stderr >> Search algorithm: classic
<UciProtocol (pid=66016)>: stderr >> Search algorithm: classic
<UciProtocol (pid=66017)>: stderr >> Loading weights file from: data/engines/maia/maia-1100.pb.gz
<UciProtocol (pid=66016)>: stderr >> Loading weights file from: data/engines/maia/maia-1100.pb.gz
<UciProtocol (pid=66016)>: stderr >> Initialized metal backend on device Apple M3 Pro
<UciProtocol (pid=66017)>: stderr >> Initialized metal backend on device Apple M3 Pro
<UciProtocol (pid=66019)>: stderr >> [1m[31m       _
<UciProtocol (pid=66019)>: stderr >> |   _ | |
<UciProtocol (pid=66019)>: stderr >> |_ |_ |_|[0m v0.32.1+git.dirty built Nov 23 2025
<UciProtocol (pid=66019)>: stderr >> Search algorithm: classic
<UciProtocol (pid=66019)>: stderr >> Loading weights file from: data/engines/maia/maia-1500.pb.gz
<UciProtocol (pid=66019)>: stderr >> Initialized metal backend on device Apple M3 Pro
<UciProtocol (pid=66021)>: stderr >> [1m[31m       _
<UciProtocol (pid=66021)>: stderr >> |   _ | |
<UciProtocol (pid=66021)>: stderr >> |_ |_ |_|[0m v0.32.1+git.dirty built Nov 23 2025
<UciProtocol (pid=66021)>: stderr >> Search algorithm: classic
<UciProtocol (pid=66021)>: stderr >> Loading weights file from: data/engines/maia/maia-1100.pb.gz
<UciProtocol (pid=66022)>: stderr >> [1m[31m       _
<UciProtocol (pid=66022)>: stderr >> |   _ | |
<UciProtocol (pid=66022)>: stderr >> |_ |_ |_|[0m v0.32.1+git.dirty built Nov 23 2025
<UciProtocol (pid=66022)>: stderr >> Search algorithm: classic
<UciProtocol (pid=66022)>: stderr >> Loading weights file from: data/engines/maia/maia-1100.pb.gz
<UciProtocol (pid=66022)>: stderr >> Initialized metal backend on device Apple M3 Pro
<UciProtocol (pid=66021)>: stderr >> Initialized metal backend on device Apple M3 Pro
<UciProtocol (pid=66023)>: stderr >> [1m[31m       _
<UciProtocol (pid=66023)>: stderr >> |   _ | |
<UciProtocol (pid=66023)>: stderr >> |_ |_ |_|[0m v0.32.1+git.dirty built Nov 23 2025
<UciProtocol (pid=66023)>: stderr >> Search algorithm: classic
<UciProtocol (pid=66023)>: stderr >> Loading weights file from: data/engines/maia/maia-1900.pb.gz
<UciProtocol (pid=66024)>: stderr >> [1m[31m       _
<UciProtocol (pid=66024)>: stderr >> |   _ | |
<UciProtocol (pid=66024)>: stderr >> |_ |_ |_|[0m v0.32.1+git.dirty built Nov 23 2025
<UciProtocol (pid=66024)>: stderr >> Search algorithm: classic
<UciProtocol (pid=66024)>: stderr >> Loading weights file from: data/engines/maia/maia-1500.pb.gz
<UciProtocol (pid=66025)>: stderr >> [1m[31m       _
<UciProtocol (pid=66025)>: stderr >> |   _ | |
<UciProtocol (pid=66025)>: stderr >> |_ |_ |_|[0m v0.32.1+git.dirty built Nov 23 2025
<UciProtocol (pid=66025)>: stderr >> Search algorithm: classic
<UciProtocol (pid=66025)>: stderr >> Loading weights file from: data/engines/maia/maia-1500.pb.gz
<UciProtocol (pid=66025)>: stderr >> Initialized metal backend on device Apple M3 Pro
<UciProtocol (pid=66024)>: stderr >> Initialized metal backend on device Apple M3 Pro
<UciProtocol (pid=66023)>: stderr >> Initialized metal backend on device Apple M3 Pro
<UciProtocol (pid=66027)>: stderr >> [1m[31m       _
<UciProtocol (pid=66027)>: stderr >> |   _ | |
<UciProtocol (pid=66027)>: stderr >> |_ |_ |_|[0m v0.32.1+git.dirty built Nov 23 2025
<UciProtocol (pid=66027)>: stderr >> Search algorithm: classic
<UciProtocol (pid=66027)>: stderr >> Loading weights file from: data/engines/maia/maia-1100.pb.gz
<UciProtocol (pid=66028)>: stderr >> [1m[31m       _
<UciProtocol (pid=66028)>: stderr >> |   _ | |
<UciProtocol (pid=66028)>: stderr >> |_ |_ |_|[0m v0.32.1+git.dirty built Nov 23 2025
<UciProtocol (pid=66028)>: stderr >> Search algorithm: classic
<UciProtocol (pid=66029)>: stderr >> [1m[31m       _
<UciProtocol (pid=66029)>: stderr >> |   _ | |
<UciProtocol (pid=66029)>: stderr >> |_ |_ |_|[0m v0.32.1+git.dirty built Nov 23 2025
<UciProtocol (pid=66028)>: stderr >> Loading weights file from: data/engines/maia/maia-1500.pb.gz
<UciProtocol (pid=66029)>: stderr >> Search algorithm: classic
<UciProtocol (pid=66029)>: stderr >> Loading weights file from: data/engines/maia/maia-1500.pb.gz
<UciProtocol (pid=66028)>: stderr >> Initialized metal backend on device Apple M3 Pro
<UciProtocol (pid=66027)>: stderr >> Initialized metal backend on device Apple M3 Pro
<UciProtocol (pid=66029)>: stderr >> Initialized metal backend on device Apple M3 Pro
<UciProtocol (pid=66031)>: stderr >> [1m[31m       _
<UciProtocol (pid=66031)>: stderr >> |   _ | |
<UciProtocol (pid=66031)>: stderr >> |_ |_ |_|[0m v0.32.1+git.dirty built Nov 23 2025
<UciProtocol (pid=66031)>: stderr >> Search algorithm: classic
<UciProtocol (pid=66031)>: stderr >> Loading weights file from: data/engines/maia/maia-1900.pb.gz
<UciProtocol (pid=66030)>: stderr >> [1m[31m       _
<UciProtocol (pid=66030)>: stderr >> |   _ | |
<UciProtocol (pid=66030)>: stderr >> |_ |_ |_|[0m v0.32.1+git.dirty built Nov 23 2025
<UciProtocol (pid=66030)>: stderr >> Search algorithm: classic
<UciProtocol (pid=66030)>: stderr >> Loading weights file from: data/engines/maia/maia-1900.pb.gz
<UciProtocol (pid=66030)>: stderr >> Initialized metal backend on device Apple M3 Pro
<UciProtocol (pid=66031)>: stderr >> Initialized metal backend on device Apple M3 Pro
<UciProtocol (pid=66037)>: stderr >> [1m[31m       _
<UciProtocol (pid=66037)>: stderr >> |   _ | |
<UciProtocol (pid=66037)>: stderr >> |_ |_ |_|[0m v0.32.1+git.dirty built Nov 23 2025
<UciProtocol (pid=66037)>: stderr >> Search algorithm: classic
<UciProtocol (pid=66037)>: stderr >> Loading weights file from: data/engines/maia/maia-1900.pb.gz
<UciProtocol (pid=66038)>: stderr >> [1m[31m       _
<UciProtocol (pid=66038)>: stderr >> |   _ | |
<UciProtocol (pid=66038)>: stderr >> |_ |_ |_|[0m v0.32.1+git.dirty built Nov 23 2025
<UciProtocol (pid=66038)>: stderr >> Search algorithm: classic
<UciProtocol (pid=66038)>: stderr >> Loading weights file from: data/engines/maia/maia-1900.pb.gz
<UciProtocol (pid=66039)>: stderr >> [1m[31m       _
<UciProtocol (pid=66039)>: stderr >> |   _ | |
<UciProtocol (pid=66039)>: stderr >> |_ |_ |_|[0m v0.32.1+git.dirty built Nov 23 2025
<UciProtocol (pid=66039)>: stderr >> Search algorithm: classic
<UciProtocol (pid=66039)>: stderr >> Loading weights file from: data/engines/maia/maia-1500.pb.gz
<UciProtocol (pid=66037)>: stderr >> Initialized metal backend on device Apple M3 Pro
<UciProtocol (pid=66038)>: stderr >> Initialized metal backend on device Apple M3 Pro
<UciProtocol (pid=66039)>: stderr >> Initialized metal backend on device Apple M3 Pro
<UciProtocol (pid=66040)>: stderr >> [1m[31m       _
<UciProtocol (pid=66040)>: stderr >> |   _ | |
<UciProtocol (pid=66040)>: stderr >> |_ |_ |_|[0m v0.32.1+git.dirty built Nov 23 2025
<UciProtocol (pid=66040)>: stderr >> Search algorithm: classic
<UciProtocol (pid=66040)>: stderr >> Loading weights file from: data/engines/maia/maia-1100.pb.gz
<UciProtocol (pid=66040)>: stderr >> Initialized metal backend on device Apple M3 Pro
<UciProtocol (pid=66041)>: stderr >> [1m[31m       _
<UciProtocol (pid=66041)>: stderr >> |   _ | |
<UciProtocol (pid=66041)>: stderr >> |_ |_ |_|[0m v0.32.1+git.dirty built Nov 23 2025
<UciProtocol (pid=66041)>: stderr >> Search algorithm: classic
<UciProtocol (pid=66041)>: stderr >> Loading weights file from: data/engines/maia/maia-1900.pb.gz
<UciProtocol (pid=66041)>: stderr >> Initialized metal backend on device Apple M3 Pro
<UciProtocol (pid=66042)>: stderr >> [1m[31m       _
<UciProtocol (pid=66042)>: stderr >> |   _ | |
<UciProtocol (pid=66042)>: stderr >> |_ |_ |_|[0m v0.32.1+git.dirty built Nov 23 2025
<UciProtocol (pid=66042)>: stderr >> Search algorithm: classic
<UciProtocol (pid=66042)>: stderr >> Loading weights file from: data/engines/maia/maia-1500.pb.gz
<UciProtocol (pid=66042)>: stderr >> Initialized metal backend on device Apple M3 Pro
<UciProtocol (pid=66043)>: stderr >> [1m[31m       _
<UciProtocol (pid=66043)>: stderr >> |   _ | |
<UciProtocol (pid=66043)>: stderr >> |_ |_ |_|[0m v0.32.1+git.dirty built Nov 23 2025
<UciProtocol (pid=66043)>: stderr >> Search algorithm: classic
<UciProtocol (pid=66043)>: stderr >> Loading weights file from: data/engines/maia/maia-1900.pb.gz
<UciProtocol (pid=66043)>: stderr >> Initialized metal backend on device Apple M3 Pro
[daemon] shards 71  anchors 14,000  rows 1,417,556  (27,233/hr)  [1851s]
<UciProtocol (pid=66532)>: stderr >> [1m[31m       _
<UciProtocol (pid=66532)>: stderr >> |   _ | |
<UciProtocol (pid=66532)>: stderr >> |_ |_ |_|[0m v0.32.1+git.dirty built Nov 23 2025
<UciProtocol (pid=66532)>: stderr >> Search algorithm: classic
<UciProtocol (pid=66532)>: stderr >> Loading weights file from: data/engines/maia/maia-1100.pb.gz
<UciProtocol (pid=66532)>: stderr >> Initialized metal backend on device Apple M3 Pro
<UciProtocol (pid=66535)>: stderr >> [1m[31m       _
<UciProtocol (pid=66535)>: stderr >> |   _ | |
<UciProtocol (pid=66535)>: stderr >> |_ |_ |_|[0m v0.32.1+git.dirty built Nov 23 2025
<UciProtocol (pid=66535)>: stderr >> Search algorithm: classic
<UciProtocol (pid=66535)>: stderr >> Loading weights file from: data/engines/maia/maia-1100.pb.gz
<UciProtocol (pid=66536)>: stderr >> [1m[31m       _
<UciProtocol (pid=66536)>: stderr >> |   _ | |
<UciProtocol (pid=66536)>: stderr >> |_ |_ |_|[0m v0.32.1+git.dirty built Nov 23 2025
<UciProtocol (pid=66536)>: stderr >> Search algorithm: classic
<UciProtocol (pid=66535)>: stderr >> Initialized metal backend on device Apple M3 Pro
<UciProtocol (pid=66536)>: stderr >> Loading weights file from: data/engines/maia/maia-1100.pb.gz
<UciProtocol (pid=66536)>: stderr >> Initialized metal backend on device Apple M3 Pro
<UciProtocol (pid=66538)>: stderr >> [1m[31m       _
<UciProtocol (pid=66538)>: stderr >> |   _ | |
<UciProtocol (pid=66538)>: stderr >> |_ |_ |_|[0m v0.32.1+git.dirty built Nov 23 2025
<UciProtocol (pid=66538)>: stderr >> Search algorithm: classic
<UciProtocol (pid=66538)>: stderr >> Loading weights file from: data/engines/maia/maia-1100.pb.gz
<UciProtocol (pid=66539)>: stderr >> [1m[31m       _
<UciProtocol (pid=66539)>: stderr >> |   _ | |
<UciProtocol (pid=66539)>: stderr >> |_ |_ |_|[0m v0.32.1+git.dirty built Nov 23 2025
<UciProtocol (pid=66539)>: stderr >> Search algorithm: classic
<UciProtocol (pid=66539)>: stderr >> Loading weights file from: data/engines/maia/maia-1500.pb.gz
<UciProtocol (pid=66538)>: stderr >> Initialized metal backend on device Apple M3 Pro
<UciProtocol (pid=66539)>: stderr >> Initialized metal backend on device Apple M3 Pro
<UciProtocol (pid=66541)>: stderr >> [1m[31m       _
<UciProtocol (pid=66541)>: stderr >> |   _ | |
<UciProtocol (pid=66541)>: stderr >> |_ |_ |_|[0m v0.32.1+git.dirty built Nov 23 2025
<UciProtocol (pid=66541)>: stderr >> Search algorithm: classic
<UciProtocol (pid=66541)>: stderr >> Loading weights file from: data/engines/maia/maia-1100.pb.gz
<UciProtocol (pid=66541)>: stderr >> Initialized metal backend on device Apple M3 Pro
<UciProtocol (pid=66542)>: stderr >> [1m[31m       _
<UciProtocol (pid=66542)>: stderr >> |   _ | |
<UciProtocol (pid=66542)>: stderr >> |_ |_ |_|[0m v0.32.1+git.dirty built Nov 23 2025
<UciProtocol (pid=66542)>: stderr >> Search algorithm: classic
<UciProtocol (pid=66542)>: stderr >> Loading weights file from: data/engines/maia/maia-1500.pb.gz
<UciProtocol (pid=66542)>: stderr >> Initialized metal backend on device Apple M3 Pro
<UciProtocol (pid=66543)>: stderr >> [1m[31m       _
<UciProtocol (pid=66543)>: stderr >> |   _ | |
<UciProtocol (pid=66543)>: stderr >> |_ |_ |_|[0m v0.32.1+git.dirty built Nov 23 2025
<UciProtocol (pid=66543)>: stderr >> Search algorithm: classic
<UciProtocol (pid=66543)>: stderr >> Loading weights file from: data/engines/maia/maia-1500.pb.gz
<UciProtocol (pid=66543)>: stderr >> Initialized metal backend on device Apple M3 Pro
<UciProtocol (pid=66544)>: stderr >> [1m[31m       _
<UciProtocol (pid=66544)>: stderr >> |   _ | |
<UciProtocol (pid=66544)>: stderr >> |_ |_ |_|[0m v0.32.1+git.dirty built Nov 23 2025
<UciProtocol (pid=66544)>: stderr >> Search algorithm: classic
<UciProtocol (pid=66544)>: stderr >> Loading weights file from: data/engines/maia/maia-1900.pb.gz
<UciProtocol (pid=66544)>: stderr >> Initialized metal backend on device Apple M3 Pro
<UciProtocol (pid=66545)>: stderr >> [1m[31m       _
<UciProtocol (pid=66545)>: stderr >> |   _ | |
<UciProtocol (pid=66545)>: stderr >> |_ |_ |_|[0m v0.32.1+git.dirty built Nov 23 2025
<UciProtocol (pid=66545)>: stderr >> Search algorithm: classic
<UciProtocol (pid=66545)>: stderr >> Loading weights file from: data/engines/maia/maia-1500.pb.gz
<UciProtocol (pid=66545)>: stderr >> Initialized metal backend on device Apple M3 Pro
<UciProtocol (pid=66546)>: stderr >> [1m[31m       _
<UciProtocol (pid=66546)>: stderr >> |   _ | |
<UciProtocol (pid=66546)>: stderr >> |_ |_ |_|[0m v0.32.1+git.dirty built Nov 23 2025
<UciProtocol (pid=66546)>: stderr >> Search algorithm: classic
<UciProtocol (pid=66546)>: stderr >> Loading weights file from: data/engines/maia/maia-1500.pb.gz
<UciProtocol (pid=66548)>: stderr >> [1m[31m       _
<UciProtocol (pid=66548)>: stderr >> |   _ | |
<UciProtocol (pid=66548)>: stderr >> |_ |_ |_|[0m v0.32.1+git.dirty built Nov 23 2025
<UciProtocol (pid=66548)>: stderr >> Search algorithm: classic
<UciProtocol (pid=66546)>: stderr >> Initialized metal backend on device Apple M3 Pro
<UciProtocol (pid=66548)>: stderr >> Loading weights file from: data/engines/maia/maia-1900.pb.gz
<UciProtocol (pid=66548)>: stderr >> Initialized metal backend on device Apple M3 Pro
<UciProtocol (pid=66549)>: stderr >> [1m[31m       _
<UciProtocol (pid=66549)>: stderr >> |   _ | |
<UciProtocol (pid=66549)>: stderr >> |_ |_ |_|[0m v0.32.1+git.dirty built Nov 23 2025
<UciProtocol (pid=66549)>: stderr >> Search algorithm: classic
<UciProtocol (pid=66549)>: stderr >> Loading weights file from: data/engines/maia/maia-1900.pb.gz
<UciProtocol (pid=66549)>: stderr >> Initialized metal backend on device Apple M3 Pro
<UciProtocol (pid=66555)>: stderr >> [1m[31m       _
<UciProtocol (pid=66555)>: stderr >> |   _ | |
<UciProtocol (pid=66555)>: stderr >> |_ |_ |_|[0m v0.32.1+git.dirty built Nov 23 2025
<UciProtocol (pid=66555)>: stderr >> Search algorithm: classic
<UciProtocol (pid=66555)>: stderr >> Loading weights file from: data/engines/maia/maia-1900.pb.gz
<UciProtocol (pid=66555)>: stderr >> Initialized metal backend on device Apple M3 Pro
<UciProtocol (pid=66556)>: stderr >> [1m[31m       _
<UciProtocol (pid=66556)>: stderr >> |   _ | |
<UciProtocol (pid=66556)>: stderr >> |_ |_ |_|[0m v0.32.1+git.dirty built Nov 23 2025
<UciProtocol (pid=66556)>: stderr >> Search algorithm: classic
<UciProtocol (pid=66556)>: stderr >> Loading weights file from: data/engines/maia/maia-1900.pb.gz
<UciProtocol (pid=66556)>: stderr >> Initialized metal backend on device Apple M3 Pro
<UciProtocol (pid=66557)>: stderr >> [1m[31m       _
<UciProtocol (pid=66557)>: stderr >> |   _ | |
<UciProtocol (pid=66557)>: stderr >> |_ |_ |_|[0m v0.32.1+git.dirty built Nov 23 2025
<UciProtocol (pid=66557)>: stderr >> Search algorithm: classic
<UciProtocol (pid=66557)>: stderr >> Loading weights file from: data/engines/maia/maia-1100.pb.gz
<UciProtocol (pid=66557)>: stderr >> Initialized metal backend on device Apple M3 Pro
<UciProtocol (pid=66558)>: stderr >> [1m[31m       _
<UciProtocol (pid=66558)>: stderr >> |   _ | |
<UciProtocol (pid=66558)>: stderr >> |_ |_ |_|[0m v0.32.1+git.dirty built Nov 23 2025
<UciProtocol (pid=66558)>: stderr >> Search algorithm: classic
<UciProtocol (pid=66558)>: stderr >> Loading weights file from: data/engines/maia/maia-1100.pb.gz
<UciProtocol (pid=66558)>: stderr >> Initialized metal backend on device Apple M3 Pro
<UciProtocol (pid=66559)>: stderr >> [1m[31m       _
<UciProtocol (pid=66559)>: stderr >> |   _ | |
<UciProtocol (pid=66559)>: stderr >> |_ |_ |_|[0m v0.32.1+git.dirty built Nov 23 2025
<UciProtocol (pid=66559)>: stderr >> Search algorithm: classic
<UciProtocol (pid=66559)>: stderr >> Loading weights file from: data/engines/maia/maia-1500.pb.gz
<UciProtocol (pid=66559)>: stderr >> Initialized metal backend on device Apple M3 Pro
<UciProtocol (pid=66560)>: stderr >> [1m[31m       _
<UciProtocol (pid=66560)>: stderr >> |   _ | |
<UciProtocol (pid=66560)>: stderr >> |_ |_ |_|[0m v0.32.1+git.dirty built Nov 23 2025
<UciProtocol (pid=66560)>: stderr >> Search algorithm: classic
<UciProtocol (pid=66560)>: stderr >> Loading weights file from: data/engines/maia/maia-1500.pb.gz
<UciProtocol (pid=66560)>: stderr >> Initialized metal backend on device Apple M3 Pro
<UciProtocol (pid=66561)>: stderr >> [1m[31m       _
<UciProtocol (pid=66561)>: stderr >> |   _ | |
<UciProtocol (pid=66561)>: stderr >> |_ |_ |_|[0m v0.32.1+git.dirty built Nov 23 2025
<UciProtocol (pid=66561)>: stderr >> Search algorithm: classic
<UciProtocol (pid=66561)>: stderr >> Loading weights file from: data/engines/maia/maia-1900.pb.gz
<UciProtocol (pid=66562)>: stderr >> [1m[31m       _
<UciProtocol (pid=66562)>: stderr >> |   _ | |
<UciProtocol (pid=66562)>: stderr >> |_ |_ |_|[0m v0.32.1+git.dirty built Nov 23 2025
<UciProtocol (pid=66562)>: stderr >> Search algorithm: classic
<UciProtocol (pid=66561)>: stderr >> Initialized metal backend on device Apple M3 Pro
<UciProtocol (pid=66562)>: stderr >> Loading weights file from: data/engines/maia/maia-1900.pb.gz
<UciProtocol (pid=66562)>: stderr >> Initialized metal backend on device Apple M3 Pro
[daemon] shards 78  anchors 15,400  rows 1,559,337  (27,206/hr)  [2038s]
[daemon] STOP sentinel found -- clean shutdown
VERDICT ROLLOUT_DAEMON anchors=15,400 rows=1,559,337 shards=78 regimes=[2, 3, 4, 5, 6, 8, 9, 10] [2038s]
[daemon] workers=7 chunk=200 regimes=[2, 3, 4, 5, 6, 8, 9, 10] sources=56 starting at shard_078
<UciProtocol (pid=67140)>: stderr >> [1m[31m       _
<UciProtocol (pid=67140)>: stderr >> |   _ | |
<UciProtocol (pid=67140)>: stderr >> |_ |_ |_|[0m v0.32.1+git.dirty built Nov 23 2025
<UciProtocol (pid=67139)>: stderr >> [1m[31m       _
<UciProtocol (pid=67139)>: stderr >> |   _ | |
<UciProtocol (pid=67139)>: stderr >> |_ |_ |_|[0m v0.32.1+git.dirty built Nov 23 2025
<UciProtocol (pid=67140)>: stderr >> Search algorithm: classic
<UciProtocol (pid=67139)>: stderr >> Search algorithm: classic
<UciProtocol (pid=67139)>: stderr >> Loading weights file from: data/engines/maia/maia-1100.pb.gz
<UciProtocol (pid=67140)>: stderr >> Loading weights file from: data/engines/maia/maia-1100.pb.gz
<UciProtocol (pid=67139)>: stderr >> Initialized metal backend on device Apple M3 Pro
<UciProtocol (pid=67140)>: stderr >> Initialized metal backend on device Apple M3 Pro
<UciProtocol (pid=67143)>: stderr >> [1m[31m       _
<UciProtocol (pid=67143)>: stderr >> |   _ | |
<UciProtocol (pid=67143)>: stderr >> |_ |_ |_|[0m v0.32.1+git.dirty built Nov 23 2025
<UciProtocol (pid=67143)>: stderr >> Search algorithm: classic
<UciProtocol (pid=67143)>: stderr >> Loading weights file from: data/engines/maia/maia-1100.pb.gz
<UciProtocol (pid=67149)>: stderr >> [1m[31m       _
<UciProtocol (pid=67149)>: stderr >> |   _ | |
<UciProtocol (pid=67149)>: stderr >> |_ |_ |_|[0m v0.32.1+git.dirty built Nov 23 2025
<UciProtocol (pid=67149)>: stderr >> Search algorithm: classic
<UciProtocol (pid=67149)>: stderr >> Loading weights file from: data/engines/maia/maia-1100.pb.gz
<UciProtocol (pid=67143)>: stderr >> Initialized metal backend on device Apple M3 Pro
<UciProtocol (pid=67149)>: stderr >> Initialized metal backend on device Apple M3 Pro
<UciProtocol (pid=67150)>: stderr >> [1m[31m       _
<UciProtocol (pid=67150)>: stderr >> |   _ | |
<UciProtocol (pid=67150)>: stderr >> |_ |_ |_|[0m v0.32.1+git.dirty built Nov 23 2025
<UciProtocol (pid=67150)>: stderr >> Search algorithm: classic
<UciProtocol (pid=67150)>: stderr >> Loading weights file from: data/engines/maia/maia-1500.pb.gz
<UciProtocol (pid=67151)>: stderr >> [1m[31m       _
<UciProtocol (pid=67151)>: stderr >> |   _ | |
<UciProtocol (pid=67151)>: stderr >> |_ |_ |_|[0m v0.32.1+git.dirty built Nov 23 2025
<UciProtocol (pid=67151)>: stderr >> Search algorithm: classic
<UciProtocol (pid=67151)>: stderr >> Loading weights file from: data/engines/maia/maia-1100.pb.gz
<UciProtocol (pid=67150)>: stderr >> Initialized metal backend on device Apple M3 Pro
<UciProtocol (pid=67152)>: stderr >> [1m[31m       _
<UciProtocol (pid=67152)>: stderr >> |   _ | |
<UciProtocol (pid=67152)>: stderr >> |_ |_ |_|[0m v0.32.1+git.dirty built Nov 23 2025
<UciProtocol (pid=67152)>: stderr >> Search algorithm: classic
<UciProtocol (pid=67152)>: stderr >> Loading weights file from: data/engines/maia/maia-1500.pb.gz
<UciProtocol (pid=67151)>: stderr >> Initialized metal backend on device Apple M3 Pro
<UciProtocol (pid=67152)>: stderr >> Initialized metal backend on device Apple M3 Pro
<UciProtocol (pid=67154)>: stderr >> [1m[31m       _
<UciProtocol (pid=67154)>: stderr >> |   _ | |
<UciProtocol (pid=67154)>: stderr >> |_ |_ |_|[0m v0.32.1+git.dirty built Nov 23 2025
<UciProtocol (pid=67154)>: stderr >> Search algorithm: classic
<UciProtocol (pid=67153)>: stderr >> [1m[31m       _
<UciProtocol (pid=67153)>: stderr >> |   _ | |
<UciProtocol (pid=67153)>: stderr >> |_ |_ |_|[0m v0.32.1+git.dirty built Nov 23 2025
<UciProtocol (pid=67154)>: stderr >> Loading weights file from: data/engines/maia/maia-1100.pb.gz
<UciProtocol (pid=67153)>: stderr >> Search algorithm: classic
<UciProtocol (pid=67155)>: stderr >> [1m[31m       _
<UciProtocol (pid=67156)>: stderr >> [1m[31m       _
<UciProtocol (pid=67155)>: stderr >> |   _ | |
<UciProtocol (pid=67156)>: stderr >> |   _ | |
<UciProtocol (pid=67155)>: stderr >> |_ |_ |_|[0m v0.32.1+git.dirty built Nov 23 2025
<UciProtocol (pid=67156)>: stderr >> |_ |_ |_|[0m v0.32.1+git.dirty built Nov 23 2025
<UciProtocol (pid=67153)>: stderr >> Loading weights file from: data/engines/maia/maia-1100.pb.gz
<UciProtocol (pid=67156)>: stderr >> Search algorithm: classic
<UciProtocol (pid=67155)>: stderr >> Search algorithm: classic
<UciProtocol (pid=67156)>: stderr >> Loading weights file from: data/engines/maia/maia-1500.pb.gz
<UciProtocol (pid=67155)>: stderr >> Loading weights file from: data/engines/maia/maia-1500.pb.gz
<UciProtocol (pid=67156)>: stderr >> Initialized metal backend on device Apple M3 Pro
<UciProtocol (pid=67155)>: stderr >> Initialized metal backend on device Apple M3 Pro
<UciProtocol (pid=67153)>: stderr >> Initialized metal backend on device Apple M3 Pro
<UciProtocol (pid=67154)>: stderr >> Initialized metal backend on device Apple M3 Pro
<UciProtocol (pid=67157)>: stderr >> [1m[31m       _
<UciProtocol (pid=67157)>: stderr >> |   _ | |
<UciProtocol (pid=67157)>: stderr >> |_ |_ |_|[0m v0.32.1+git.dirty built Nov 23 2025
<UciProtocol (pid=67158)>: stderr >> [1m[31m       _
<UciProtocol (pid=67158)>: stderr >> |   _ | |
<UciProtocol (pid=67158)>: stderr >> |_ |_ |_|[0m v0.32.1+git.dirty built Nov 23 2025
<UciProtocol (pid=67158)>: stderr >> Search algorithm: classic
<UciProtocol (pid=67157)>: stderr >> Search algorithm: classic
<UciProtocol (pid=67157)>: stderr >> Loading weights file from: data/engines/maia/maia-1500.pb.gz
<UciProtocol (pid=67158)>: stderr >> Loading weights file from: data/engines/maia/maia-1900.pb.gz
<UciProtocol (pid=67157)>: stderr >> Initialized metal backend on device Apple M3 Pro
<UciProtocol (pid=67158)>: stderr >> Initialized metal backend on device Apple M3 Pro
<UciProtocol (pid=67159)>: stderr >> [1m[31m       _
<UciProtocol (pid=67159)>: stderr >> |   _ | |
<UciProtocol (pid=67159)>: stderr >> |_ |_ |_|[0m v0.32.1+git.dirty built Nov 23 2025
<UciProtocol (pid=67159)>: stderr >> Search algorithm: classic
<UciProtocol (pid=67159)>: stderr >> Loading weights file from: data/engines/maia/maia-1900.pb.gz
<UciProtocol (pid=67159)>: stderr >> Initialized metal backend on device Apple M3 Pro
<UciProtocol (pid=67165)>: stderr >> [1m[31m       _
<UciProtocol (pid=67165)>: stderr >> |   _ | |
<UciProtocol (pid=67165)>: stderr >> |_ |_ |_|[0m v0.32.1+git.dirty built Nov 23 2025
<UciProtocol (pid=67165)>: stderr >> Search algorithm: classic
<UciProtocol (pid=67165)>: stderr >> Loading weights file from: data/engines/maia/maia-1500.pb.gz
<UciProtocol (pid=67166)>: stderr >> [1m[31m       _
<UciProtocol (pid=67166)>: stderr >> |   _ | |
<UciProtocol (pid=67166)>: stderr >> |_ |_ |_|[0m v0.32.1+git.dirty built Nov 23 2025
<UciProtocol (pid=67166)>: stderr >> Search algorithm: classic
<UciProtocol (pid=67166)>: stderr >> Loading weights file from: data/engines/maia/maia-1900.pb.gz
<UciProtocol (pid=67165)>: stderr >> Initialized metal backend on device Apple M3 Pro
<UciProtocol (pid=67166)>: stderr >> Initialized metal backend on device Apple M3 Pro
<UciProtocol (pid=67167)>: stderr >> [1m[31m       _
<UciProtocol (pid=67167)>: stderr >> |   _ | |
<UciProtocol (pid=67167)>: stderr >> |_ |_ |_|[0m v0.32.1+git.dirty built Nov 23 2025
<UciProtocol (pid=67168)>: stderr >> [1m[31m       _
<UciProtocol (pid=67168)>: stderr >> |   _ | |
<UciProtocol (pid=67168)>: stderr >> |_ |_ |_|[0m v0.32.1+git.dirty built Nov 23 2025
<UciProtocol (pid=67167)>: stderr >> Search algorithm: classic
<UciProtocol (pid=67168)>: stderr >> Search algorithm: classic
<UciProtocol (pid=67167)>: stderr >> Loading weights file from: data/engines/maia/maia-1900.pb.gz
<UciProtocol (pid=67168)>: stderr >> Loading weights file from: data/engines/maia/maia-1500.pb.gz
<UciProtocol (pid=67168)>: stderr >> Initialized metal backend on device Apple M3 Pro
<UciProtocol (pid=67167)>: stderr >> Initialized metal backend on device Apple M3 Pro
<UciProtocol (pid=67169)>: stderr >> [1m[31m       _
<UciProtocol (pid=67169)>: stderr >> |   _ | |
<UciProtocol (pid=67169)>: stderr >> |_ |_ |_|[0m v0.32.1+git.dirty built Nov 23 2025
<UciProtocol (pid=67169)>: stderr >> Search algorithm: classic
<UciProtocol (pid=67169)>: stderr >> Loading weights file from: data/engines/maia/maia-1900.pb.gz
<UciProtocol (pid=67169)>: stderr >> Initialized metal backend on device Apple M3 Pro
<UciProtocol (pid=67170)>: stderr >> [1m[31m       _
<UciProtocol (pid=67170)>: stderr >> |   _ | |
<UciProtocol (pid=67170)>: stderr >> |_ |_ |_|[0m v0.32.1+git.dirty built Nov 23 2025
<UciProtocol (pid=67170)>: stderr >> Search algorithm: classic
<UciProtocol (pid=67170)>: stderr >> Loading weights file from: data/engines/maia/maia-1900.pb.gz
<UciProtocol (pid=67170)>: stderr >> Initialized metal backend on device Apple M3 Pro
<UciProtocol (pid=67171)>: stderr >> [1m[31m       _
<UciProtocol (pid=67171)>: stderr >> |   _ | |
<UciProtocol (pid=67171)>: stderr >> |_ |_ |_|[0m v0.32.1+git.dirty built Nov 23 2025
<UciProtocol (pid=67171)>: stderr >> Search algorithm: classic
<UciProtocol (pid=67171)>: stderr >> Loading weights file from: data/engines/maia/maia-1900.pb.gz
<UciProtocol (pid=67171)>: stderr >> Initialized metal backend on device Apple M3 Pro
[daemon] shards 85  anchors 1,400  rows 142,619  (26,546/hr)  [190s]
<UciProtocol (pid=67718)>: stderr >> [1m[31m       _
<UciProtocol (pid=67718)>: stderr >> |   _ | |
<UciProtocol (pid=67718)>: stderr >> |_ |_ |_|[0m v0.32.1+git.dirty built Nov 23 2025
<UciProtocol (pid=67718)>: stderr >> Search algorithm: classic
<UciProtocol (pid=67718)>: stderr >> Loading weights file from: data/engines/maia/maia-1100.pb.gz
<UciProtocol (pid=67718)>: stderr >> Initialized metal backend on device Apple M3 Pro
<UciProtocol (pid=67720)>: stderr >> [1m[31m       _
<UciProtocol (pid=67720)>: stderr >> |   _ | |
<UciProtocol (pid=67720)>: stderr >> |_ |_ |_|[0m v0.32.1+git.dirty built Nov 23 2025
<UciProtocol (pid=67720)>: stderr >> Search algorithm: classic
<UciProtocol (pid=67720)>: stderr >> Loading weights file from: data/engines/maia/maia-1100.pb.gz
<UciProtocol (pid=67720)>: stderr >> Initialized metal backend on device Apple M3 Pro
<UciProtocol (pid=67721)>: stderr >> [1m[31m       _
<UciProtocol (pid=67721)>: stderr >> |   _ | |
<UciProtocol (pid=67721)>: stderr >> |_ |_ |_|[0m v0.32.1+git.dirty built Nov 23 2025
<UciProtocol (pid=67721)>: stderr >> Search algorithm: classic
<UciProtocol (pid=67721)>: stderr >> Loading weights file from: data/engines/maia/maia-1100.pb.gz
<UciProtocol (pid=67723)>: stderr >> [1m[31m       _
<UciProtocol (pid=67723)>: stderr >> |   _ | |
<UciProtocol (pid=67723)>: stderr >> |_ |_ |_|[0m v0.32.1+git.dirty built Nov 23 2025
<UciProtocol (pid=67721)>: stderr >> Initialized metal backend on device Apple M3 Pro
<UciProtocol (pid=67723)>: stderr >> Search algorithm: classic
<UciProtocol (pid=67723)>: stderr >> Loading weights file from: data/engines/maia/maia-1100.pb.gz
<UciProtocol (pid=67724)>: stderr >> [1m[31m       _
<UciProtocol (pid=67724)>: stderr >> |   _ | |
<UciProtocol (pid=67724)>: stderr >> |_ |_ |_|[0m v0.32.1+git.dirty built Nov 23 2025
<UciProtocol (pid=67724)>: stderr >> Search algorithm: classic
<UciProtocol (pid=67724)>: stderr >> Loading weights file from: data/engines/maia/maia-1100.pb.gz
<UciProtocol (pid=67723)>: stderr >> Initialized metal backend on device Apple M3 Pro
<UciProtocol (pid=67724)>: stderr >> Initialized metal backend on device Apple M3 Pro
<UciProtocol (pid=67731)>: stderr >> [1m[31m       _
<UciProtocol (pid=67731)>: stderr >> |   _ | |
<UciProtocol (pid=67731)>: stderr >> |_ |_ |_|[0m v0.32.1+git.dirty built Nov 23 2025
<UciProtocol (pid=67731)>: stderr >> Search algorithm: classic
<UciProtocol (pid=67730)>: stderr >> [1m[31m       _
<UciProtocol (pid=67730)>: stderr >> |   _ | |
<UciProtocol (pid=67730)>: stderr >> |_ |_ |_|[0m v0.32.1+git.dirty built Nov 23 2025
<UciProtocol (pid=67731)>: stderr >> Loading weights file from: data/engines/maia/maia-1500.pb.gz
<UciProtocol (pid=67730)>: stderr >> Search algorithm: classic
<UciProtocol (pid=67732)>: stderr >> [1m[31m       _
<UciProtocol (pid=67732)>: stderr >> |   _ | |
<UciProtocol (pid=67732)>: stderr >> |_ |_ |_|[0m v0.32.1+git.dirty built Nov 23 2025
<UciProtocol (pid=67732)>: stderr >> Search algorithm: classic
<UciProtocol (pid=67730)>: stderr >> Loading weights file from: data/engines/maia/maia-1500.pb.gz
<UciProtocol (pid=67732)>: stderr >> Loading weights file from: data/engines/maia/maia-1100.pb.gz
<UciProtocol (pid=67730)>: stderr >> Initialized metal backend on device Apple M3 Pro
<UciProtocol (pid=67731)>: stderr >> Initialized metal backend on device Apple M3 Pro
<UciProtocol (pid=67732)>: stderr >> Initialized metal backend on device Apple M3 Pro
<UciProtocol (pid=67734)>: stderr >> [1m[31m       _
<UciProtocol (pid=67734)>: stderr >> |   _ | |
<UciProtocol (pid=67734)>: stderr >> |_ |_ |_|[0m v0.32.1+git.dirty built Nov 23 2025
<UciProtocol (pid=67734)>: stderr >> Search algorithm: classic
<UciProtocol (pid=67734)>: stderr >> Loading weights file from: data/engines/maia/maia-1100.pb.gz
<UciProtocol (pid=67735)>: stderr >> [1m[31m       _
<UciProtocol (pid=67735)>: stderr >> |   _ | |
<UciProtocol (pid=67735)>: stderr >> |_ |_ |_|[0m v0.32.1+git.dirty built Nov 23 2025
<UciProtocol (pid=67735)>: stderr >> Search algorithm: classic
<UciProtocol (pid=67735)>: stderr >> Loading weights file from: data/engines/maia/maia-1500.pb.gz
<UciProtocol (pid=67734)>: stderr >> Initialized metal backend on device Apple M3 Pro
<UciProtocol (pid=67736)>: stderr >> [1m[31m       _
<UciProtocol (pid=67736)>: stderr >> |   _ | |
<UciProtocol (pid=67736)>: stderr >> |_ |_ |_|[0m v0.32.1+git.dirty built Nov 23 2025
<UciProtocol (pid=67736)>: stderr >> Search algorithm: classic
<UciProtocol (pid=67736)>: stderr >> Loading weights file from: data/engines/maia/maia-1500.pb.gz
<UciProtocol (pid=67737)>: stderr >> [1m[31m       _
<UciProtocol (pid=67737)>: stderr >> |   _ | |
<UciProtocol (pid=67737)>: stderr >> |_ |_ |_|[0m v0.32.1+git.dirty built Nov 23 2025
<UciProtocol (pid=67737)>: stderr >> Search algorithm: classic
<UciProtocol (pid=67737)>: stderr >> Loading weights file from: data/engines/maia/maia-1500.pb.gz
<UciProtocol (pid=67735)>: stderr >> Initialized metal backend on device Apple M3 Pro
<UciProtocol (pid=67736)>: stderr >> Initialized metal backend on device Apple M3 Pro
<UciProtocol (pid=67737)>: stderr >> Initialized metal backend on device Apple M3 Pro
<UciProtocol (pid=67738)>: stderr >> [1m[31m       _
<UciProtocol (pid=67738)>: stderr >> |   _ | |
<UciProtocol (pid=67738)>: stderr >> |_ |_ |_|[0m v0.32.1+git.dirty built Nov 23 2025
<UciProtocol (pid=67738)>: stderr >> Search algorithm: classic
<UciProtocol (pid=67738)>: stderr >> Loading weights file from: data/engines/maia/maia-1900.pb.gz
<UciProtocol (pid=67739)>: stderr >> [1m[31m       _
<UciProtocol (pid=67739)>: stderr >> |   _ | |
<UciProtocol (pid=67739)>: stderr >> |_ |_ |_|[0m v0.32.1+git.dirty built Nov 23 2025
<UciProtocol (pid=67739)>: stderr >> Search algorithm: classic
<UciProtocol (pid=67739)>: stderr >> Loading weights file from: data/engines/maia/maia-1900.pb.gz
<UciProtocol (pid=67740)>: stderr >> [1m[31m       _
<UciProtocol (pid=67740)>: stderr >> |   _ | |
<UciProtocol (pid=67740)>: stderr >> |_ |_ |_|[0m v0.32.1+git.dirty built Nov 23 2025
<UciProtocol (pid=67740)>: stderr >> Search algorithm: classic
<UciProtocol (pid=67740)>: stderr >> Loading weights file from: data/engines/maia/maia-1500.pb.gz
<UciProtocol (pid=67743)>: stderr >> [1m[31m       _
<UciProtocol (pid=67743)>: stderr >> |   _ | |
<UciProtocol (pid=67743)>: stderr >> |_ |_ |_|[0m v0.32.1+git.dirty built Nov 23 2025
<UciProtocol (pid=67743)>: stderr >> Search algorithm: classic
<UciProtocol (pid=67739)>: stderr >> Initialized metal backend on device Apple M3 Pro
<UciProtocol (pid=67743)>: stderr >> Loading weights file from: data/engines/maia/maia-1500.pb.gz
<UciProtocol (pid=67738)>: stderr >> Initialized metal backend on device Apple M3 Pro
<UciProtocol (pid=67740)>: stderr >> Initialized metal backend on device Apple M3 Pro
<UciProtocol (pid=67743)>: stderr >> Initialized metal backend on device Apple M3 Pro
<UciProtocol (pid=67744)>: stderr >> [1m[31m       _
<UciProtocol (pid=67744)>: stderr >> |   _ | |
<UciProtocol (pid=67744)>: stderr >> |_ |_ |_|[0m v0.32.1+git.dirty built Nov 23 2025
<UciProtocol (pid=67744)>: stderr >> Search algorithm: classic
<UciProtocol (pid=67744)>: stderr >> Loading weights file from: data/engines/maia/maia-1900.pb.gz
<UciProtocol (pid=67745)>: stderr >> [1m[31m       _
<UciProtocol (pid=67745)>: stderr >> |   _ | |
<UciProtocol (pid=67745)>: stderr >> |_ |_ |_|[0m v0.32.1+git.dirty built Nov 23 2025
<UciProtocol (pid=67745)>: stderr >> Search algorithm: classic
<UciProtocol (pid=67745)>: stderr >> Loading weights file from: data/engines/maia/maia-1900.pb.gz
<UciProtocol (pid=67746)>: stderr >> [1m[31m       _
<UciProtocol (pid=67746)>: stderr >> |   _ | |
<UciProtocol (pid=67746)>: stderr >> |_ |_ |_|[0m v0.32.1+git.dirty built Nov 23 2025
<UciProtocol (pid=67746)>: stderr >> Search algorithm: classic
<UciProtocol (pid=67744)>: stderr >> Initialized metal backend on device Apple M3 Pro
<UciProtocol (pid=67746)>: stderr >> Loading weights file from: data/engines/maia/maia-1900.pb.gz
<UciProtocol (pid=67745)>: stderr >> Initialized metal backend on device Apple M3 Pro
<UciProtocol (pid=67746)>: stderr >> Initialized metal backend on device Apple M3 Pro
<UciProtocol (pid=67747)>: stderr >> [1m[31m       _
<UciProtocol (pid=67747)>: stderr >> |   _ | |
<UciProtocol (pid=67747)>: stderr >> |_ |_ |_|[0m v0.32.1+git.dirty built Nov 23 2025
<UciProtocol (pid=67747)>: stderr >> Search algorithm: classic
<UciProtocol (pid=67748)>: stderr >> [1m[31m       _
<UciProtocol (pid=67748)>: stderr >> |   _ | |
<UciProtocol (pid=67748)>: stderr >> |_ |_ |_|[0m v0.32.1+git.dirty built Nov 23 2025
<UciProtocol (pid=67747)>: stderr >> Loading weights file from: data/engines/maia/maia-1900.pb.gz
<UciProtocol (pid=67748)>: stderr >> Search algorithm: classic
<UciProtocol (pid=67748)>: stderr >> Loading weights file from: data/engines/maia/maia-1900.pb.gz
<UciProtocol (pid=67748)>: stderr >> Initialized metal backend on device Apple M3 Pro
<UciProtocol (pid=67747)>: stderr >> Initialized metal backend on device Apple M3 Pro
[daemon] shards 92  anchors 2,800  rows 284,592  (26,948/hr)  [374s]
<UciProtocol (pid=68470)>: stderr >> [1m[31m       _
<UciProtocol (pid=68470)>: stderr >> |   _ | |
<UciProtocol (pid=68470)>: stderr >> |_ |_ |_|[0m v0.32.1+git.dirty built Nov 23 2025
<UciProtocol (pid=68470)>: stderr >> Search algorithm: classic
<UciProtocol (pid=68470)>: stderr >> Loading weights file from: data/engines/maia/maia-1100.pb.gz
<UciProtocol (pid=68470)>: stderr >> Initialized metal backend on device Apple M3 Pro
<UciProtocol (pid=68472)>: stderr >> [1m[31m       _
<UciProtocol (pid=68472)>: stderr >> |   _ | |
<UciProtocol (pid=68472)>: stderr >> |_ |_ |_|[0m v0.32.1+git.dirty built Nov 23 2025
<UciProtocol (pid=68472)>: stderr >> Search algorithm: classic
<UciProtocol (pid=68472)>: stderr >> Loading weights file from: data/engines/maia/maia-1100.pb.gz
<UciProtocol (pid=68473)>: stderr >> [1m[31m       _
<UciProtocol (pid=68473)>: stderr >> |   _ | |
<UciProtocol (pid=68473)>: stderr >> |_ |_ |_|[0m v0.32.1+git.dirty built Nov 23 2025
<UciProtocol (pid=68472)>: stderr >> Initialized metal backend on device Apple M3 Pro
<UciProtocol (pid=68473)>: stderr >> Search algorithm: classic
<UciProtocol (pid=68473)>: stderr >> Loading weights file from: data/engines/maia/maia-1100.pb.gz
<UciProtocol (pid=68473)>: stderr >> Initialized metal backend on device Apple M3 Pro
<UciProtocol (pid=68477)>: stderr >> [1m[31m       _
<UciProtocol (pid=68477)>: stderr >> |   _ | |
<UciProtocol (pid=68477)>: stderr >> |_ |_ |_|[0m v0.32.1+git.dirty built Nov 23 2025
<UciProtocol (pid=68477)>: stderr >> Search algorithm: classic
<UciProtocol (pid=68477)>: stderr >> Loading weights file from: data/engines/maia/maia-1500.pb.gz
<UciProtocol (pid=68476)>: stderr >> [1m[31m       _
<UciProtocol (pid=68476)>: stderr >> |   _ | |
<UciProtocol (pid=68476)>: stderr >> |_ |_ |_|[0m v0.32.1+git.dirty built Nov 23 2025
<UciProtocol (pid=68476)>: stderr >> Search algorithm: classic
<UciProtocol (pid=68476)>: stderr >> Loading weights file from: data/engines/maia/maia-1100.pb.gz
<UciProtocol (pid=68477)>: stderr >> Initialized metal backend on device Apple M3 Pro
<UciProtocol (pid=68476)>: stderr >> Initialized metal backend on device Apple M3 Pro
<UciProtocol (pid=68482)>: stderr >> [1m[31m       _
<UciProtocol (pid=68482)>: stderr >> |   _ | |
<UciProtocol (pid=68482)>: stderr >> |_ |_ |_|[0m v0.32.1+git.dirty built Nov 23 2025
<UciProtocol (pid=68482)>: stderr >> Search algorithm: classic
<UciProtocol (pid=68482)>: stderr >> Loading weights file from: data/engines/maia/maia-1100.pb.gz
<UciProtocol (pid=68485)>: stderr >> [1m[31m       _
<UciProtocol (pid=68485)>: stderr >> |   _ | |
<UciProtocol (pid=68485)>: stderr >> |_ |_ |_|[0m v0.32.1+git.dirty built Nov 23 2025
<UciProtocol (pid=68485)>: stderr >> Search algorithm: classic
<UciProtocol (pid=68485)>: stderr >> Loading weights file from: data/engines/maia/maia-1500.pb.gz
<UciProtocol (pid=68482)>: stderr >> Initialized metal backend on device Apple M3 Pro
<UciProtocol (pid=68485)>: stderr >> Initialized metal backend on device Apple M3 Pro
<UciProtocol (pid=68491)>: stderr >> [1m[31m       _
<UciProtocol (pid=68491)>: stderr >> |   _ | |
<UciProtocol (pid=68491)>: stderr >> |_ |_ |_|[0m v0.32.1+git.dirty built Nov 23 2025
<UciProtocol (pid=68491)>: stderr >> Search algorithm: classic
<UciProtocol (pid=68491)>: stderr >> Loading weights file from: data/engines/maia/maia-1500.pb.gz
<UciProtocol (pid=68492)>: stderr >> [1m[31m       _
<UciProtocol (pid=68492)>: stderr >> |   _ | |
<UciProtocol (pid=68492)>: stderr >> |_ |_ |_|[0m v0.32.1+git.dirty built Nov 23 2025
<UciProtocol (pid=68492)>: stderr >> Search algorithm: classic
<UciProtocol (pid=68492)>: stderr >> Loading weights file from: data/engines/maia/maia-1900.pb.gz
<UciProtocol (pid=68491)>: stderr >> Initialized metal backend on device Apple M3 Pro
<UciProtocol (pid=68493)>: stderr >> [1m[31m       _
<UciProtocol (pid=68493)>: stderr >> |   _ | |
<UciProtocol (pid=68493)>: stderr >> |_ |_ |_|[0m v0.32.1+git.dirty built Nov 23 2025
<UciProtocol (pid=68493)>: stderr >> Search algorithm: classic
<UciProtocol (pid=68493)>: stderr >> Loading weights file from: data/engines/maia/maia-1100.pb.gz
<UciProtocol (pid=68494)>: stderr >> [1m[31m       _
<UciProtocol (pid=68494)>: stderr >> |   _ | |
<UciProtocol (pid=68494)>: stderr >> |_ |_ |_|[0m v0.32.1+git.dirty built Nov 23 2025
<UciProtocol (pid=68494)>: stderr >> Search algorithm: classic
<UciProtocol (pid=68494)>: stderr >> Loading weights file from: data/engines/maia/maia-1500.pb.gz
<UciProtocol (pid=68492)>: stderr >> Initialized metal backend on device Apple M3 Pro
<UciProtocol (pid=68493)>: stderr >> Initialized metal backend on device Apple M3 Pro
<UciProtocol (pid=68494)>: stderr >> Initialized metal backend on device Apple M3 Pro
<UciProtocol (pid=68495)>: stderr >> [1m[31m       _
<UciProtocol (pid=68495)>: stderr >> |   _ | |
<UciProtocol (pid=68495)>: stderr >> |_ |_ |_|[0m v0.32.1+git.dirty built Nov 23 2025
<UciProtocol (pid=68495)>: stderr >> Search algorithm: classic
<UciProtocol (pid=68495)>: stderr >> Loading weights file from: data/engines/maia/maia-1500.pb.gz
<UciProtocol (pid=68496)>: stderr >> [1m[31m       _
<UciProtocol (pid=68496)>: stderr >> |   _ | |
<UciProtocol (pid=68496)>: stderr >> |_ |_ |_|[0m v0.32.1+git.dirty built Nov 23 2025
<UciProtocol (pid=68496)>: stderr >> Search algorithm: classic
<UciProtocol (pid=68496)>: stderr >> Loading weights file from: data/engines/maia/maia-1100.pb.gz
<UciProtocol (pid=68495)>: stderr >> Initialized metal backend on device Apple M3 Pro
<UciProtocol (pid=68496)>: stderr >> Initialized metal backend on device Apple M3 Pro
<UciProtocol (pid=68498)>: stderr >> [1m[31m       _
<UciProtocol (pid=68498)>: stderr >> |   _ | |
<UciProtocol (pid=68498)>: stderr >> |_ |_ |_|[0m v0.32.1+git.dirty built Nov 23 2025
<UciProtocol (pid=68497)>: stderr >> [1m[31m       _
<UciProtocol (pid=68497)>: stderr >> |   _ | |
<UciProtocol (pid=68497)>: stderr >> |_ |_ |_|[0m v0.32.1+git.dirty built Nov 23 2025
<UciProtocol (pid=68498)>: stderr >> Search algorithm: classic
<UciProtocol (pid=68497)>: stderr >> Search algorithm: classic
<UciProtocol (pid=68498)>: stderr >> Loading weights file from: data/engines/maia/maia-1900.pb.gz
<UciProtocol (pid=68497)>: stderr >> Loading weights file from: data/engines/maia/maia-1900.pb.gz
<UciProtocol (pid=68498)>: stderr >> Initialized metal backend on device Apple M3 Pro
<UciProtocol (pid=68497)>: stderr >> Initialized metal backend on device Apple M3 Pro
<UciProtocol (pid=68499)>: stderr >> [1m[31m       _
<UciProtocol (pid=68499)>: stderr >> |   _ | |
<UciProtocol (pid=68499)>: stderr >> |_ |_ |_|[0m v0.32.1+git.dirty built Nov 23 2025
<UciProtocol (pid=68499)>: stderr >> Search algorithm: classic
<UciProtocol (pid=68499)>: stderr >> Loading weights file from: data/engines/maia/maia-1500.pb.gz
<UciProtocol (pid=68499)>: stderr >> Initialized metal backend on device Apple M3 Pro
<UciProtocol (pid=68500)>: stderr >> [1m[31m       _
<UciProtocol (pid=68500)>: stderr >> |   _ | |
<UciProtocol (pid=68500)>: stderr >> |_ |_ |_|[0m v0.32.1+git.dirty built Nov 23 2025
<UciProtocol (pid=68500)>: stderr >> Search algorithm: classic
<UciProtocol (pid=68500)>: stderr >> Loading weights file from: data/engines/maia/maia-1900.pb.gz
<UciProtocol (pid=68500)>: stderr >> Initialized metal backend on device Apple M3 Pro
<UciProtocol (pid=68501)>: stderr >> [1m[31m       _
<UciProtocol (pid=68501)>: stderr >> |   _ | |
<UciProtocol (pid=68501)>: stderr >> |_ |_ |_|[0m v0.32.1+git.dirty built Nov 23 2025
<UciProtocol (pid=68501)>: stderr >> Search algorithm: classic
<UciProtocol (pid=68501)>: stderr >> Loading weights file from: data/engines/maia/maia-1500.pb.gz
<UciProtocol (pid=68502)>: stderr >> [1m[31m       _
<UciProtocol (pid=68502)>: stderr >> |   _ | |
<UciProtocol (pid=68502)>: stderr >> |_ |_ |_|[0m v0.32.1+git.dirty built Nov 23 2025
<UciProtocol (pid=68502)>: stderr >> Search algorithm: classic
<UciProtocol (pid=68502)>: stderr >> Loading weights file from: data/engines/maia/maia-1900.pb.gz
<UciProtocol (pid=68501)>: stderr >> Initialized metal backend on device Apple M3 Pro
<UciProtocol (pid=68502)>: stderr >> Initialized metal backend on device Apple M3 Pro
<UciProtocol (pid=68503)>: stderr >> [1m[31m       _
<UciProtocol (pid=68503)>: stderr >> |   _ | |
<UciProtocol (pid=68503)>: stderr >> |_ |_ |_|[0m v0.32.1+git.dirty built Nov 23 2025
<UciProtocol (pid=68503)>: stderr >> Search algorithm: classic
<UciProtocol (pid=68503)>: stderr >> Loading weights file from: data/engines/maia/maia-1900.pb.gz
<UciProtocol (pid=68503)>: stderr >> Initialized metal backend on device Apple M3 Pro
<UciProtocol (pid=68504)>: stderr >> [1m[31m       _
<UciProtocol (pid=68504)>: stderr >> |   _ | |
<UciProtocol (pid=68504)>: stderr >> |_ |_ |_|[0m v0.32.1+git.dirty built Nov 23 2025
<UciProtocol (pid=68504)>: stderr >> Search algorithm: classic
<UciProtocol (pid=68504)>: stderr >> Loading weights file from: data/engines/maia/maia-1900.pb.gz
<UciProtocol (pid=68504)>: stderr >> Initialized metal backend on device Apple M3 Pro
[daemon] shards 99  anchors 4,200  rows 426,869  (27,446/hr)  [551s]
[daemon] STOP sentinel found -- clean shutdown
VERDICT ROLLOUT_DAEMON anchors=4,200 rows=426,869 shards=99 regimes=[2, 3, 4, 5, 6, 8, 9, 10] [551s]
[daemon] workers=7 chunk=200 regimes=[2, 3, 4, 5, 6, 8, 9, 10] sources=62 starting at shard_099
<UciProtocol (pid=69097)>: stderr >> [1m[31m       _
<UciProtocol (pid=69097)>: stderr >> |   _ | |
<UciProtocol (pid=69097)>: stderr >> |_ |_ |_|[0m v0.32.1+git.dirty built Nov 23 2025
<UciProtocol (pid=69097)>: stderr >> Search algorithm: classic
<UciProtocol (pid=69097)>: stderr >> Loading weights file from: data/engines/maia/maia-1100.pb.gz
<UciProtocol (pid=69097)>: stderr >> Initialized metal backend on device Apple M3 Pro
<UciProtocol (pid=69099)>: stderr >> [1m[31m       _
<UciProtocol (pid=69099)>: stderr >> |   _ | |
<UciProtocol (pid=69099)>: stderr >> |_ |_ |_|[0m v0.32.1+git.dirty built Nov 23 2025
<UciProtocol (pid=69099)>: stderr >> Search algorithm: classic
<UciProtocol (pid=69099)>: stderr >> Loading weights file from: data/engines/maia/maia-1100.pb.gz
<UciProtocol (pid=69100)>: stderr >> [1m[31m       _
<UciProtocol (pid=69100)>: stderr >> |   _ | |
<UciProtocol (pid=69100)>: stderr >> |_ |_ |_|[0m v0.32.1+git.dirty built Nov 23 2025
<UciProtocol (pid=69099)>: stderr >> Initialized metal backend on device Apple M3 Pro
<UciProtocol (pid=69100)>: stderr >> Search algorithm: classic
<UciProtocol (pid=69100)>: stderr >> Loading weights file from: data/engines/maia/maia-1100.pb.gz
<UciProtocol (pid=69100)>: stderr >> Initialized metal backend on device Apple M3 Pro
<UciProtocol (pid=69101)>: stderr >> [1m[31m       _
<UciProtocol (pid=69101)>: stderr >> |   _ | |
<UciProtocol (pid=69101)>: stderr >> |_ |_ |_|[0m v0.32.1+git.dirty built Nov 23 2025
<UciProtocol (pid=69101)>: stderr >> Search algorithm: classic
<UciProtocol (pid=69101)>: stderr >> Loading weights file from: data/engines/maia/maia-1100.pb.gz
<UciProtocol (pid=69101)>: stderr >> Initialized metal backend on device Apple M3 Pro
<UciProtocol (pid=69104)>: stderr >> [1m[31m       _
<UciProtocol (pid=69104)>: stderr >> |   _ | |
<UciProtocol (pid=69104)>: stderr >> |_ |_ |_|[0m v0.32.1+git.dirty built Nov 23 2025
<UciProtocol (pid=69104)>: stderr >> Search algorithm: classic
<UciProtocol (pid=69104)>: stderr >> Loading weights file from: data/engines/maia/maia-1500.pb.gz
<UciProtocol (pid=69104)>: stderr >> Initialized metal backend on device Apple M3 Pro
<UciProtocol (pid=69105)>: stderr >> [1m[31m       _
<UciProtocol (pid=69105)>: stderr >> |   _ | |
<UciProtocol (pid=69105)>: stderr >> |_ |_ |_|[0m v0.32.1+git.dirty built Nov 23 2025
<UciProtocol (pid=69105)>: stderr >> Search algorithm: classic
<UciProtocol (pid=69105)>: stderr >> Loading weights file from: data/engines/maia/maia-1500.pb.gz
<UciProtocol (pid=69105)>: stderr >> Initialized metal backend on device Apple M3 Pro
<UciProtocol (pid=69106)>: stderr >> [1m[31m       _
<UciProtocol (pid=69106)>: stderr >> |   _ | |
<UciProtocol (pid=69106)>: stderr >> |_ |_ |_|[0m v0.32.1+git.dirty built Nov 23 2025
<UciProtocol (pid=69106)>: stderr >> Search algorithm: classic
<UciProtocol (pid=69106)>: stderr >> Loading weights file from: data/engines/maia/maia-1500.pb.gz
<UciProtocol (pid=69112)>: stderr >> [1m[31m       _
<UciProtocol (pid=69112)>: stderr >> |   _ | |
<UciProtocol (pid=69112)>: stderr >> |_ |_ |_|[0m v0.32.1+git.dirty built Nov 23 2025
<UciProtocol (pid=69112)>: stderr >> Search algorithm: classic
<UciProtocol (pid=69106)>: stderr >> Initialized metal backend on device Apple M3 Pro
<UciProtocol (pid=69112)>: stderr >> Loading weights file from: data/engines/maia/maia-1100.pb.gz
<UciProtocol (pid=69112)>: stderr >> Initialized metal backend on device Apple M3 Pro
<UciProtocol (pid=69113)>: stderr >> [1m[31m       _
<UciProtocol (pid=69113)>: stderr >> |   _ | |
<UciProtocol (pid=69113)>: stderr >> |_ |_ |_|[0m v0.32.1+git.dirty built Nov 23 2025
<UciProtocol (pid=69113)>: stderr >> Search algorithm: classic
<UciProtocol (pid=69113)>: stderr >> Loading weights file from: data/engines/maia/maia-1500.pb.gz
<UciProtocol (pid=69113)>: stderr >> Initialized metal backend on device Apple M3 Pro
<UciProtocol (pid=69114)>: stderr >> [1m[31m       _
<UciProtocol (pid=69114)>: stderr >> |   _ | |
<UciProtocol (pid=69114)>: stderr >> |_ |_ |_|[0m v0.32.1+git.dirty built Nov 23 2025
<UciProtocol (pid=69114)>: stderr >> Search algorithm: classic
<UciProtocol (pid=69114)>: stderr >> Loading weights file from: data/engines/maia/maia-1900.pb.gz
<UciProtocol (pid=69114)>: stderr >> Initialized metal backend on device Apple M3 Pro
<UciProtocol (pid=69115)>: stderr >> [1m[31m       _
<UciProtocol (pid=69115)>: stderr >> |   _ | |
<UciProtocol (pid=69115)>: stderr >> |_ |_ |_|[0m v0.32.1+git.dirty built Nov 23 2025
<UciProtocol (pid=69115)>: stderr >> Search algorithm: classic
<UciProtocol (pid=69115)>: stderr >> Loading weights file from: data/engines/maia/maia-1100.pb.gz
<UciProtocol (pid=69115)>: stderr >> Initialized metal backend on device Apple M3 Pro
<UciProtocol (pid=69116)>: stderr >> [1m[31m       _
<UciProtocol (pid=69116)>: stderr >> |   _ | |
<UciProtocol (pid=69116)>: stderr >> |_ |_ |_|[0m v0.32.1+git.dirty built Nov 23 2025
<UciProtocol (pid=69116)>: stderr >> Search algorithm: classic
<UciProtocol (pid=69116)>: stderr >> Loading weights file from: data/engines/maia/maia-1900.pb.gz
<UciProtocol (pid=69117)>: stderr >> [1m[31m       _
<UciProtocol (pid=69117)>: stderr >> |   _ | |
<UciProtocol (pid=69117)>: stderr >> |_ |_ |_|[0m v0.32.1+git.dirty built Nov 23 2025
<UciProtocol (pid=69116)>: stderr >> Initialized metal backend on device Apple M3 Pro
<UciProtocol (pid=69117)>: stderr >> Search algorithm: classic
<UciProtocol (pid=69117)>: stderr >> Loading weights file from: data/engines/maia/maia-1100.pb.gz
<UciProtocol (pid=69117)>: stderr >> Initialized metal backend on device Apple M3 Pro
<UciProtocol (pid=69120)>: stderr >> [1m[31m       _
<UciProtocol (pid=69120)>: stderr >> |   _ | |
<UciProtocol (pid=69120)>: stderr >> |_ |_ |_|[0m v0.32.1+git.dirty built Nov 23 2025
<UciProtocol (pid=69120)>: stderr >> Search algorithm: classic
<UciProtocol (pid=69120)>: stderr >> Loading weights file from: data/engines/maia/maia-1900.pb.gz
<UciProtocol (pid=69121)>: stderr >> [1m[31m       _
<UciProtocol (pid=69121)>: stderr >> |   _ | |
<UciProtocol (pid=69121)>: stderr >> |_ |_ |_|[0m v0.32.1+git.dirty built Nov 23 2025
<UciProtocol (pid=69121)>: stderr >> Search algorithm: classic
<UciProtocol (pid=69121)>: stderr >> Loading weights file from: data/engines/maia/maia-1500.pb.gz
<UciProtocol (pid=69120)>: stderr >> Initialized metal backend on device Apple M3 Pro
<UciProtocol (pid=69121)>: stderr >> Initialized metal backend on device Apple M3 Pro
<UciProtocol (pid=69124)>: stderr >> [1m[31m       _
<UciProtocol (pid=69124)>: stderr >> |   _ | |
<UciProtocol (pid=69124)>: stderr >> |_ |_ |_|[0m v0.32.1+git.dirty built Nov 23 2025
<UciProtocol (pid=69124)>: stderr >> Search algorithm: classic
<UciProtocol (pid=69124)>: stderr >> Loading weights file from: data/engines/maia/maia-1900.pb.gz
<UciProtocol (pid=69124)>: stderr >> Initialized metal backend on device Apple M3 Pro
<UciProtocol (pid=69125)>: stderr >> [1m[31m       _
<UciProtocol (pid=69125)>: stderr >> |   _ | |
<UciProtocol (pid=69125)>: stderr >> |_ |_ |_|[0m v0.32.1+git.dirty built Nov 23 2025
<UciProtocol (pid=69125)>: stderr >> Search algorithm: classic
<UciProtocol (pid=69125)>: stderr >> Loading weights file from: data/engines/maia/maia-1500.pb.gz
<UciProtocol (pid=69125)>: stderr >> Initialized metal backend on device Apple M3 Pro
<UciProtocol (pid=69126)>: stderr >> [1m[31m       _
<UciProtocol (pid=69126)>: stderr >> |   _ | |
<UciProtocol (pid=69126)>: stderr >> |_ |_ |_|[0m v0.32.1+git.dirty built Nov 23 2025
<UciProtocol (pid=69126)>: stderr >> Search algorithm: classic
<UciProtocol (pid=69126)>: stderr >> Loading weights file from: data/engines/maia/maia-1500.pb.gz
<UciProtocol (pid=69126)>: stderr >> Initialized metal backend on device Apple M3 Pro
<UciProtocol (pid=69127)>: stderr >> [1m[31m       _
<UciProtocol (pid=69127)>: stderr >> |   _ | |
<UciProtocol (pid=69127)>: stderr >> |_ |_ |_|[0m v0.32.1+git.dirty built Nov 23 2025
<UciProtocol (pid=69127)>: stderr >> Search algorithm: classic
<UciProtocol (pid=69127)>: stderr >> Loading weights file from: data/engines/maia/maia-1900.pb.gz
<UciProtocol (pid=69127)>: stderr >> Initialized metal backend on device Apple M3 Pro
<UciProtocol (pid=69128)>: stderr >> [1m[31m       _
<UciProtocol (pid=69128)>: stderr >> |   _ | |
<UciProtocol (pid=69128)>: stderr >> |_ |_ |_|[0m v0.32.1+git.dirty built Nov 23 2025
<UciProtocol (pid=69128)>: stderr >> Search algorithm: classic
<UciProtocol (pid=69128)>: stderr >> Loading weights file from: data/engines/maia/maia-1900.pb.gz
<UciProtocol (pid=69128)>: stderr >> Initialized metal backend on device Apple M3 Pro
<UciProtocol (pid=69129)>: stderr >> [1m[31m       _
<UciProtocol (pid=69129)>: stderr >> |   _ | |
<UciProtocol (pid=69129)>: stderr >> |_ |_ |_|[0m v0.32.1+git.dirty built Nov 23 2025
<UciProtocol (pid=69129)>: stderr >> Search algorithm: classic
<UciProtocol (pid=69129)>: stderr >> Loading weights file from: data/engines/maia/maia-1900.pb.gz
<UciProtocol (pid=69129)>: stderr >> Initialized metal backend on device Apple M3 Pro
[daemon] shards 106  anchors 1,400  rows 142,470  (30,358/hr)  [166s]
<UciProtocol (pid=69628)>: stderr >> [1m[31m       _
<UciProtocol (pid=69628)>: stderr >> |   _ | |
<UciProtocol (pid=69628)>: stderr >> |_ |_ |_|[0m v0.32.1+git.dirty built Nov 23 2025
<UciProtocol (pid=69628)>: stderr >> Search algorithm: classic
<UciProtocol (pid=69628)>: stderr >> Loading weights file from: data/engines/maia/maia-1100.pb.gz
<UciProtocol (pid=69628)>: stderr >> Initialized metal backend on device Apple M3 Pro
<UciProtocol (pid=69630)>: stderr >> [1m[31m       _
<UciProtocol (pid=69630)>: stderr >> |   _ | |
<UciProtocol (pid=69630)>: stderr >> |_ |_ |_|[0m v0.32.1+git.dirty built Nov 23 2025
<UciProtocol (pid=69630)>: stderr >> Search algorithm: classic
<UciProtocol (pid=69630)>: stderr >> Loading weights file from: data/engines/maia/maia-1100.pb.gz
<UciProtocol (pid=69630)>: stderr >> Initialized metal backend on device Apple M3 Pro
<UciProtocol (pid=69631)>: stderr >> [1m[31m       _
<UciProtocol (pid=69631)>: stderr >> |   _ | |
<UciProtocol (pid=69631)>: stderr >> |_ |_ |_|[0m v0.32.1+git.dirty built Nov 23 2025
<UciProtocol (pid=69631)>: stderr >> Search algorithm: classic
<UciProtocol (pid=69631)>: stderr >> Loading weights file from: data/engines/maia/maia-1500.pb.gz
<UciProtocol (pid=69631)>: stderr >> Initialized metal backend on device Apple M3 Pro
<UciProtocol (pid=69633)>: stderr >> [1m[31m       _
<UciProtocol (pid=69633)>: stderr >> |   _ | |
<UciProtocol (pid=69633)>: stderr >> |_ |_ |_|[0m v0.32.1+git.dirty built Nov 23 2025
<UciProtocol (pid=69633)>: stderr >> Search algorithm: classic
<UciProtocol (pid=69633)>: stderr >> Loading weights file from: data/engines/maia/maia-1100.pb.gz
<UciProtocol (pid=69639)>: stderr >> [1m[31m       _
<UciProtocol (pid=69639)>: stderr >> |   _ | |
<UciProtocol (pid=69639)>: stderr >> |_ |_ |_|[0m v0.32.1+git.dirty built Nov 23 2025
<UciProtocol (pid=69639)>: stderr >> Search algorithm: classic
<UciProtocol (pid=69639)>: stderr >> Loading weights file from: data/engines/maia/maia-1100.pb.gz
<UciProtocol (pid=69633)>: stderr >> Initialized metal backend on device Apple M3 Pro
<UciProtocol (pid=69639)>: stderr >> Initialized metal backend on device Apple M3 Pro
<UciProtocol (pid=69640)>: stderr >> [1m[31m       _
<UciProtocol (pid=69640)>: stderr >> |   _ | |
<UciProtocol (pid=69640)>: stderr >> |_ |_ |_|[0m v0.32.1+git.dirty built Nov 23 2025
<UciProtocol (pid=69640)>: stderr >> Search algorithm: classic
<UciProtocol (pid=69640)>: stderr >> Loading weights file from: data/engines/maia/maia-1100.pb.gz
<UciProtocol (pid=69640)>: stderr >> Initialized metal backend on device Apple M3 Pro
<UciProtocol (pid=69642)>: stderr >> [1m[31m       _
<UciProtocol (pid=69642)>: stderr >> |   _ | |
<UciProtocol (pid=69642)>: stderr >> |_ |_ |_|[0m v0.32.1+git.dirty built Nov 23 2025
<UciProtocol (pid=69642)>: stderr >> Search algorithm: classic
<UciProtocol (pid=69642)>: stderr >> Loading weights file from: data/engines/maia/maia-1500.pb.gz
<UciProtocol (pid=69642)>: stderr >> Initialized metal backend on device Apple M3 Pro
<UciProtocol (pid=69643)>: stderr >> [1m[31m       _
<UciProtocol (pid=69643)>: stderr >> |   _ | |
<UciProtocol (pid=69643)>: stderr >> |_ |_ |_|[0m v0.32.1+git.dirty built Nov 23 2025
<UciProtocol (pid=69643)>: stderr >> Search algorithm: classic
<UciProtocol (pid=69643)>: stderr >> Loading weights file from: data/engines/maia/maia-1900.pb.gz
<UciProtocol (pid=69643)>: stderr >> Initialized metal backend on device Apple M3 Pro
<UciProtocol (pid=69644)>: stderr >> [1m[31m       _
<UciProtocol (pid=69644)>: stderr >> |   _ | |
<UciProtocol (pid=69644)>: stderr >> |_ |_ |_|[0m v0.32.1+git.dirty built Nov 23 2025
<UciProtocol (pid=69644)>: stderr >> Search algorithm: classic
<UciProtocol (pid=69644)>: stderr >> Loading weights file from: data/engines/maia/maia-1900.pb.gz
<UciProtocol (pid=69645)>: stderr >> [1m[31m       _
<UciProtocol (pid=69645)>: stderr >> |   _ | |
<UciProtocol (pid=69645)>: stderr >> |_ |_ |_|[0m v0.32.1+git.dirty built Nov 23 2025
<UciProtocol (pid=69645)>: stderr >> Search algorithm: classic
<UciProtocol (pid=69645)>: stderr >> Loading weights file from: data/engines/maia/maia-1500.pb.gz
<UciProtocol (pid=69646)>: stderr >> [1m[31m       _
<UciProtocol (pid=69646)>: stderr >> |   _ | |
<UciProtocol (pid=69646)>: stderr >> |_ |_ |_|[0m v0.32.1+git.dirty built Nov 23 2025
<UciProtocol (pid=69646)>: stderr >> Search algorithm: classic
<UciProtocol (pid=69646)>: stderr >> Loading weights file from: data/engines/maia/maia-1500.pb.gz
<UciProtocol (pid=69644)>: stderr >> Initialized metal backend on device Apple M3 Pro
<UciProtocol (pid=69645)>: stderr >> Initialized metal backend on device Apple M3 Pro
<UciProtocol (pid=69646)>: stderr >> Initialized metal backend on device Apple M3 Pro
<UciProtocol (pid=69647)>: stderr >> [1m[31m       _
<UciProtocol (pid=69647)>: stderr >> |   _ | |
<UciProtocol (pid=69647)>: stderr >> |_ |_ |_|[0m v0.32.1+git.dirty built Nov 23 2025
<UciProtocol (pid=69647)>: stderr >> Search algorithm: classic
<UciProtocol (pid=69647)>: stderr >> Loading weights file from: data/engines/maia/maia-1500.pb.gz
<UciProtocol (pid=69647)>: stderr >> Initialized metal backend on device Apple M3 Pro
<UciProtocol (pid=69648)>: stderr >> [1m[31m       _
<UciProtocol (pid=69648)>: stderr >> |   _ | |
<UciProtocol (pid=69648)>: stderr >> |_ |_ |_|[0m v0.32.1+git.dirty built Nov 23 2025
<UciProtocol (pid=69648)>: stderr >> Search algorithm: classic
<UciProtocol (pid=69648)>: stderr >> Loading weights file from: data/engines/maia/maia-1100.pb.gz
<UciProtocol (pid=69648)>: stderr >> Initialized metal backend on device Apple M3 Pro
<UciProtocol (pid=69649)>: stderr >> [1m[31m       _
<UciProtocol (pid=69649)>: stderr >> |   _ | |
<UciProtocol (pid=69649)>: stderr >> |_ |_ |_|[0m v0.32.1+git.dirty built Nov 23 2025
<UciProtocol (pid=69649)>: stderr >> Search algorithm: classic
<UciProtocol (pid=69649)>: stderr >> Loading weights file from: data/engines/maia/maia-1100.pb.gz
<UciProtocol (pid=69649)>: stderr >> Initialized metal backend on device Apple M3 Pro
<UciProtocol (pid=69650)>: stderr >> [1m[31m       _
<UciProtocol (pid=69650)>: stderr >> |   _ | |
<UciProtocol (pid=69651)>: stderr >> [1m[31m       _
<UciProtocol (pid=69650)>: stderr >> |_ |_ |_|[0m v0.32.1+git.dirty built Nov 23 2025
<UciProtocol (pid=69651)>: stderr >> |   _ | |
<UciProtocol (pid=69651)>: stderr >> |_ |_ |_|[0m v0.32.1+git.dirty built Nov 23 2025
<UciProtocol (pid=69651)>: stderr >> Search algorithm: classic
<UciProtocol (pid=69650)>: stderr >> Search algorithm: classic
<UciProtocol (pid=69651)>: stderr >> Loading weights file from: data/engines/maia/maia-1900.pb.gz
<UciProtocol (pid=69650)>: stderr >> Loading weights file from: data/engines/maia/maia-1900.pb.gz
<UciProtocol (pid=69650)>: stderr >> Initialized metal backend on device Apple M3 Pro
<UciProtocol (pid=69651)>: stderr >> Initialized metal backend on device Apple M3 Pro
<UciProtocol (pid=69652)>: stderr >> [1m[31m       _
<UciProtocol (pid=69652)>: stderr >> |   _ | |
<UciProtocol (pid=69652)>: stderr >> |_ |_ |_|[0m v0.32.1+git.dirty built Nov 23 2025
<UciProtocol (pid=69652)>: stderr >> Search algorithm: classic
<UciProtocol (pid=69652)>: stderr >> Loading weights file from: data/engines/maia/maia-1900.pb.gz
<UciProtocol (pid=69653)>: stderr >> [1m[31m       _
<UciProtocol (pid=69653)>: stderr >> |   _ | |
<UciProtocol (pid=69653)>: stderr >> |_ |_ |_|[0m v0.32.1+git.dirty built Nov 23 2025
<UciProtocol (pid=69653)>: stderr >> Search algorithm: classic
<UciProtocol (pid=69653)>: stderr >> Loading weights file from: data/engines/maia/maia-1500.pb.gz
<UciProtocol (pid=69652)>: stderr >> Initialized metal backend on device Apple M3 Pro
<UciProtocol (pid=69653)>: stderr >> Initialized metal backend on device Apple M3 Pro
<UciProtocol (pid=69654)>: stderr >> [1m[31m       _
<UciProtocol (pid=69654)>: stderr >> |   _ | |
<UciProtocol (pid=69654)>: stderr >> |_ |_ |_|[0m v0.32.1+git.dirty built Nov 23 2025
<UciProtocol (pid=69654)>: stderr >> Search algorithm: classic
<UciProtocol (pid=69654)>: stderr >> Loading weights file from: data/engines/maia/maia-1500.pb.gz
<UciProtocol (pid=69654)>: stderr >> Initialized metal backend on device Apple M3 Pro
<UciProtocol (pid=69655)>: stderr >> [1m[31m       _
<UciProtocol (pid=69655)>: stderr >> |   _ | |
<UciProtocol (pid=69655)>: stderr >> |_ |_ |_|[0m v0.32.1+git.dirty built Nov 23 2025
<UciProtocol (pid=69655)>: stderr >> Search algorithm: classic
<UciProtocol (pid=69655)>: stderr >> Loading weights file from: data/engines/maia/maia-1900.pb.gz
<UciProtocol (pid=69655)>: stderr >> Initialized metal backend on device Apple M3 Pro
<UciProtocol (pid=69656)>: stderr >> [1m[31m       _
<UciProtocol (pid=69656)>: stderr >> |   _ | |
<UciProtocol (pid=69656)>: stderr >> |_ |_ |_|[0m v0.32.1+git.dirty built Nov 23 2025
<UciProtocol (pid=69656)>: stderr >> Search algorithm: classic
<UciProtocol (pid=69656)>: stderr >> Loading weights file from: data/engines/maia/maia-1900.pb.gz
<UciProtocol (pid=69656)>: stderr >> Initialized metal backend on device Apple M3 Pro
[daemon] shards 113  anchors 2,800  rows 284,626  (29,972/hr)  [336s]
<UciProtocol (pid=70152)>: stderr >> [1m[31m       _
<UciProtocol (pid=70152)>: stderr >> |   _ | |
<UciProtocol (pid=70152)>: stderr >> |_ |_ |_|[0m v0.32.1+git.dirty built Nov 23 2025
<UciProtocol (pid=70152)>: stderr >> Search algorithm: classic
<UciProtocol (pid=70152)>: stderr >> Loading weights file from: data/engines/maia/maia-1100.pb.gz
<UciProtocol (pid=70152)>: stderr >> Initialized metal backend on device Apple M3 Pro
<UciProtocol (pid=70156)>: stderr >> [1m[31m       _
<UciProtocol (pid=70156)>: stderr >> |   _ | |
<UciProtocol (pid=70156)>: stderr >> |_ |_ |_|[0m v0.32.1+git.dirty built Nov 23 2025
<UciProtocol (pid=70156)>: stderr >> Search algorithm: classic
<UciProtocol (pid=70156)>: stderr >> Loading weights file from: data/engines/maia/maia-1100.pb.gz
<UciProtocol (pid=70156)>: stderr >> Initialized metal backend on device Apple M3 Pro
<UciProtocol (pid=70158)>: stderr >> [1m[31m       _
<UciProtocol (pid=70158)>: stderr >> |   _ | |
<UciProtocol (pid=70158)>: stderr >> |_ |_ |_|[0m v0.32.1+git.dirty built Nov 23 2025
<UciProtocol (pid=70158)>: stderr >> Search algorithm: classic
<UciProtocol (pid=70158)>: stderr >> Loading weights file from: data/engines/maia/maia-1100.pb.gz
<UciProtocol (pid=70159)>: stderr >> [1m[31m       _
<UciProtocol (pid=70159)>: stderr >> |   _ | |
<UciProtocol (pid=70159)>: stderr >> |_ |_ |_|[0m v0.32.1+git.dirty built Nov 23 2025
<UciProtocol (pid=70159)>: stderr >> Search algorithm: classic
<UciProtocol (pid=70159)>: stderr >> Loading weights file from: data/engines/maia/maia-1500.pb.gz
<UciProtocol (pid=70158)>: stderr >> Initialized metal backend on device Apple M3 Pro
<UciProtocol (pid=70159)>: stderr >> Initialized metal backend on device Apple M3 Pro
<UciProtocol (pid=70161)>: stderr >> [1m[31m       _
<UciProtocol (pid=70161)>: stderr >> |   _ | |
<UciProtocol (pid=70161)>: stderr >> |_ |_ |_|[0m v0.32.1+git.dirty built Nov 23 2025
<UciProtocol (pid=70161)>: stderr >> Search algorithm: classic
<UciProtocol (pid=70161)>: stderr >> Loading weights file from: data/engines/maia/maia-1500.pb.gz
<UciProtocol (pid=70161)>: stderr >> Initialized metal backend on device Apple M3 Pro
<UciProtocol (pid=70169)>: stderr >> [1m[31m       _
<UciProtocol (pid=70169)>: stderr >> |   _ | |
<UciProtocol (pid=70169)>: stderr >> |_ |_ |_|[0m v0.32.1+git.dirty built Nov 23 2025
<UciProtocol (pid=70169)>: stderr >> Search algorithm: classic
<UciProtocol (pid=70169)>: stderr >> Loading weights file from: data/engines/maia/maia-1100.pb.gz
<UciProtocol (pid=70169)>: stderr >> Initialized metal backend on device Apple M3 Pro
<UciProtocol (pid=70170)>: stderr >> [1m[31m       _
<UciProtocol (pid=70170)>: stderr >> |   _ | |
<UciProtocol (pid=70170)>: stderr >> |_ |_ |_|[0m v0.32.1+git.dirty built Nov 23 2025
<UciProtocol (pid=70170)>: stderr >> Search algorithm: classic
<UciProtocol (pid=70170)>: stderr >> Loading weights file from: data/engines/maia/maia-1900.pb.gz
<UciProtocol (pid=70171)>: stderr >> [1m[31m       _
<UciProtocol (pid=70171)>: stderr >> |   _ | |
<UciProtocol (pid=70171)>: stderr >> |_ |_ |_|[0m v0.32.1+git.dirty built Nov 23 2025
<UciProtocol (pid=70171)>: stderr >> Search algorithm: classic
<UciProtocol (pid=70171)>: stderr >> Loading weights file from: data/engines/maia/maia-1500.pb.gz
<UciProtocol (pid=70170)>: stderr >> Initialized metal backend on device Apple M3 Pro
<UciProtocol (pid=70172)>: stderr >> [1m[31m       _
<UciProtocol (pid=70172)>: stderr >> |   _ | |
<UciProtocol (pid=70172)>: stderr >> |_ |_ |_|[0m v0.32.1+git.dirty built Nov 23 2025
<UciProtocol (pid=70172)>: stderr >> Search algorithm: classic
<UciProtocol (pid=70171)>: stderr >> Initialized metal backend on device Apple M3 Pro
<UciProtocol (pid=70172)>: stderr >> Loading weights file from: data/engines/maia/maia-1900.pb.gz
<UciProtocol (pid=70172)>: stderr >> Initialized metal backend on device Apple M3 Pro
<UciProtocol (pid=70173)>: stderr >> [1m[31m       _
<UciProtocol (pid=70173)>: stderr >> |   _ | |
<UciProtocol (pid=70173)>: stderr >> |_ |_ |_|[0m v0.32.1+git.dirty built Nov 23 2025
<UciProtocol (pid=70173)>: stderr >> Search algorithm: classic
<UciProtocol (pid=70173)>: stderr >> Loading weights file from: data/engines/maia/maia-1100.pb.gz
<UciProtocol (pid=70174)>: stderr >> [1m[31m       _
<UciProtocol (pid=70174)>: stderr >> |   _ | |
<UciProtocol (pid=70174)>: stderr >> |_ |_ |_|[0m v0.32.1+git.dirty built Nov 23 2025
<UciProtocol (pid=70174)>: stderr >> Search algorithm: classic
<UciProtocol (pid=70174)>: stderr >> Loading weights file from: data/engines/maia/maia-1500.pb.gz
<UciProtocol (pid=70173)>: stderr >> Initialized metal backend on device Apple M3 Pro
<UciProtocol (pid=70174)>: stderr >> Initialized metal backend on device Apple M3 Pro
<UciProtocol (pid=70175)>: stderr >> [1m[31m       _
<UciProtocol (pid=70175)>: stderr >> |   _ | |
<UciProtocol (pid=70175)>: stderr >> |_ |_ |_|[0m v0.32.1+git.dirty built Nov 23 2025
<UciProtocol (pid=70175)>: stderr >> Search algorithm: classic
<UciProtocol (pid=70175)>: stderr >> Loading weights file from: data/engines/maia/maia-1100.pb.gz
<UciProtocol (pid=70175)>: stderr >> Initialized metal backend on device Apple M3 Pro
<UciProtocol (pid=70176)>: stderr >> [1m[31m       _
<UciProtocol (pid=70176)>: stderr >> |   _ | |
<UciProtocol (pid=70176)>: stderr >> |_ |_ |_|[0m v0.32.1+git.dirty built Nov 23 2025
<UciProtocol (pid=70176)>: stderr >> Search algorithm: classic
<UciProtocol (pid=70176)>: stderr >> Loading weights file from: data/engines/maia/maia-1900.pb.gz
<UciProtocol (pid=70176)>: stderr >> Initialized metal backend on device Apple M3 Pro
<UciProtocol (pid=70177)>: stderr >> [1m[31m       _
<UciProtocol (pid=70177)>: stderr >> |   _ | |
<UciProtocol (pid=70177)>: stderr >> |_ |_ |_|[0m v0.32.1+git.dirty built Nov 23 2025
<UciProtocol (pid=70177)>: stderr >> Search algorithm: classic
<UciProtocol (pid=70177)>: stderr >> Loading weights file from: data/engines/maia/maia-1100.pb.gz
<UciProtocol (pid=70177)>: stderr >> Initialized metal backend on device Apple M3 Pro
<UciProtocol (pid=70178)>: stderr >> [1m[31m       _
<UciProtocol (pid=70178)>: stderr >> |   _ | |
<UciProtocol (pid=70178)>: stderr >> |_ |_ |_|[0m v0.32.1+git.dirty built Nov 23 2025
<UciProtocol (pid=70178)>: stderr >> Search algorithm: classic
<UciProtocol (pid=70178)>: stderr >> Loading weights file from: data/engines/maia/maia-1500.pb.gz
<UciProtocol (pid=70178)>: stderr >> Initialized metal backend on device Apple M3 Pro
<UciProtocol (pid=70179)>: stderr >> [1m[31m       _
<UciProtocol (pid=70179)>: stderr >> |   _ | |
<UciProtocol (pid=70179)>: stderr >> |_ |_ |_|[0m v0.32.1+git.dirty built Nov 23 2025
<UciProtocol (pid=70179)>: stderr >> Search algorithm: classic
<UciProtocol (pid=70179)>: stderr >> Loading weights file from: data/engines/maia/maia-1900.pb.gz
<UciProtocol (pid=70179)>: stderr >> Initialized metal backend on device Apple M3 Pro
<UciProtocol (pid=70180)>: stderr >> [1m[31m       _
<UciProtocol (pid=70180)>: stderr >> |   _ | |
<UciProtocol (pid=70180)>: stderr >> |_ |_ |_|[0m v0.32.1+git.dirty built Nov 23 2025
<UciProtocol (pid=70180)>: stderr >> Search algorithm: classic
<UciProtocol (pid=70180)>: stderr >> Loading weights file from: data/engines/maia/maia-1500.pb.gz
<UciProtocol (pid=70180)>: stderr >> Initialized metal backend on device Apple M3 Pro
<UciProtocol (pid=70181)>: stderr >> [1m[31m       _
<UciProtocol (pid=70181)>: stderr >> |   _ | |
<UciProtocol (pid=70181)>: stderr >> |_ |_ |_|[0m v0.32.1+git.dirty built Nov 23 2025
<UciProtocol (pid=70181)>: stderr >> Search algorithm: classic
<UciProtocol (pid=70181)>: stderr >> Loading weights file from: data/engines/maia/maia-1500.pb.gz
<UciProtocol (pid=70181)>: stderr >> Initialized metal backend on device Apple M3 Pro
<UciProtocol (pid=70182)>: stderr >> [1m[31m       _
<UciProtocol (pid=70182)>: stderr >> |   _ | |
<UciProtocol (pid=70182)>: stderr >> |_ |_ |_|[0m v0.32.1+git.dirty built Nov 23 2025
<UciProtocol (pid=70182)>: stderr >> Search algorithm: classic
<UciProtocol (pid=70182)>: stderr >> Loading weights file from: data/engines/maia/maia-1900.pb.gz
<UciProtocol (pid=70182)>: stderr >> Initialized metal backend on device Apple M3 Pro
<UciProtocol (pid=70183)>: stderr >> [1m[31m       _
<UciProtocol (pid=70183)>: stderr >> |   _ | |
<UciProtocol (pid=70183)>: stderr >> |_ |_ |_|[0m v0.32.1+git.dirty built Nov 23 2025
<UciProtocol (pid=70183)>: stderr >> Search algorithm: classic
<UciProtocol (pid=70183)>: stderr >> Loading weights file from: data/engines/maia/maia-1900.pb.gz
<UciProtocol (pid=70183)>: stderr >> Initialized metal backend on device Apple M3 Pro
<UciProtocol (pid=70184)>: stderr >> [1m[31m       _
<UciProtocol (pid=70184)>: stderr >> |   _ | |
<UciProtocol (pid=70184)>: stderr >> |_ |_ |_|[0m v0.32.1+git.dirty built Nov 23 2025
<UciProtocol (pid=70184)>: stderr >> Search algorithm: classic
<UciProtocol (pid=70184)>: stderr >> Loading weights file from: data/engines/maia/maia-1900.pb.gz
<UciProtocol (pid=70184)>: stderr >> Initialized metal backend on device Apple M3 Pro
[daemon] shards 120  anchors 4,200  rows 426,459  (29,061/hr)  [520s]
<UciProtocol (pid=70706)>: stderr >> [1m[31m       _
<UciProtocol (pid=70706)>: stderr >> |   _ | |
<UciProtocol (pid=70706)>: stderr >> |_ |_ |_|[0m v0.32.1+git.dirty built Nov 23 2025
<UciProtocol (pid=70706)>: stderr >> Search algorithm: classic
<UciProtocol (pid=70706)>: stderr >> Loading weights file from: data/engines/maia/maia-1100.pb.gz
<UciProtocol (pid=70706)>: stderr >> Initialized metal backend on device Apple M3 Pro
<UciProtocol (pid=70707)>: stderr >> [1m[31m       _
<UciProtocol (pid=70707)>: stderr >> |   _ | |
<UciProtocol (pid=70707)>: stderr >> |_ |_ |_|[0m v0.32.1+git.dirty built Nov 23 2025
<UciProtocol (pid=70707)>: stderr >> Search algorithm: classic
<UciProtocol (pid=70707)>: stderr >> Loading weights file from: data/engines/maia/maia-1100.pb.gz
<UciProtocol (pid=70709)>: stderr >> [1m[31m       _
<UciProtocol (pid=70709)>: stderr >> |   _ | |
<UciProtocol (pid=70709)>: stderr >> |_ |_ |_|[0m v0.32.1+git.dirty built Nov 23 2025
<UciProtocol (pid=70709)>: stderr >> Search algorithm: classic
<UciProtocol (pid=70709)>: stderr >> Loading weights file from: data/engines/maia/maia-1100.pb.gz
<UciProtocol (pid=70707)>: stderr >> Initialized metal backend on device Apple M3 Pro
<UciProtocol (pid=70709)>: stderr >> Initialized metal backend on device Apple M3 Pro
<UciProtocol (pid=70711)>: stderr >> [1m[31m       _
<UciProtocol (pid=70710)>: stderr >> [1m[31m       _
<UciProtocol (pid=70711)>: stderr >> |   _ | |
<UciProtocol (pid=70710)>: stderr >> |   _ | |
<UciProtocol (pid=70711)>: stderr >> |_ |_ |_|[0m v0.32.1+git.dirty built Nov 23 2025
<UciProtocol (pid=70710)>: stderr >> |_ |_ |_|[0m v0.32.1+git.dirty built Nov 23 2025
<UciProtocol (pid=70710)>: stderr >> Search algorithm: classic
<UciProtocol (pid=70711)>: stderr >> Search algorithm: classic
<UciProtocol (pid=70710)>: stderr >> Loading weights file from: data/engines/maia/maia-1100.pb.gz
<UciProtocol (pid=70711)>: stderr >> Loading weights file from: data/engines/maia/maia-1500.pb.gz
<UciProtocol (pid=70710)>: stderr >> Initialized metal backend on device Apple M3 Pro
<UciProtocol (pid=70711)>: stderr >> Initialized metal backend on device Apple M3 Pro
<UciProtocol (pid=70712)>: stderr >> [1m[31m       _
<UciProtocol (pid=70712)>: stderr >> |   _ | |
<UciProtocol (pid=70712)>: stderr >> |_ |_ |_|[0m v0.32.1+git.dirty built Nov 23 2025
<UciProtocol (pid=70712)>: stderr >> Search algorithm: classic
<UciProtocol (pid=70712)>: stderr >> Loading weights file from: data/engines/maia/maia-1100.pb.gz
<UciProtocol (pid=70712)>: stderr >> Initialized metal backend on device Apple M3 Pro
<UciProtocol (pid=70713)>: stderr >> [1m[31m       _
<UciProtocol (pid=70713)>: stderr >> |   _ | |
<UciProtocol (pid=70713)>: stderr >> |_ |_ |_|[0m v0.32.1+git.dirty built Nov 23 2025
<UciProtocol (pid=70713)>: stderr >> Search algorithm: classic
<UciProtocol (pid=70713)>: stderr >> Loading weights file from: data/engines/maia/maia-1500.pb.gz
<UciProtocol (pid=70714)>: stderr >> [1m[31m       _
<UciProtocol (pid=70714)>: stderr >> |   _ | |
<UciProtocol (pid=70714)>: stderr >> |_ |_ |_|[0m v0.32.1+git.dirty built Nov 23 2025
<UciProtocol (pid=70714)>: stderr >> Search algorithm: classic
<UciProtocol (pid=70714)>: stderr >> Loading weights file from: data/engines/maia/maia-1500.pb.gz
<UciProtocol (pid=70713)>: stderr >> Initialized metal backend on device Apple M3 Pro
<UciProtocol (pid=70714)>: stderr >> Initialized metal backend on device Apple M3 Pro
<UciProtocol (pid=70716)>: stderr >> [1m[31m       _
<UciProtocol (pid=70716)>: stderr >> |   _ | |
<UciProtocol (pid=70716)>: stderr >> |_ |_ |_|[0m v0.32.1+git.dirty built Nov 23 2025
<UciProtocol (pid=70716)>: stderr >> Search algorithm: classic
<UciProtocol (pid=70716)>: stderr >> Loading weights file from: data/engines/maia/maia-1500.pb.gz
<UciProtocol (pid=70717)>: stderr >> [1m[31m       _
<UciProtocol (pid=70717)>: stderr >> |   _ | |
<UciProtocol (pid=70717)>: stderr >> |_ |_ |_|[0m v0.32.1+git.dirty built Nov 23 2025
<UciProtocol (pid=70717)>: stderr >> Search algorithm: classic
<UciProtocol (pid=70717)>: stderr >> Loading weights file from: data/engines/maia/maia-1900.pb.gz
<UciProtocol (pid=70716)>: stderr >> Initialized metal backend on device Apple M3 Pro
<UciProtocol (pid=70719)>: stderr >> [1m[31m       _
<UciProtocol (pid=70719)>: stderr >> |   _ | |
<UciProtocol (pid=70719)>: stderr >> |_ |_ |_|[0m v0.32.1+git.dirty built Nov 23 2025
<UciProtocol (pid=70719)>: stderr >> Search algorithm: classic
<UciProtocol (pid=70719)>: stderr >> Loading weights file from: data/engines/maia/maia-1500.pb.gz
<UciProtocol (pid=70717)>: stderr >> Initialized metal backend on device Apple M3 Pro
<UciProtocol (pid=70719)>: stderr >> Initialized metal backend on device Apple M3 Pro
<UciProtocol (pid=70720)>: stderr >> [1m[31m       _
<UciProtocol (pid=70720)>: stderr >> |   _ | |
<UciProtocol (pid=70720)>: stderr >> |_ |_ |_|[0m v0.32.1+git.dirty built Nov 23 2025
<UciProtocol (pid=70720)>: stderr >> Search algorithm: classic
<UciProtocol (pid=70720)>: stderr >> Loading weights file from: data/engines/maia/maia-1900.pb.gz
<UciProtocol (pid=70721)>: stderr >> [1m[31m       _
<UciProtocol (pid=70721)>: stderr >> |   _ | |
<UciProtocol (pid=70721)>: stderr >> |_ |_ |_|[0m v0.32.1+git.dirty built Nov 23 2025
<UciProtocol (pid=70721)>: stderr >> Search algorithm: classic
<UciProtocol (pid=70721)>: stderr >> Loading weights file from: data/engines/maia/maia-1900.pb.gz
<UciProtocol (pid=70720)>: stderr >> Initialized metal backend on device Apple M3 Pro
<UciProtocol (pid=70721)>: stderr >> Initialized metal backend on device Apple M3 Pro
<UciProtocol (pid=70722)>: stderr >> [1m[31m       _
<UciProtocol (pid=70722)>: stderr >> |   _ | |
<UciProtocol (pid=70722)>: stderr >> |_ |_ |_|[0m v0.32.1+git.dirty built Nov 23 2025
<UciProtocol (pid=70722)>: stderr >> Search algorithm: classic
<UciProtocol (pid=70722)>: stderr >> Loading weights file from: data/engines/maia/maia-1900.pb.gz
<UciProtocol (pid=70722)>: stderr >> Initialized metal backend on device Apple M3 Pro
<UciProtocol (pid=70723)>: stderr >> [1m[31m       _
<UciProtocol (pid=70723)>: stderr >> |   _ | |
<UciProtocol (pid=70723)>: stderr >> |_ |_ |_|[0m v0.32.1+git.dirty built Nov 23 2025
<UciProtocol (pid=70723)>: stderr >> Search algorithm: classic
<UciProtocol (pid=70723)>: stderr >> Loading weights file from: data/engines/maia/maia-1900.pb.gz
<UciProtocol (pid=70723)>: stderr >> Initialized metal backend on device Apple M3 Pro
<UciProtocol (pid=70724)>: stderr >> [1m[31m       _
<UciProtocol (pid=70724)>: stderr >> |   _ | |
<UciProtocol (pid=70724)>: stderr >> |_ |_ |_|[0m v0.32.1+git.dirty built Nov 23 2025
<UciProtocol (pid=70724)>: stderr >> Search algorithm: classic
<UciProtocol (pid=70724)>: stderr >> Loading weights file from: data/engines/maia/maia-1100.pb.gz
<UciProtocol (pid=70724)>: stderr >> Initialized metal backend on device Apple M3 Pro
<UciProtocol (pid=70725)>: stderr >> [1m[31m       _
<UciProtocol (pid=70725)>: stderr >> |   _ | |
<UciProtocol (pid=70725)>: stderr >> |_ |_ |_|[0m v0.32.1+git.dirty built Nov 23 2025
<UciProtocol (pid=70725)>: stderr >> Search algorithm: classic
<UciProtocol (pid=70725)>: stderr >> Loading weights file from: data/engines/maia/maia-1100.pb.gz
<UciProtocol (pid=70725)>: stderr >> Initialized metal backend on device Apple M3 Pro
<UciProtocol (pid=70726)>: stderr >> [1m[31m       _
<UciProtocol (pid=70726)>: stderr >> |   _ | |
<UciProtocol (pid=70726)>: stderr >> |_ |_ |_|[0m v0.32.1+git.dirty built Nov 23 2025
<UciProtocol (pid=70726)>: stderr >> Search algorithm: classic
<UciProtocol (pid=70726)>: stderr >> Loading weights file from: data/engines/maia/maia-1500.pb.gz
<UciProtocol (pid=70726)>: stderr >> Initialized metal backend on device Apple M3 Pro
<UciProtocol (pid=70727)>: stderr >> [1m[31m       _
<UciProtocol (pid=70727)>: stderr >> |   _ | |
<UciProtocol (pid=70727)>: stderr >> |_ |_ |_|[0m v0.32.1+git.dirty built Nov 23 2025
<UciProtocol (pid=70727)>: stderr >> Search algorithm: classic
<UciProtocol (pid=70727)>: stderr >> Loading weights file from: data/engines/maia/maia-1500.pb.gz
<UciProtocol (pid=70727)>: stderr >> Initialized metal backend on device Apple M3 Pro
<UciProtocol (pid=70728)>: stderr >> [1m[31m       _
<UciProtocol (pid=70728)>: stderr >> |   _ | |
<UciProtocol (pid=70728)>: stderr >> |_ |_ |_|[0m v0.32.1+git.dirty built Nov 23 2025
<UciProtocol (pid=70728)>: stderr >> Search algorithm: classic
<UciProtocol (pid=70728)>: stderr >> Loading weights file from: data/engines/maia/maia-1900.pb.gz
<UciProtocol (pid=70728)>: stderr >> Initialized metal backend on device Apple M3 Pro
<UciProtocol (pid=70729)>: stderr >> [1m[31m       _
<UciProtocol (pid=70729)>: stderr >> |   _ | |
<UciProtocol (pid=70729)>: stderr >> |_ |_ |_|[0m v0.32.1+git.dirty built Nov 23 2025
<UciProtocol (pid=70729)>: stderr >> Search algorithm: classic
<UciProtocol (pid=70729)>: stderr >> Loading weights file from: data/engines/maia/maia-1900.pb.gz
<UciProtocol (pid=70729)>: stderr >> Initialized metal backend on device Apple M3 Pro
[daemon] shards 127  anchors 5,600  rows 567,519  (28,861/hr)  [699s]
<UciProtocol (pid=71259)>: stderr >> [1m[31m       _
<UciProtocol (pid=71259)>: stderr >> |   _ | |
<UciProtocol (pid=71259)>: stderr >> |_ |_ |_|[0m v0.32.1+git.dirty built Nov 23 2025
<UciProtocol (pid=71259)>: stderr >> Search algorithm: classic
<UciProtocol (pid=71259)>: stderr >> Loading weights file from: data/engines/maia/maia-1100.pb.gz
<UciProtocol (pid=71259)>: stderr >> Initialized metal backend on device Apple M3 Pro
<UciProtocol (pid=71261)>: stderr >> [1m[31m       _
<UciProtocol (pid=71261)>: stderr >> |   _ | |
<UciProtocol (pid=71261)>: stderr >> |_ |_ |_|[0m v0.32.1+git.dirty built Nov 23 2025
<UciProtocol (pid=71261)>: stderr >> Search algorithm: classic
<UciProtocol (pid=71261)>: stderr >> Loading weights file from: data/engines/maia/maia-1100.pb.gz
<UciProtocol (pid=71261)>: stderr >> Initialized metal backend on device Apple M3 Pro
<UciProtocol (pid=71263)>: stderr >> [1m[31m       _
<UciProtocol (pid=71263)>: stderr >> |   _ | |
<UciProtocol (pid=71263)>: stderr >> |_ |_ |_|[0m v0.32.1+git.dirty built Nov 23 2025
<UciProtocol (pid=71263)>: stderr >> Search algorithm: classic
<UciProtocol (pid=71263)>: stderr >> Loading weights file from: data/engines/maia/maia-1500.pb.gz
<UciProtocol (pid=71264)>: stderr >> [1m[31m       _
<UciProtocol (pid=71264)>: stderr >> |   _ | |
<UciProtocol (pid=71264)>: stderr >> |_ |_ |_|[0m v0.32.1+git.dirty built Nov 23 2025
<UciProtocol (pid=71264)>: stderr >> Search algorithm: classic
<UciProtocol (pid=71264)>: stderr >> Loading weights file from: data/engines/maia/maia-1100.pb.gz
<UciProtocol (pid=71263)>: stderr >> Initialized metal backend on device Apple M3 Pro
<UciProtocol (pid=71264)>: stderr >> Initialized metal backend on device Apple M3 Pro
<UciProtocol (pid=71265)>: stderr >> [1m[31m       _
<UciProtocol (pid=71265)>: stderr >> |   _ | |
<UciProtocol (pid=71265)>: stderr >> |_ |_ |_|[0m v0.32.1+git.dirty built Nov 23 2025
<UciProtocol (pid=71265)>: stderr >> Search algorithm: classic
<UciProtocol (pid=71265)>: stderr >> Loading weights file from: data/engines/maia/maia-1100.pb.gz
<UciProtocol (pid=71265)>: stderr >> Initialized metal backend on device Apple M3 Pro
<UciProtocol (pid=71266)>: stderr >> [1m[31m       _
<UciProtocol (pid=71266)>: stderr >> |   _ | |
<UciProtocol (pid=71266)>: stderr >> |_ |_ |_|[0m v0.32.1+git.dirty built Nov 23 2025
<UciProtocol (pid=71266)>: stderr >> Search algorithm: classic
<UciProtocol (pid=71266)>: stderr >> Loading weights file from: data/engines/maia/maia-1100.pb.gz
<UciProtocol (pid=71267)>: stderr >> [1m[31m       _
<UciProtocol (pid=71267)>: stderr >> |   _ | |
<UciProtocol (pid=71267)>: stderr >> |_ |_ |_|[0m v0.32.1+git.dirty built Nov 23 2025
<UciProtocol (pid=71267)>: stderr >> Search algorithm: classic
<UciProtocol (pid=71266)>: stderr >> Initialized metal backend on device Apple M3 Pro
<UciProtocol (pid=71267)>: stderr >> Loading weights file from: data/engines/maia/maia-1100.pb.gz
<UciProtocol (pid=71267)>: stderr >> Initialized metal backend on device Apple M3 Pro
<UciProtocol (pid=71268)>: stderr >> [1m[31m       _
<UciProtocol (pid=71268)>: stderr >> |   _ | |
<UciProtocol (pid=71268)>: stderr >> |_ |_ |_|[0m v0.32.1+git.dirty built Nov 23 2025
<UciProtocol (pid=71268)>: stderr >> Search algorithm: classic
<UciProtocol (pid=71268)>: stderr >> Loading weights file from: data/engines/maia/maia-1500.pb.gz
<UciProtocol (pid=71268)>: stderr >> Initialized metal backend on device Apple M3 Pro
<UciProtocol (pid=71269)>: stderr >> [1m[31m       _
<UciProtocol (pid=71269)>: stderr >> |   _ | |
<UciProtocol (pid=71269)>: stderr >> |_ |_ |_|[0m v0.32.1+git.dirty built Nov 23 2025
<UciProtocol (pid=71269)>: stderr >> Search algorithm: classic
<UciProtocol (pid=71269)>: stderr >> Loading weights file from: data/engines/maia/maia-1900.pb.gz
<UciProtocol (pid=71270)>: stderr >> [1m[31m       _
<UciProtocol (pid=71270)>: stderr >> |   _ | |
<UciProtocol (pid=71270)>: stderr >> |_ |_ |_|[0m v0.32.1+git.dirty built Nov 23 2025
<UciProtocol (pid=71270)>: stderr >> Search algorithm: classic
<UciProtocol (pid=71270)>: stderr >> Loading weights file from: data/engines/maia/maia-1500.pb.gz
<UciProtocol (pid=71271)>: stderr >> [1m[31m       _
<UciProtocol (pid=71271)>: stderr >> |   _ | |
<UciProtocol (pid=71269)>: stderr >> Initialized metal backend on device Apple M3 Pro
<UciProtocol (pid=71271)>: stderr >> |_ |_ |_|[0m v0.32.1+git.dirty built Nov 23 2025
<UciProtocol (pid=71271)>: stderr >> Search algorithm: classic
<UciProtocol (pid=71271)>: stderr >> Loading weights file from: data/engines/maia/maia-1100.pb.gz
<UciProtocol (pid=71270)>: stderr >> Initialized metal backend on device Apple M3 Pro
<UciProtocol (pid=71271)>: stderr >> Initialized metal backend on device Apple M3 Pro
<UciProtocol (pid=71272)>: stderr >> [1m[31m       _
<UciProtocol (pid=71272)>: stderr >> |   _ | |
<UciProtocol (pid=71272)>: stderr >> |_ |_ |_|[0m v0.32.1+git.dirty built Nov 23 2025
<UciProtocol (pid=71272)>: stderr >> Search algorithm: classic
<UciProtocol (pid=71272)>: stderr >> Loading weights file from: data/engines/maia/maia-1500.pb.gz
<UciProtocol (pid=71272)>: stderr >> Initialized metal backend on device Apple M3 Pro
<UciProtocol (pid=71273)>: stderr >> [1m[31m       _
<UciProtocol (pid=71273)>: stderr >> |   _ | |
<UciProtocol (pid=71273)>: stderr >> |_ |_ |_|[0m v0.32.1+git.dirty built Nov 23 2025
<UciProtocol (pid=71273)>: stderr >> Search algorithm: classic
<UciProtocol (pid=71273)>: stderr >> Loading weights file from: data/engines/maia/maia-1500.pb.gz
<UciProtocol (pid=71273)>: stderr >> Initialized metal backend on device Apple M3 Pro
<UciProtocol (pid=71274)>: stderr >> [1m[31m       _
<UciProtocol (pid=71274)>: stderr >> |   _ | |
<UciProtocol (pid=71274)>: stderr >> |_ |_ |_|[0m v0.32.1+git.dirty built Nov 23 2025
<UciProtocol (pid=71274)>: stderr >> Search algorithm: classic
<UciProtocol (pid=71274)>: stderr >> Loading weights file from: data/engines/maia/maia-1500.pb.gz
<UciProtocol (pid=71274)>: stderr >> Initialized metal backend on device Apple M3 Pro
<UciProtocol (pid=71275)>: stderr >> [1m[31m       _
<UciProtocol (pid=71275)>: stderr >> |   _ | |
<UciProtocol (pid=71275)>: stderr >> |_ |_ |_|[0m v0.32.1+git.dirty built Nov 23 2025
<UciProtocol (pid=71275)>: stderr >> Search algorithm: classic
<UciProtocol (pid=71275)>: stderr >> Loading weights file from: data/engines/maia/maia-1500.pb.gz
<UciProtocol (pid=71275)>: stderr >> Initialized metal backend on device Apple M3 Pro
<UciProtocol (pid=71276)>: stderr >> [1m[31m       _
<UciProtocol (pid=71276)>: stderr >> |   _ | |
<UciProtocol (pid=71276)>: stderr >> |_ |_ |_|[0m v0.32.1+git.dirty built Nov 23 2025
<UciProtocol (pid=71276)>: stderr >> Search algorithm: classic
<UciProtocol (pid=71276)>: stderr >> Loading weights file from: data/engines/maia/maia-1900.pb.gz
<UciProtocol (pid=71276)>: stderr >> Initialized metal backend on device Apple M3 Pro
<UciProtocol (pid=71277)>: stderr >> [1m[31m       _
<UciProtocol (pid=71277)>: stderr >> |   _ | |
<UciProtocol (pid=71277)>: stderr >> |_ |_ |_|[0m v0.32.1+git.dirty built Nov 23 2025
<UciProtocol (pid=71277)>: stderr >> Search algorithm: classic
<UciProtocol (pid=71277)>: stderr >> Loading weights file from: data/engines/maia/maia-1900.pb.gz
<UciProtocol (pid=71277)>: stderr >> Initialized metal backend on device Apple M3 Pro
<UciProtocol (pid=71278)>: stderr >> [1m[31m       _
<UciProtocol (pid=71278)>: stderr >> |   _ | |
<UciProtocol (pid=71278)>: stderr >> |_ |_ |_|[0m v0.32.1+git.dirty built Nov 23 2025
<UciProtocol (pid=71278)>: stderr >> Search algorithm: classic
<UciProtocol (pid=71278)>: stderr >> Loading weights file from: data/engines/maia/maia-1900.pb.gz
<UciProtocol (pid=71279)>: stderr >> [1m[31m       _
<UciProtocol (pid=71279)>: stderr >> |   _ | |
<UciProtocol (pid=71279)>: stderr >> |_ |_ |_|[0m v0.32.1+git.dirty built Nov 23 2025
<UciProtocol (pid=71279)>: stderr >> Search algorithm: classic
<UciProtocol (pid=71279)>: stderr >> Loading weights file from: data/engines/maia/maia-1900.pb.gz
<UciProtocol (pid=71278)>: stderr >> Initialized metal backend on device Apple M3 Pro
<UciProtocol (pid=71280)>: stderr >> [1m[31m       _
<UciProtocol (pid=71280)>: stderr >> |   _ | |
<UciProtocol (pid=71280)>: stderr >> |_ |_ |_|[0m v0.32.1+git.dirty built Nov 23 2025
<UciProtocol (pid=71280)>: stderr >> Search algorithm: classic
<UciProtocol (pid=71280)>: stderr >> Loading weights file from: data/engines/maia/maia-1900.pb.gz
<UciProtocol (pid=71281)>: stderr >> [1m[31m       _
<UciProtocol (pid=71281)>: stderr >> |   _ | |
<UciProtocol (pid=71281)>: stderr >> |_ |_ |_|[0m v0.32.1+git.dirty built Nov 23 2025
<UciProtocol (pid=71279)>: stderr >> Initialized metal backend on device Apple M3 Pro
<UciProtocol (pid=71281)>: stderr >> Search algorithm: classic
<UciProtocol (pid=71281)>: stderr >> Loading weights file from: data/engines/maia/maia-1900.pb.gz
<UciProtocol (pid=71280)>: stderr >> Initialized metal backend on device Apple M3 Pro
<UciProtocol (pid=71281)>: stderr >> Initialized metal backend on device Apple M3 Pro
[daemon] shards 134  anchors 7,000  rows 710,097  (28,449/hr)  [886s]
<UciProtocol (pid=71794)>: stderr >> [1m[31m       _
<UciProtocol (pid=71794)>: stderr >> |   _ | |
<UciProtocol (pid=71794)>: stderr >> |_ |_ |_|[0m v0.32.1+git.dirty built Nov 23 2025
<UciProtocol (pid=71794)>: stderr >> Search algorithm: classic
<UciProtocol (pid=71793)>: stderr >> [1m[31m       _
<UciProtocol (pid=71793)>: stderr >> |   _ | |
<UciProtocol (pid=71793)>: stderr >> |_ |_ |_|[0m v0.32.1+git.dirty built Nov 23 2025
<UciProtocol (pid=71794)>: stderr >> Loading weights file from: data/engines/maia/maia-1100.pb.gz
<UciProtocol (pid=71793)>: stderr >> Search algorithm: classic
<UciProtocol (pid=71793)>: stderr >> Loading weights file from: data/engines/maia/maia-1100.pb.gz
<UciProtocol (pid=71794)>: stderr >> Initialized metal backend on device Apple M3 Pro
<UciProtocol (pid=71793)>: stderr >> Initialized metal backend on device Apple M3 Pro
<UciProtocol (pid=71797)>: stderr >> [1m[31m       _
<UciProtocol (pid=71797)>: stderr >> |   _ | |
<UciProtocol (pid=71797)>: stderr >> |_ |_ |_|[0m v0.32.1+git.dirty built Nov 23 2025
<UciProtocol (pid=71797)>: stderr >> Search algorithm: classic
<UciProtocol (pid=71797)>: stderr >> Loading weights file from: data/engines/maia/maia-1100.pb.gz
<UciProtocol (pid=71797)>: stderr >> Initialized metal backend on device Apple M3 Pro
<UciProtocol (pid=71800)>: stderr >> [1m[31m       _
<UciProtocol (pid=71799)>: stderr >> [1m[31m       _
<UciProtocol (pid=71800)>: stderr >> |   _ | |
<UciProtocol (pid=71800)>: stderr >> |_ |_ |_|[0m v0.32.1+git.dirty built Nov 23 2025
<UciProtocol (pid=71799)>: stderr >> |   _ | |
<UciProtocol (pid=71799)>: stderr >> |_ |_ |_|[0m v0.32.1+git.dirty built Nov 23 2025
<UciProtocol (pid=71800)>: stderr >> Search algorithm: classic
<UciProtocol (pid=71799)>: stderr >> Search algorithm: classic
<UciProtocol (pid=71799)>: stderr >> Loading weights file from: data/engines/maia/maia-1500.pb.gz
<UciProtocol (pid=71800)>: stderr >> Loading weights file from: data/engines/maia/maia-1100.pb.gz
<UciProtocol (pid=71801)>: stderr >> [1m[31m       _
<UciProtocol (pid=71801)>: stderr >> |   _ | |
<UciProtocol (pid=71801)>: stderr >> |_ |_ |_|[0m v0.32.1+git.dirty built Nov 23 2025
<UciProtocol (pid=71801)>: stderr >> Search algorithm: classic
<UciProtocol (pid=71799)>: stderr >> Initialized metal backend on device Apple M3 Pro
<UciProtocol (pid=71800)>: stderr >> Initialized metal backend on device Apple M3 Pro
<UciProtocol (pid=71801)>: stderr >> Loading weights file from: data/engines/maia/maia-1500.pb.gz
<UciProtocol (pid=71802)>: stderr >> [1m[31m       _
<UciProtocol (pid=71802)>: stderr >> |   _ | |
<UciProtocol (pid=71802)>: stderr >> |_ |_ |_|[0m v0.32.1+git.dirty built Nov 23 2025
<UciProtocol (pid=71802)>: stderr >> Search algorithm: classic
<UciProtocol (pid=71802)>: stderr >> Loading weights file from: data/engines/maia/maia-1100.pb.gz
<UciProtocol (pid=71801)>: stderr >> Initialized metal backend on device Apple M3 Pro
<UciProtocol (pid=71802)>: stderr >> Initialized metal backend on device Apple M3 Pro
<UciProtocol (pid=71803)>: stderr >> [1m[31m       _
<UciProtocol (pid=71803)>: stderr >> |   _ | |
<UciProtocol (pid=71803)>: stderr >> |_ |_ |_|[0m v0.32.1+git.dirty built Nov 23 2025
<UciProtocol (pid=71803)>: stderr >> Search algorithm: classic
<UciProtocol (pid=71803)>: stderr >> Loading weights file from: data/engines/maia/maia-1500.pb.gz
<UciProtocol (pid=71803)>: stderr >> Initialized metal backend on device Apple M3 Pro
<UciProtocol (pid=71804)>: stderr >> [1m[31m       _
<UciProtocol (pid=71804)>: stderr >> |   _ | |
<UciProtocol (pid=71804)>: stderr >> |_ |_ |_|[0m v0.32.1+git.dirty built Nov 23 2025
<UciProtocol (pid=71804)>: stderr >> Search algorithm: classic
<UciProtocol (pid=71804)>: stderr >> Loading weights file from: data/engines/maia/maia-1100.pb.gz
<UciProtocol (pid=71805)>: stderr >> [1m[31m       _
<UciProtocol (pid=71805)>: stderr >> |   _ | |
<UciProtocol (pid=71805)>: stderr >> |_ |_ |_|[0m v0.32.1+git.dirty built Nov 23 2025
<UciProtocol (pid=71805)>: stderr >> Search algorithm: classic
<UciProtocol (pid=71805)>: stderr >> Loading weights file from: data/engines/maia/maia-1100.pb.gz
<UciProtocol (pid=71804)>: stderr >> Initialized metal backend on device Apple M3 Pro
<UciProtocol (pid=71806)>: stderr >> [1m[31m       _
<UciProtocol (pid=71806)>: stderr >> |   _ | |
<UciProtocol (pid=71806)>: stderr >> |_ |_ |_|[0m v0.32.1+git.dirty built Nov 23 2025
<UciProtocol (pid=71806)>: stderr >> Search algorithm: classic
<UciProtocol (pid=71806)>: stderr >> Loading weights file from: data/engines/maia/maia-1900.pb.gz
<UciProtocol (pid=71805)>: stderr >> Initialized metal backend on device Apple M3 Pro
<UciProtocol (pid=71807)>: stderr >> [1m[31m       _
<UciProtocol (pid=71807)>: stderr >> |   _ | |
<UciProtocol (pid=71807)>: stderr >> |_ |_ |_|[0m v0.32.1+git.dirty built Nov 23 2025
<UciProtocol (pid=71807)>: stderr >> Search algorithm: classic
<UciProtocol (pid=71807)>: stderr >> Loading weights file from: data/engines/maia/maia-1500.pb.gz
<UciProtocol (pid=71806)>: stderr >> Initialized metal backend on device Apple M3 Pro
<UciProtocol (pid=71808)>: stderr >> [1m[31m       _
<UciProtocol (pid=71808)>: stderr >> |   _ | |
<UciProtocol (pid=71808)>: stderr >> |_ |_ |_|[0m v0.32.1+git.dirty built Nov 23 2025
<UciProtocol (pid=71808)>: stderr >> Search algorithm: classic
<UciProtocol (pid=71808)>: stderr >> Loading weights file from: data/engines/maia/maia-1900.pb.gz
<UciProtocol (pid=71807)>: stderr >> Initialized metal backend on device Apple M3 Pro
<UciProtocol (pid=71808)>: stderr >> Initialized metal backend on device Apple M3 Pro
<UciProtocol (pid=71809)>: stderr >> [1m[31m       _
<UciProtocol (pid=71809)>: stderr >> |   _ | |
<UciProtocol (pid=71809)>: stderr >> |_ |_ |_|[0m v0.32.1+git.dirty built Nov 23 2025
<UciProtocol (pid=71809)>: stderr >> Search algorithm: classic
<UciProtocol (pid=71809)>: stderr >> Loading weights file from: data/engines/maia/maia-1900.pb.gz
<UciProtocol (pid=71810)>: stderr >> [1m[31m       _
<UciProtocol (pid=71810)>: stderr >> |   _ | |
<UciProtocol (pid=71810)>: stderr >> |_ |_ |_|[0m v0.32.1+git.dirty built Nov 23 2025
<UciProtocol (pid=71810)>: stderr >> Search algorithm: classic
<UciProtocol (pid=71810)>: stderr >> Loading weights file from: data/engines/maia/maia-1500.pb.gz
<UciProtocol (pid=71809)>: stderr >> Initialized metal backend on device Apple M3 Pro
<UciProtocol (pid=71810)>: stderr >> Initialized metal backend on device Apple M3 Pro
<UciProtocol (pid=71816)>: stderr >> [1m[31m       _
<UciProtocol (pid=71816)>: stderr >> |   _ | |
<UciProtocol (pid=71816)>: stderr >> |_ |_ |_|[0m v0.32.1+git.dirty built Nov 23 2025
<UciProtocol (pid=71816)>: stderr >> Search algorithm: classic
<UciProtocol (pid=71816)>: stderr >> Loading weights file from: data/engines/maia/maia-1500.pb.gz
<UciProtocol (pid=71817)>: stderr >> [1m[31m       _
<UciProtocol (pid=71817)>: stderr >> |   _ | |
<UciProtocol (pid=71817)>: stderr >> |_ |_ |_|[0m v0.32.1+git.dirty built Nov 23 2025
<UciProtocol (pid=71817)>: stderr >> Search algorithm: classic
<UciProtocol (pid=71817)>: stderr >> Loading weights file from: data/engines/maia/maia-1500.pb.gz
<UciProtocol (pid=71816)>: stderr >> Initialized metal backend on device Apple M3 Pro
<UciProtocol (pid=71817)>: stderr >> Initialized metal backend on device Apple M3 Pro
<UciProtocol (pid=71818)>: stderr >> [1m[31m       _
<UciProtocol (pid=71818)>: stderr >> |   _ | |
<UciProtocol (pid=71818)>: stderr >> |_ |_ |_|[0m v0.32.1+git.dirty built Nov 23 2025
<UciProtocol (pid=71818)>: stderr >> Search algorithm: classic
<UciProtocol (pid=71818)>: stderr >> Loading weights file from: data/engines/maia/maia-1900.pb.gz
<UciProtocol (pid=71818)>: stderr >> Initialized metal backend on device Apple M3 Pro
<UciProtocol (pid=71819)>: stderr >> [1m[31m       _
<UciProtocol (pid=71819)>: stderr >> |   _ | |
<UciProtocol (pid=71819)>: stderr >> |_ |_ |_|[0m v0.32.1+git.dirty built Nov 23 2025
<UciProtocol (pid=71819)>: stderr >> Search algorithm: classic
<UciProtocol (pid=71819)>: stderr >> Loading weights file from: data/engines/maia/maia-1900.pb.gz
<UciProtocol (pid=71819)>: stderr >> Initialized metal backend on device Apple M3 Pro
<UciProtocol (pid=71820)>: stderr >> [1m[31m       _
<UciProtocol (pid=71820)>: stderr >> |   _ | |
<UciProtocol (pid=71820)>: stderr >> |_ |_ |_|[0m v0.32.1+git.dirty built Nov 23 2025
<UciProtocol (pid=71820)>: stderr >> Search algorithm: classic
<UciProtocol (pid=71820)>: stderr >> Loading weights file from: data/engines/maia/maia-1900.pb.gz
<UciProtocol (pid=71821)>: stderr >> [1m[31m       _
<UciProtocol (pid=71821)>: stderr >> |   _ | |
<UciProtocol (pid=71821)>: stderr >> |_ |_ |_|[0m v0.32.1+git.dirty built Nov 23 2025
<UciProtocol (pid=71821)>: stderr >> Search algorithm: classic
<UciProtocol (pid=71821)>: stderr >> Loading weights file from: data/engines/maia/maia-1900.pb.gz
<UciProtocol (pid=71820)>: stderr >> Initialized metal backend on device Apple M3 Pro
<UciProtocol (pid=71821)>: stderr >> Initialized metal backend on device Apple M3 Pro
[daemon] shards 141  anchors 8,400  rows 852,376  (28,352/hr)  [1067s]
<UciProtocol (pid=72308)>: stderr >> [1m[31m       _
<UciProtocol (pid=72307)>: stderr >> [1m[31m       _
<UciProtocol (pid=72308)>: stderr >> |   _ | |
<UciProtocol (pid=72307)>: stderr >> |   _ | |
<UciProtocol (pid=72308)>: stderr >> |_ |_ |_|[0m v0.32.1+git.dirty built Nov 23 2025
<UciProtocol (pid=72307)>: stderr >> |_ |_ |_|[0m v0.32.1+git.dirty built Nov 23 2025
<UciProtocol (pid=72307)>: stderr >> Search algorithm: classic
<UciProtocol (pid=72308)>: stderr >> Search algorithm: classic
<UciProtocol (pid=72308)>: stderr >> Loading weights file from: data/engines/maia/maia-1100.pb.gz
<UciProtocol (pid=72307)>: stderr >> Loading weights file from: data/engines/maia/maia-1100.pb.gz
<UciProtocol (pid=72307)>: stderr >> Initialized metal backend on device Apple M3 Pro
<UciProtocol (pid=72308)>: stderr >> Initialized metal backend on device Apple M3 Pro
<UciProtocol (pid=72309)>: stderr >> [1m[31m       _
<UciProtocol (pid=72309)>: stderr >> |   _ | |
<UciProtocol (pid=72309)>: stderr >> |_ |_ |_|[0m v0.32.1+git.dirty built Nov 23 2025
<UciProtocol (pid=72309)>: stderr >> Search algorithm: classic
<UciProtocol (pid=72309)>: stderr >> Loading weights file from: data/engines/maia/maia-1100.pb.gz
<UciProtocol (pid=72310)>: stderr >> [1m[31m       _
<UciProtocol (pid=72310)>: stderr >> |   _ | |
<UciProtocol (pid=72310)>: stderr >> |_ |_ |_|[0m v0.32.1+git.dirty built Nov 23 2025
<UciProtocol (pid=72310)>: stderr >> Search algorithm: classic
<UciProtocol (pid=72310)>: stderr >> Loading weights file from: data/engines/maia/maia-1100.pb.gz
<UciProtocol (pid=72309)>: stderr >> Initialized metal backend on device Apple M3 Pro
<UciProtocol (pid=72310)>: stderr >> Initialized metal backend on device Apple M3 Pro
<UciProtocol (pid=72311)>: stderr >> [1m[31m       _
<UciProtocol (pid=72311)>: stderr >> |   _ | |
<UciProtocol (pid=72311)>: stderr >> |_ |_ |_|[0m v0.32.1+git.dirty built Nov 23 2025
<UciProtocol (pid=72311)>: stderr >> Search algorithm: classic
<UciProtocol (pid=72311)>: stderr >> Loading weights file from: data/engines/maia/maia-1100.pb.gz
<UciProtocol (pid=72311)>: stderr >> Initialized metal backend on device Apple M3 Pro
<UciProtocol (pid=72314)>: stderr >> [1m[31m       _
<UciProtocol (pid=72314)>: stderr >> |   _ | |
<UciProtocol (pid=72314)>: stderr >> |_ |_ |_|[0m v0.32.1+git.dirty built Nov 23 2025
<UciProtocol (pid=72314)>: stderr >> Search algorithm: classic
<UciProtocol (pid=72314)>: stderr >> Loading weights file from: data/engines/maia/maia-1500.pb.gz
<UciProtocol (pid=72314)>: stderr >> Initialized metal backend on device Apple M3 Pro
<UciProtocol (pid=72315)>: stderr >> [1m[31m       _
<UciProtocol (pid=72315)>: stderr >> |   _ | |
<UciProtocol (pid=72315)>: stderr >> |_ |_ |_|[0m v0.32.1+git.dirty built Nov 23 2025
<UciProtocol (pid=72315)>: stderr >> Search algorithm: classic
<UciProtocol (pid=72315)>: stderr >> Loading weights file from: data/engines/maia/maia-1500.pb.gz
<UciProtocol (pid=72315)>: stderr >> Initialized metal backend on device Apple M3 Pro
<UciProtocol (pid=72316)>: stderr >> [1m[31m       _
<UciProtocol (pid=72316)>: stderr >> |   _ | |
<UciProtocol (pid=72316)>: stderr >> |_ |_ |_|[0m v0.32.1+git.dirty built Nov 23 2025
<UciProtocol (pid=72316)>: stderr >> Search algorithm: classic
<UciProtocol (pid=72316)>: stderr >> Loading weights file from: data/engines/maia/maia-1500.pb.gz
<UciProtocol (pid=72317)>: stderr >> [1m[31m       _
<UciProtocol (pid=72317)>: stderr >> |   _ | |
<UciProtocol (pid=72317)>: stderr >> |_ |_ |_|[0m v0.32.1+git.dirty built Nov 23 2025
<UciProtocol (pid=72316)>: stderr >> Initialized metal backend on device Apple M3 Pro
<UciProtocol (pid=72317)>: stderr >> Search algorithm: classic
<UciProtocol (pid=72317)>: stderr >> Loading weights file from: data/engines/maia/maia-1500.pb.gz
<UciProtocol (pid=72318)>: stderr >> [1m[31m       _
<UciProtocol (pid=72318)>: stderr >> |   _ | |
<UciProtocol (pid=72318)>: stderr >> |_ |_ |_|[0m v0.32.1+git.dirty built Nov 23 2025
<UciProtocol (pid=72318)>: stderr >> Search algorithm: classic
<UciProtocol (pid=72318)>: stderr >> Loading weights file from: data/engines/maia/maia-1500.pb.gz
<UciProtocol (pid=72317)>: stderr >> Initialized metal backend on device Apple M3 Pro
<UciProtocol (pid=72318)>: stderr >> Initialized metal backend on device Apple M3 Pro
<UciProtocol (pid=72319)>: stderr >> [1m[31m       _
<UciProtocol (pid=72319)>: stderr >> |   _ | |
<UciProtocol (pid=72319)>: stderr >> |_ |_ |_|[0m v0.32.1+git.dirty built Nov 23 2025
<UciProtocol (pid=72319)>: stderr >> Search algorithm: classic
<UciProtocol (pid=72319)>: stderr >> Loading weights file from: data/engines/maia/maia-1900.pb.gz
<UciProtocol (pid=72320)>: stderr >> [1m[31m       _
<UciProtocol (pid=72320)>: stderr >> |   _ | |
<UciProtocol (pid=72320)>: stderr >> |_ |_ |_|[0m v0.32.1+git.dirty built Nov 23 2025
<UciProtocol (pid=72320)>: stderr >> Search algorithm: classic
<UciProtocol (pid=72321)>: stderr >> [1m[31m       _
<UciProtocol (pid=72321)>: stderr >> |   _ | |
<UciProtocol (pid=72321)>: stderr >> |_ |_ |_|[0m v0.32.1+git.dirty built Nov 23 2025
<UciProtocol (pid=72321)>: stderr >> Search algorithm: classic
<UciProtocol (pid=72320)>: stderr >> Loading weights file from: data/engines/maia/maia-1100.pb.gz
<UciProtocol (pid=72321)>: stderr >> Loading weights file from: data/engines/maia/maia-1100.pb.gz
<UciProtocol (pid=72319)>: stderr >> Initialized metal backend on device Apple M3 Pro
<UciProtocol (pid=72320)>: stderr >> Initialized metal backend on device Apple M3 Pro
<UciProtocol (pid=72321)>: stderr >> Initialized metal backend on device Apple M3 Pro
<UciProtocol (pid=72322)>: stderr >> [1m[31m       _
<UciProtocol (pid=72322)>: stderr >> |   _ | |
<UciProtocol (pid=72322)>: stderr >> |_ |_ |_|[0m v0.32.1+git.dirty built Nov 23 2025
<UciProtocol (pid=72322)>: stderr >> Search algorithm: classic
<UciProtocol (pid=72323)>: stderr >> [1m[31m       _
<UciProtocol (pid=72323)>: stderr >> |   _ | |
<UciProtocol (pid=72323)>: stderr >> |_ |_ |_|[0m v0.32.1+git.dirty built Nov 23 2025
<UciProtocol (pid=72323)>: stderr >> Search algorithm: classic
<UciProtocol (pid=72323)>: stderr >> Loading weights file from: data/engines/maia/maia-1900.pb.gz
<UciProtocol (pid=72322)>: stderr >> Loading weights file from: data/engines/maia/maia-1900.pb.gz
<UciProtocol (pid=72322)>: stderr >> Initialized metal backend on device Apple M3 Pro
<UciProtocol (pid=72323)>: stderr >> Initialized metal backend on device Apple M3 Pro
<UciProtocol (pid=72324)>: stderr >> [1m[31m       _
<UciProtocol (pid=72324)>: stderr >> |   _ | |
<UciProtocol (pid=72324)>: stderr >> |_ |_ |_|[0m v0.32.1+git.dirty built Nov 23 2025
<UciProtocol (pid=72324)>: stderr >> Search algorithm: classic
<UciProtocol (pid=72324)>: stderr >> Loading weights file from: data/engines/maia/maia-1900.pb.gz
<UciProtocol (pid=72325)>: stderr >> [1m[31m       _
<UciProtocol (pid=72325)>: stderr >> |   _ | |
<UciProtocol (pid=72325)>: stderr >> |_ |_ |_|[0m v0.32.1+git.dirty built Nov 23 2025
<UciProtocol (pid=72325)>: stderr >> Search algorithm: classic
<UciProtocol (pid=72325)>: stderr >> Loading weights file from: data/engines/maia/maia-1900.pb.gz
<UciProtocol (pid=72324)>: stderr >> Initialized metal backend on device Apple M3 Pro
<UciProtocol (pid=72325)>: stderr >> Initialized metal backend on device Apple M3 Pro
<UciProtocol (pid=72326)>: stderr >> [1m[31m       _
<UciProtocol (pid=72326)>: stderr >> |   _ | |
<UciProtocol (pid=72326)>: stderr >> |_ |_ |_|[0m v0.32.1+git.dirty built Nov 23 2025
<UciProtocol (pid=72326)>: stderr >> Search algorithm: classic
<UciProtocol (pid=72326)>: stderr >> Loading weights file from: data/engines/maia/maia-1500.pb.gz
<UciProtocol (pid=72327)>: stderr >> [1m[31m       _
<UciProtocol (pid=72327)>: stderr >> |   _ | |
<UciProtocol (pid=72327)>: stderr >> |_ |_ |_|[0m v0.32.1+git.dirty built Nov 23 2025
<UciProtocol (pid=72327)>: stderr >> Search algorithm: classic
<UciProtocol (pid=72327)>: stderr >> Loading weights file from: data/engines/maia/maia-1500.pb.gz
<UciProtocol (pid=72326)>: stderr >> Initialized metal backend on device Apple M3 Pro
<UciProtocol (pid=72327)>: stderr >> Initialized metal backend on device Apple M3 Pro
<UciProtocol (pid=72333)>: stderr >> [1m[31m       _
<UciProtocol (pid=72333)>: stderr >> |   _ | |
<UciProtocol (pid=72333)>: stderr >> |_ |_ |_|[0m v0.32.1+git.dirty built Nov 23 2025
<UciProtocol (pid=72333)>: stderr >> Search algorithm: classic
<UciProtocol (pid=72333)>: stderr >> Loading weights file from: data/engines/maia/maia-1900.pb.gz
<UciProtocol (pid=72334)>: stderr >> [1m[31m       _
<UciProtocol (pid=72334)>: stderr >> |   _ | |
<UciProtocol (pid=72334)>: stderr >> |_ |_ |_|[0m v0.32.1+git.dirty built Nov 23 2025
<UciProtocol (pid=72334)>: stderr >> Search algorithm: classic
<UciProtocol (pid=72334)>: stderr >> Loading weights file from: data/engines/maia/maia-1900.pb.gz
<UciProtocol (pid=72333)>: stderr >> Initialized metal backend on device Apple M3 Pro
<UciProtocol (pid=72334)>: stderr >> Initialized metal backend on device Apple M3 Pro
[daemon] shards 148  anchors 9,800  rows 994,907  (28,346/hr)  [1245s]
<UciProtocol (pid=72836)>: stderr >> [1m[31m       _
<UciProtocol (pid=72836)>: stderr >> |   _ | |
<UciProtocol (pid=72836)>: stderr >> |_ |_ |_|[0m v0.32.1+git.dirty built Nov 23 2025
<UciProtocol (pid=72836)>: stderr >> Search algorithm: classic
<UciProtocol (pid=72836)>: stderr >> Loading weights file from: data/engines/maia/maia-1100.pb.gz
<UciProtocol (pid=72836)>: stderr >> Initialized metal backend on device Apple M3 Pro
<UciProtocol (pid=72842)>: stderr >> [1m[31m       _
<UciProtocol (pid=72842)>: stderr >> |   _ | |
<UciProtocol (pid=72842)>: stderr >> |_ |_ |_|[0m v0.32.1+git.dirty built Nov 23 2025
<UciProtocol (pid=72842)>: stderr >> Search algorithm: classic
<UciProtocol (pid=72843)>: stderr >> [1m[31m       _
<UciProtocol (pid=72843)>: stderr >> |   _ | |
<UciProtocol (pid=72843)>: stderr >> |_ |_ |_|[0m v0.32.1+git.dirty built Nov 23 2025
<UciProtocol (pid=72843)>: stderr >> Search algorithm: classic
<UciProtocol (pid=72843)>: stderr >> Loading weights file from: data/engines/maia/maia-1100.pb.gz
<UciProtocol (pid=72842)>: stderr >> Loading weights file from: data/engines/maia/maia-1100.pb.gz
<UciProtocol (pid=72843)>: stderr >> Initialized metal backend on device Apple M3 Pro
<UciProtocol (pid=72842)>: stderr >> Initialized metal backend on device Apple M3 Pro
<UciProtocol (pid=72847)>: stderr >> [1m[31m       _
<UciProtocol (pid=72847)>: stderr >> |   _ | |
<UciProtocol (pid=72847)>: stderr >> |_ |_ |_|[0m v0.32.1+git.dirty built Nov 23 2025
<UciProtocol (pid=72847)>: stderr >> Search algorithm: classic
<UciProtocol (pid=72847)>: stderr >> Loading weights file from: data/engines/maia/maia-1500.pb.gz
<UciProtocol (pid=72846)>: stderr >> [1m[31m       _
<UciProtocol (pid=72846)>: stderr >> |   _ | |
<UciProtocol (pid=72846)>: stderr >> |_ |_ |_|[0m v0.32.1+git.dirty built Nov 23 2025
<UciProtocol (pid=72846)>: stderr >> Search algorithm: classic
<UciProtocol (pid=72846)>: stderr >> Loading weights file from: data/engines/maia/maia-1100.pb.gz
<UciProtocol (pid=72847)>: stderr >> Initialized metal backend on device Apple M3 Pro
<UciProtocol (pid=72846)>: stderr >> Initialized metal backend on device Apple M3 Pro
<UciProtocol (pid=72850)>: stderr >> [1m[31m       _
<UciProtocol (pid=72850)>: stderr >> |   _ | |
<UciProtocol (pid=72850)>: stderr >> |_ |_ |_|[0m v0.32.1+git.dirty built Nov 23 2025
<UciProtocol (pid=72849)>: stderr >> [1m[31m       _
<UciProtocol (pid=72849)>: stderr >> |   _ | |
<UciProtocol (pid=72849)>: stderr >> |_ |_ |_|[0m v0.32.1+git.dirty built Nov 23 2025
<UciProtocol (pid=72850)>: stderr >> Search algorithm: classic
<UciProtocol (pid=72849)>: stderr >> Search algorithm: classic
<UciProtocol (pid=72850)>: stderr >> Loading weights file from: data/engines/maia/maia-1500.pb.gz
<UciProtocol (pid=72849)>: stderr >> Loading weights file from: data/engines/maia/maia-1500.pb.gz
<UciProtocol (pid=72849)>: stderr >> Initialized metal backend on device Apple M3 Pro
<UciProtocol (pid=72850)>: stderr >> Initialized metal backend on device Apple M3 Pro
<UciProtocol (pid=72852)>: stderr >> [1m[31m       _
<UciProtocol (pid=72852)>: stderr >> |   _ | |
<UciProtocol (pid=72852)>: stderr >> |_ |_ |_|[0m v0.32.1+git.dirty built Nov 23 2025
<UciProtocol (pid=72851)>: stderr >> [1m[31m       _
<UciProtocol (pid=72851)>: stderr >> |   _ | |
<UciProtocol (pid=72851)>: stderr >> |_ |_ |_|[0m v0.32.1+git.dirty built Nov 23 2025
<UciProtocol (pid=72851)>: stderr >> Search algorithm: classic
<UciProtocol (pid=72852)>: stderr >> Search algorithm: classic
<UciProtocol (pid=72852)>: stderr >> Loading weights file from: data/engines/maia/maia-1500.pb.gz
<UciProtocol (pid=72851)>: stderr >> Loading weights file from: data/engines/maia/maia-1900.pb.gz
<UciProtocol (pid=72851)>: stderr >> Initialized metal backend on device Apple M3 Pro
<UciProtocol (pid=72852)>: stderr >> Initialized metal backend on device Apple M3 Pro
<UciProtocol (pid=72854)>: stderr >> [1m[31m       _
<UciProtocol (pid=72853)>: stderr >> [1m[31m       _
<UciProtocol (pid=72854)>: stderr >> |   _ | |
<UciProtocol (pid=72854)>: stderr >> |_ |_ |_|[0m v0.32.1+git.dirty built Nov 23 2025
<UciProtocol (pid=72853)>: stderr >> |   _ | |
<UciProtocol (pid=72853)>: stderr >> |_ |_ |_|[0m v0.32.1+git.dirty built Nov 23 2025
<UciProtocol (pid=72853)>: stderr >> Search algorithm: classic
<UciProtocol (pid=72854)>: stderr >> Search algorithm: classic
<UciProtocol (pid=72853)>: stderr >> Loading weights file from: data/engines/maia/maia-1900.pb.gz
<UciProtocol (pid=72854)>: stderr >> Loading weights file from: data/engines/maia/maia-1900.pb.gz
<UciProtocol (pid=72854)>: stderr >> Initialized metal backend on device Apple M3 Pro
<UciProtocol (pid=72853)>: stderr >> Initialized metal backend on device Apple M3 Pro
<UciProtocol (pid=72855)>: stderr >> [1m[31m       _
<UciProtocol (pid=72855)>: stderr >> |   _ | |
<UciProtocol (pid=72855)>: stderr >> |_ |_ |_|[0m v0.32.1+git.dirty built Nov 23 2025
<UciProtocol (pid=72855)>: stderr >> Search algorithm: classic
<UciProtocol (pid=72855)>: stderr >> Loading weights file from: data/engines/maia/maia-1100.pb.gz
<UciProtocol (pid=72855)>: stderr >> Initialized metal backend on device Apple M3 Pro
<UciProtocol (pid=72856)>: stderr >> [1m[31m       _
<UciProtocol (pid=72856)>: stderr >> |   _ | |
<UciProtocol (pid=72856)>: stderr >> |_ |_ |_|[0m v0.32.1+git.dirty built Nov 23 2025
<UciProtocol (pid=72856)>: stderr >> Search algorithm: classic
<UciProtocol (pid=72856)>: stderr >> Loading weights file from: data/engines/maia/maia-1900.pb.gz
<UciProtocol (pid=72856)>: stderr >> Initialized metal backend on device Apple M3 Pro
<UciProtocol (pid=72862)>: stderr >> [1m[31m       _
<UciProtocol (pid=72862)>: stderr >> |   _ | |
<UciProtocol (pid=72862)>: stderr >> |_ |_ |_|[0m v0.32.1+git.dirty built Nov 23 2025
<UciProtocol (pid=72862)>: stderr >> Search algorithm: classic
<UciProtocol (pid=72862)>: stderr >> Loading weights file from: data/engines/maia/maia-1100.pb.gz
<UciProtocol (pid=72862)>: stderr >> Initialized metal backend on device Apple M3 Pro
<UciProtocol (pid=72863)>: stderr >> [1m[31m       _
<UciProtocol (pid=72863)>: stderr >> |   _ | |
<UciProtocol (pid=72863)>: stderr >> |_ |_ |_|[0m v0.32.1+git.dirty built Nov 23 2025
<UciProtocol (pid=72863)>: stderr >> Search algorithm: classic
<UciProtocol (pid=72863)>: stderr >> Loading weights file from: data/engines/maia/maia-1100.pb.gz
<UciProtocol (pid=72863)>: stderr >> Initialized metal backend on device Apple M3 Pro
<UciProtocol (pid=72864)>: stderr >> [1m[31m       _
<UciProtocol (pid=72864)>: stderr >> |   _ | |
<UciProtocol (pid=72864)>: stderr >> |_ |_ |_|[0m v0.32.1+git.dirty built Nov 23 2025
<UciProtocol (pid=72864)>: stderr >> Search algorithm: classic
<UciProtocol (pid=72864)>: stderr >> Loading weights file from: data/engines/maia/maia-1500.pb.gz
<UciProtocol (pid=72864)>: stderr >> Initialized metal backend on device Apple M3 Pro
<UciProtocol (pid=72865)>: stderr >> [1m[31m       _
<UciProtocol (pid=72865)>: stderr >> |   _ | |
<UciProtocol (pid=72865)>: stderr >> |_ |_ |_|[0m v0.32.1+git.dirty built Nov 23 2025
<UciProtocol (pid=72865)>: stderr >> Search algorithm: classic
<UciProtocol (pid=72865)>: stderr >> Loading weights file from: data/engines/maia/maia-1500.pb.gz
<UciProtocol (pid=72865)>: stderr >> Initialized metal backend on device Apple M3 Pro
<UciProtocol (pid=72866)>: stderr >> [1m[31m       _
<UciProtocol (pid=72866)>: stderr >> |   _ | |
<UciProtocol (pid=72866)>: stderr >> |_ |_ |_|[0m v0.32.1+git.dirty built Nov 23 2025
<UciProtocol (pid=72866)>: stderr >> Search algorithm: classic
<UciProtocol (pid=72866)>: stderr >> Loading weights file from: data/engines/maia/maia-1500.pb.gz
<UciProtocol (pid=72866)>: stderr >> Initialized metal backend on device Apple M3 Pro
<UciProtocol (pid=72867)>: stderr >> [1m[31m       _
<UciProtocol (pid=72867)>: stderr >> |   _ | |
<UciProtocol (pid=72867)>: stderr >> |_ |_ |_|[0m v0.32.1+git.dirty built Nov 23 2025
<UciProtocol (pid=72867)>: stderr >> Search algorithm: classic
<UciProtocol (pid=72867)>: stderr >> Loading weights file from: data/engines/maia/maia-1900.pb.gz
<UciProtocol (pid=72867)>: stderr >> Initialized metal backend on device Apple M3 Pro
<UciProtocol (pid=72868)>: stderr >> [1m[31m       _
<UciProtocol (pid=72868)>: stderr >> |   _ | |
<UciProtocol (pid=72868)>: stderr >> |_ |_ |_|[0m v0.32.1+git.dirty built Nov 23 2025
<UciProtocol (pid=72868)>: stderr >> Search algorithm: classic
<UciProtocol (pid=72868)>: stderr >> Loading weights file from: data/engines/maia/maia-1900.pb.gz
<UciProtocol (pid=72868)>: stderr >> Initialized metal backend on device Apple M3 Pro
<UciProtocol (pid=72869)>: stderr >> [1m[31m       _
<UciProtocol (pid=72869)>: stderr >> |   _ | |
<UciProtocol (pid=72869)>: stderr >> |_ |_ |_|[0m v0.32.1+git.dirty built Nov 23 2025
<UciProtocol (pid=72869)>: stderr >> Search algorithm: classic
<UciProtocol (pid=72869)>: stderr >> Loading weights file from: data/engines/maia/maia-1900.pb.gz
<UciProtocol (pid=72869)>: stderr >> Initialized metal backend on device Apple M3 Pro
[daemon] shards 155  anchors 11,200  rows 1,137,681  (28,207/hr)  [1429s]
<UciProtocol (pid=73356)>: stderr >> [1m[31m       _
<UciProtocol (pid=73356)>: stderr >> |   _ | |
<UciProtocol (pid=73356)>: stderr >> |_ |_ |_|[0m v0.32.1+git.dirty built Nov 23 2025
<UciProtocol (pid=73356)>: stderr >> Search algorithm: classic
<UciProtocol (pid=73356)>: stderr >> Loading weights file from: data/engines/maia/maia-1100.pb.gz
<UciProtocol (pid=73357)>: stderr >> [1m[31m       _
<UciProtocol (pid=73357)>: stderr >> |   _ | |
<UciProtocol (pid=73357)>: stderr >> |_ |_ |_|[0m v0.32.1+git.dirty built Nov 23 2025
<UciProtocol (pid=73356)>: stderr >> Initialized metal backend on device Apple M3 Pro
<UciProtocol (pid=73357)>: stderr >> Search algorithm: classic
<UciProtocol (pid=73357)>: stderr >> Loading weights file from: data/engines/maia/maia-1100.pb.gz
<UciProtocol (pid=73357)>: stderr >> Initialized metal backend on device Apple M3 Pro
<UciProtocol (pid=73360)>: stderr >> [1m[31m       _
<UciProtocol (pid=73360)>: stderr >> |   _ | |
<UciProtocol (pid=73360)>: stderr >> |_ |_ |_|[0m v0.32.1+git.dirty built Nov 23 2025
<UciProtocol (pid=73359)>: stderr >> [1m[31m       _
<UciProtocol (pid=73359)>: stderr >> |   _ | |
<UciProtocol (pid=73359)>: stderr >> |_ |_ |_|[0m v0.32.1+git.dirty built Nov 23 2025
<UciProtocol (pid=73360)>: stderr >> Search algorithm: classic
<UciProtocol (pid=73359)>: stderr >> Search algorithm: classic
<UciProtocol (pid=73360)>: stderr >> Loading weights file from: data/engines/maia/maia-1100.pb.gz
<UciProtocol (pid=73359)>: stderr >> Loading weights file from: data/engines/maia/maia-1100.pb.gz
<UciProtocol (pid=73361)>: stderr >> [1m[31m       _
<UciProtocol (pid=73361)>: stderr >> |   _ | |
<UciProtocol (pid=73361)>: stderr >> |_ |_ |_|[0m v0.32.1+git.dirty built Nov 23 2025
<UciProtocol (pid=73361)>: stderr >> Search algorithm: classic
<UciProtocol (pid=73361)>: stderr >> Loading weights file from: data/engines/maia/maia-1100.pb.gz
<UciProtocol (pid=73360)>: stderr >> Initialized metal backend on device Apple M3 Pro
<UciProtocol (pid=73359)>: stderr >> Initialized metal backend on device Apple M3 Pro
<UciProtocol (pid=73361)>: stderr >> Initialized metal backend on device Apple M3 Pro
<UciProtocol (pid=73362)>: stderr >> [1m[31m       _
<UciProtocol (pid=73362)>: stderr >> |   _ | |
<UciProtocol (pid=73362)>: stderr >> |_ |_ |_|[0m v0.32.1+git.dirty built Nov 23 2025
<UciProtocol (pid=73362)>: stderr >> Search algorithm: classic
<UciProtocol (pid=73362)>: stderr >> Loading weights file from: data/engines/maia/maia-1500.pb.gz
<UciProtocol (pid=73362)>: stderr >> Initialized metal backend on device Apple M3 Pro
<UciProtocol (pid=73364)>: stderr >> [1m[31m       _
<UciProtocol (pid=73364)>: stderr >> |   _ | |
<UciProtocol (pid=73364)>: stderr >> |_ |_ |_|[0m v0.32.1+git.dirty built Nov 23 2025
<UciProtocol (pid=73364)>: stderr >> Search algorithm: classic
<UciProtocol (pid=73364)>: stderr >> Loading weights file from: data/engines/maia/maia-1500.pb.gz
<UciProtocol (pid=73365)>: stderr >> [1m[31m       _
<UciProtocol (pid=73365)>: stderr >> |   _ | |
<UciProtocol (pid=73365)>: stderr >> |_ |_ |_|[0m v0.32.1+git.dirty built Nov 23 2025
<UciProtocol (pid=73365)>: stderr >> Search algorithm: classic
<UciProtocol (pid=73364)>: stderr >> Initialized metal backend on device Apple M3 Pro
<UciProtocol (pid=73365)>: stderr >> Loading weights file from: data/engines/maia/maia-1100.pb.gz
<UciProtocol (pid=73365)>: stderr >> Initialized metal backend on device Apple M3 Pro
<UciProtocol (pid=73374)>: stderr >> [1m[31m       _
<UciProtocol (pid=73373)>: stderr >> [1m[31m       _
<UciProtocol (pid=73374)>: stderr >> |   _ | |
<UciProtocol (pid=73373)>: stderr >> |   _ | |
<UciProtocol (pid=73374)>: stderr >> |_ |_ |_|[0m v0.32.1+git.dirty built Nov 23 2025
<UciProtocol (pid=73373)>: stderr >> |_ |_ |_|[0m v0.32.1+git.dirty built Nov 23 2025
<UciProtocol (pid=73373)>: stderr >> Search algorithm: classic
<UciProtocol (pid=73373)>: stderr >> Loading weights file from: data/engines/maia/maia-1500.pb.gz
<UciProtocol (pid=73374)>: stderr >> Search algorithm: classic
<UciProtocol (pid=73374)>: stderr >> Loading weights file from: data/engines/maia/maia-1500.pb.gz
<UciProtocol (pid=73375)>: stderr >> [1m[31m       _
<UciProtocol (pid=73375)>: stderr >> |   _ | |
<UciProtocol (pid=73375)>: stderr >> |_ |_ |_|[0m v0.32.1+git.dirty built Nov 23 2025
<UciProtocol (pid=73375)>: stderr >> Search algorithm: classic
<UciProtocol (pid=73375)>: stderr >> Loading weights file from: data/engines/maia/maia-1500.pb.gz
<UciProtocol (pid=73373)>: stderr >> Initialized metal backend on device Apple M3 Pro
<UciProtocol (pid=73374)>: stderr >> Initialized metal backend on device Apple M3 Pro
<UciProtocol (pid=73375)>: stderr >> Initialized metal backend on device Apple M3 Pro
<UciProtocol (pid=73376)>: stderr >> [1m[31m       _
<UciProtocol (pid=73376)>: stderr >> |   _ | |
<UciProtocol (pid=73376)>: stderr >> |_ |_ |_|[0m v0.32.1+git.dirty built Nov 23 2025
<UciProtocol (pid=73376)>: stderr >> Search algorithm: classic
<UciProtocol (pid=73376)>: stderr >> Loading weights file from: data/engines/maia/maia-1900.pb.gz
<UciProtocol (pid=73376)>: stderr >> Initialized metal backend on device Apple M3 Pro
<UciProtocol (pid=73378)>: stderr >> [1m[31m       _
<UciProtocol (pid=73378)>: stderr >> |   _ | |
<UciProtocol (pid=73378)>: stderr >> |_ |_ |_|[0m v0.32.1+git.dirty built Nov 23 2025
<UciProtocol (pid=73377)>: stderr >> [1m[31m       _
<UciProtocol (pid=73377)>: stderr >> |   _ | |
<UciProtocol (pid=73377)>: stderr >> |_ |_ |_|[0m v0.32.1+git.dirty built Nov 23 2025
<UciProtocol (pid=73378)>: stderr >> Search algorithm: classic
<UciProtocol (pid=73377)>: stderr >> Search algorithm: classic
<UciProtocol (pid=73377)>: stderr >> Loading weights file from: data/engines/maia/maia-1500.pb.gz
<UciProtocol (pid=73378)>: stderr >> Loading weights file from: data/engines/maia/maia-1100.pb.gz
<UciProtocol (pid=73379)>: stderr >> [1m[31m       _
<UciProtocol (pid=73379)>: stderr >> |   _ | |
<UciProtocol (pid=73379)>: stderr >> |_ |_ |_|[0m v0.32.1+git.dirty built Nov 23 2025
<UciProtocol (pid=73379)>: stderr >> Search algorithm: classic
<UciProtocol (pid=73379)>: stderr >> Loading weights file from: data/engines/maia/maia-1900.pb.gz
<UciProtocol (pid=73377)>: stderr >> Initialized metal backend on device Apple M3 Pro
<UciProtocol (pid=73378)>: stderr >> Initialized metal backend on device Apple M3 Pro
<UciProtocol (pid=73379)>: stderr >> Initialized metal backend on device Apple M3 Pro
<UciProtocol (pid=73380)>: stderr >> [1m[31m       _
<UciProtocol (pid=73380)>: stderr >> |   _ | |
<UciProtocol (pid=73380)>: stderr >> |_ |_ |_|[0m v0.32.1+git.dirty built Nov 23 2025
<UciProtocol (pid=73380)>: stderr >> Search algorithm: classic
<UciProtocol (pid=73380)>: stderr >> Loading weights file from: data/engines/maia/maia-1900.pb.gz
<UciProtocol (pid=73381)>: stderr >> [1m[31m       _
<UciProtocol (pid=73381)>: stderr >> |   _ | |
<UciProtocol (pid=73381)>: stderr >> |_ |_ |_|[0m v0.32.1+git.dirty built Nov 23 2025
<UciProtocol (pid=73381)>: stderr >> Search algorithm: classic
<UciProtocol (pid=73381)>: stderr >> Loading weights file from: data/engines/maia/maia-1900.pb.gz
<UciProtocol (pid=73380)>: stderr >> Initialized metal backend on device Apple M3 Pro
<UciProtocol (pid=73381)>: stderr >> Initialized metal backend on device Apple M3 Pro
<UciProtocol (pid=73382)>: stderr >> [1m[31m       _
<UciProtocol (pid=73382)>: stderr >> |   _ | |
<UciProtocol (pid=73382)>: stderr >> |_ |_ |_|[0m v0.32.1+git.dirty built Nov 23 2025
<UciProtocol (pid=73382)>: stderr >> Search algorithm: classic
<UciProtocol (pid=73382)>: stderr >> Loading weights file from: data/engines/maia/maia-1900.pb.gz
<UciProtocol (pid=73382)>: stderr >> Initialized metal backend on device Apple M3 Pro
<UciProtocol (pid=73383)>: stderr >> [1m[31m       _
<UciProtocol (pid=73383)>: stderr >> |   _ | |
<UciProtocol (pid=73383)>: stderr >> |_ |_ |_|[0m v0.32.1+git.dirty built Nov 23 2025
<UciProtocol (pid=73383)>: stderr >> Search algorithm: classic
<UciProtocol (pid=73383)>: stderr >> Loading weights file from: data/engines/maia/maia-1900.pb.gz
<UciProtocol (pid=73384)>: stderr >> [1m[31m       _
<UciProtocol (pid=73384)>: stderr >> |   _ | |
<UciProtocol (pid=73384)>: stderr >> |_ |_ |_|[0m v0.32.1+git.dirty built Nov 23 2025
<UciProtocol (pid=73384)>: stderr >> Search algorithm: classic
<UciProtocol (pid=73384)>: stderr >> Loading weights file from: data/engines/maia/maia-1500.pb.gz
<UciProtocol (pid=73384)>: stderr >> Initialized metal backend on device Apple M3 Pro
<UciProtocol (pid=73383)>: stderr >> Initialized metal backend on device Apple M3 Pro
<UciProtocol (pid=73385)>: stderr >> [1m[31m       _
<UciProtocol (pid=73385)>: stderr >> |   _ | |
<UciProtocol (pid=73385)>: stderr >> |_ |_ |_|[0m v0.32.1+git.dirty built Nov 23 2025
<UciProtocol (pid=73385)>: stderr >> Search algorithm: classic
<UciProtocol (pid=73385)>: stderr >> Loading weights file from: data/engines/maia/maia-1900.pb.gz
<UciProtocol (pid=73385)>: stderr >> Initialized metal backend on device Apple M3 Pro
[daemon] shards 162  anchors 12,600  rows 1,280,070  (28,068/hr)  [1616s]
<UciProtocol (pid=73940)>: stderr >> [1m[31m       _
<UciProtocol (pid=73940)>: stderr >> |   _ | |
<UciProtocol (pid=73940)>: stderr >> |_ |_ |_|[0m v0.32.1+git.dirty built Nov 23 2025
<UciProtocol (pid=73940)>: stderr >> Search algorithm: classic
<UciProtocol (pid=73940)>: stderr >> Loading weights file from: data/engines/maia/maia-1100.pb.gz
<UciProtocol (pid=73941)>: stderr >> [1m[31m       _
<UciProtocol (pid=73941)>: stderr >> |   _ | |
<UciProtocol (pid=73941)>: stderr >> |_ |_ |_|[0m v0.32.1+git.dirty built Nov 23 2025
<UciProtocol (pid=73941)>: stderr >> Search algorithm: classic
<UciProtocol (pid=73941)>: stderr >> Loading weights file from: data/engines/maia/maia-1100.pb.gz
<UciProtocol (pid=73943)>: stderr >> [1m[31m       _
<UciProtocol (pid=73943)>: stderr >> |   _ | |
<UciProtocol (pid=73943)>: stderr >> |_ |_ |_|[0m v0.32.1+git.dirty built Nov 23 2025
<UciProtocol (pid=73943)>: stderr >> Search algorithm: classic
<UciProtocol (pid=73943)>: stderr >> Loading weights file from: data/engines/maia/maia-1100.pb.gz
<UciProtocol (pid=73940)>: stderr >> Initialized metal backend on device Apple M3 Pro
<UciProtocol (pid=73941)>: stderr >> Initialized metal backend on device Apple M3 Pro
<UciProtocol (pid=73945)>: stderr >> [1m[31m       _
<UciProtocol (pid=73945)>: stderr >> |   _ | |
<UciProtocol (pid=73945)>: stderr >> |_ |_ |_|[0m v0.32.1+git.dirty built Nov 23 2025
<UciProtocol (pid=73945)>: stderr >> Search algorithm: classic
<UciProtocol (pid=73945)>: stderr >> Loading weights file from: data/engines/maia/maia-1100.pb.gz
<UciProtocol (pid=73943)>: stderr >> Initialized metal backend on device Apple M3 Pro
<UciProtocol (pid=73945)>: stderr >> Initialized metal backend on device Apple M3 Pro
<UciProtocol (pid=73946)>: stderr >> [1m[31m       _
<UciProtocol (pid=73946)>: stderr >> |   _ | |
<UciProtocol (pid=73946)>: stderr >> |_ |_ |_|[0m v0.32.1+git.dirty built Nov 23 2025
<UciProtocol (pid=73946)>: stderr >> Search algorithm: classic
<UciProtocol (pid=73946)>: stderr >> Loading weights file from: data/engines/maia/maia-1100.pb.gz
<UciProtocol (pid=73946)>: stderr >> Initialized metal backend on device Apple M3 Pro
<UciProtocol (pid=73947)>: stderr >> [1m[31m       _
<UciProtocol (pid=73947)>: stderr >> |   _ | |
<UciProtocol (pid=73947)>: stderr >> |_ |_ |_|[0m v0.32.1+git.dirty built Nov 23 2025
<UciProtocol (pid=73947)>: stderr >> Search algorithm: classic
<UciProtocol (pid=73947)>: stderr >> Loading weights file from: data/engines/maia/maia-1500.pb.gz
<UciProtocol (pid=73947)>: stderr >> Initialized metal backend on device Apple M3 Pro
<UciProtocol (pid=73949)>: stderr >> [1m[31m       _
<UciProtocol (pid=73949)>: stderr >> |   _ | |
<UciProtocol (pid=73949)>: stderr >> |_ |_ |_|[0m v0.32.1+git.dirty built Nov 23 2025
<UciProtocol (pid=73948)>: stderr >> [1m[31m       _
<UciProtocol (pid=73948)>: stderr >> |   _ | |
<UciProtocol (pid=73948)>: stderr >> |_ |_ |_|[0m v0.32.1+git.dirty built Nov 23 2025
<UciProtocol (pid=73949)>: stderr >> Search algorithm: classic
<UciProtocol (pid=73948)>: stderr >> Search algorithm: classic
<UciProtocol (pid=73949)>: stderr >> Loading weights file from: data/engines/maia/maia-1100.pb.gz
<UciProtocol (pid=73948)>: stderr >> Loading weights file from: data/engines/maia/maia-1500.pb.gz
<UciProtocol (pid=73950)>: stderr >> [1m[31m       _
<UciProtocol (pid=73950)>: stderr >> |   _ | |
<UciProtocol (pid=73950)>: stderr >> |_ |_ |_|[0m v0.32.1+git.dirty built Nov 23 2025
<UciProtocol (pid=73951)>: stderr >> [1m[31m       _
<UciProtocol (pid=73951)>: stderr >> |   _ | |
<UciProtocol (pid=73951)>: stderr >> |_ |_ |_|[0m v0.32.1+git.dirty built Nov 23 2025
<UciProtocol (pid=73950)>: stderr >> Search algorithm: classic
<UciProtocol (pid=73952)>: stderr >> [1m[31m       _
<UciProtocol (pid=73952)>: stderr >> |   _ | |
<UciProtocol (pid=73952)>: stderr >> |_ |_ |_|[0m v0.32.1+git.dirty built Nov 23 2025
<UciProtocol (pid=73952)>: stderr >> Search algorithm: classic
<UciProtocol (pid=73950)>: stderr >> Loading weights file from: data/engines/maia/maia-1500.pb.gz
<UciProtocol (pid=73951)>: stderr >> Search algorithm: classic
<UciProtocol (pid=73951)>: stderr >> Loading weights file from: data/engines/maia/maia-1500.pb.gz
<UciProtocol (pid=73952)>: stderr >> Loading weights file from: data/engines/maia/maia-1100.pb.gz
<UciProtocol (pid=73949)>: stderr >> Initialized metal backend on device Apple M3 Pro
<UciProtocol (pid=73948)>: stderr >> Initialized metal backend on device Apple M3 Pro
<UciProtocol (pid=73950)>: stderr >> Initialized metal backend on device Apple M3 Pro
<UciProtocol (pid=73951)>: stderr >> Initialized metal backend on device Apple M3 Pro
<UciProtocol (pid=73952)>: stderr >> Initialized metal backend on device Apple M3 Pro
<UciProtocol (pid=73953)>: stderr >> [1m[31m       _
<UciProtocol (pid=73953)>: stderr >> |   _ | |
<UciProtocol (pid=73953)>: stderr >> |_ |_ |_|[0m v0.32.1+git.dirty built Nov 23 2025
<UciProtocol (pid=73953)>: stderr >> Search algorithm: classic
<UciProtocol (pid=73953)>: stderr >> Loading weights file from: data/engines/maia/maia-1500.pb.gz
<UciProtocol (pid=73953)>: stderr >> Initialized metal backend on device Apple M3 Pro
<UciProtocol (pid=73954)>: stderr >> [1m[31m       _
<UciProtocol (pid=73954)>: stderr >> |   _ | |
<UciProtocol (pid=73954)>: stderr >> |_ |_ |_|[0m v0.32.1+git.dirty built Nov 23 2025
<UciProtocol (pid=73954)>: stderr >> Search algorithm: classic
<UciProtocol (pid=73954)>: stderr >> Loading weights file from: data/engines/maia/maia-1900.pb.gz
<UciProtocol (pid=73960)>: stderr >> [1m[31m       _
<UciProtocol (pid=73960)>: stderr >> |   _ | |
<UciProtocol (pid=73960)>: stderr >> |_ |_ |_|[0m v0.32.1+git.dirty built Nov 23 2025
<UciProtocol (pid=73960)>: stderr >> Search algorithm: classic
<UciProtocol (pid=73960)>: stderr >> Loading weights file from: data/engines/maia/maia-1900.pb.gz
<UciProtocol (pid=73954)>: stderr >> Initialized metal backend on device Apple M3 Pro
<UciProtocol (pid=73961)>: stderr >> [1m[31m       _
<UciProtocol (pid=73961)>: stderr >> |   _ | |
<UciProtocol (pid=73961)>: stderr >> |_ |_ |_|[0m v0.32.1+git.dirty built Nov 23 2025
<UciProtocol (pid=73961)>: stderr >> Search algorithm: classic
<UciProtocol (pid=73961)>: stderr >> Loading weights file from: data/engines/maia/maia-1500.pb.gz
<UciProtocol (pid=73960)>: stderr >> Initialized metal backend on device Apple M3 Pro
<UciProtocol (pid=73961)>: stderr >> Initialized metal backend on device Apple M3 Pro
<UciProtocol (pid=73962)>: stderr >> [1m[31m       _
<UciProtocol (pid=73962)>: stderr >> |   _ | |
<UciProtocol (pid=73962)>: stderr >> |_ |_ |_|[0m v0.32.1+git.dirty built Nov 23 2025
<UciProtocol (pid=73962)>: stderr >> Search algorithm: classic
<UciProtocol (pid=73962)>: stderr >> Loading weights file from: data/engines/maia/maia-1900.pb.gz
<UciProtocol (pid=73964)>: stderr >> [1m[31m       _
<UciProtocol (pid=73964)>: stderr >> |   _ | |
<UciProtocol (pid=73964)>: stderr >> |_ |_ |_|[0m v0.32.1+git.dirty built Nov 23 2025
<UciProtocol (pid=73963)>: stderr >> [1m[31m       _
<UciProtocol (pid=73963)>: stderr >> |   _ | |
<UciProtocol (pid=73963)>: stderr >> |_ |_ |_|[0m v0.32.1+git.dirty built Nov 23 2025
<UciProtocol (pid=73964)>: stderr >> Search algorithm: classic
<UciProtocol (pid=73963)>: stderr >> Search algorithm: classic
<UciProtocol (pid=73963)>: stderr >> Loading weights file from: data/engines/maia/maia-1900.pb.gz
<UciProtocol (pid=73965)>: stderr >> [1m[31m       _
<UciProtocol (pid=73965)>: stderr >> |   _ | |
<UciProtocol (pid=73965)>: stderr >> |_ |_ |_|[0m v0.32.1+git.dirty built Nov 23 2025
<UciProtocol (pid=73964)>: stderr >> Loading weights file from: data/engines/maia/maia-1900.pb.gz
<UciProtocol (pid=73965)>: stderr >> Search algorithm: classic
<UciProtocol (pid=73965)>: stderr >> Loading weights file from: data/engines/maia/maia-1500.pb.gz
<UciProtocol (pid=73962)>: stderr >> Initialized metal backend on device Apple M3 Pro
<UciProtocol (pid=73963)>: stderr >> Initialized metal backend on device Apple M3 Pro
<UciProtocol (pid=73965)>: stderr >> Initialized metal backend on device Apple M3 Pro
<UciProtocol (pid=73964)>: stderr >> Initialized metal backend on device Apple M3 Pro
<UciProtocol (pid=73966)>: stderr >> [1m[31m       _
<UciProtocol (pid=73966)>: stderr >> |   _ | |
<UciProtocol (pid=73966)>: stderr >> |_ |_ |_|[0m v0.32.1+git.dirty built Nov 23 2025
<UciProtocol (pid=73966)>: stderr >> Search algorithm: classic
<UciProtocol (pid=73966)>: stderr >> Loading weights file from: data/engines/maia/maia-1900.pb.gz
<UciProtocol (pid=73966)>: stderr >> Initialized metal backend on device Apple M3 Pro
<UciProtocol (pid=73967)>: stderr >> [1m[31m       _
<UciProtocol (pid=73967)>: stderr >> |   _ | |
<UciProtocol (pid=73967)>: stderr >> |_ |_ |_|[0m v0.32.1+git.dirty built Nov 23 2025
<UciProtocol (pid=73967)>: stderr >> Search algorithm: classic
<UciProtocol (pid=73967)>: stderr >> Loading weights file from: data/engines/maia/maia-1900.pb.gz
<UciProtocol (pid=73967)>: stderr >> Initialized metal backend on device Apple M3 Pro
[daemon] shards 169  anchors 14,000  rows 1,422,000  (27,925/hr)  [1805s]
<UciProtocol (pid=74490)>: stderr >> [1m[31m       _
<UciProtocol (pid=74490)>: stderr >> |   _ | |
<UciProtocol (pid=74490)>: stderr >> |_ |_ |_|[0m v0.32.1+git.dirty built Nov 23 2025
<UciProtocol (pid=74490)>: stderr >> Search algorithm: classic
<UciProtocol (pid=74490)>: stderr >> Loading weights file from: data/engines/maia/maia-1100.pb.gz
<UciProtocol (pid=74490)>: stderr >> Initialized metal backend on device Apple M3 Pro
<UciProtocol (pid=74493)>: stderr >> [1m[31m       _
<UciProtocol (pid=74493)>: stderr >> |   _ | |
<UciProtocol (pid=74493)>: stderr >> |_ |_ |_|[0m v0.32.1+git.dirty built Nov 23 2025
<UciProtocol (pid=74493)>: stderr >> Search algorithm: classic
<UciProtocol (pid=74493)>: stderr >> Loading weights file from: data/engines/maia/maia-1100.pb.gz
<UciProtocol (pid=74493)>: stderr >> Initialized metal backend on device Apple M3 Pro
<UciProtocol (pid=74494)>: stderr >> [1m[31m       _
<UciProtocol (pid=74494)>: stderr >> |   _ | |
<UciProtocol (pid=74494)>: stderr >> |_ |_ |_|[0m v0.32.1+git.dirty built Nov 23 2025
<UciProtocol (pid=74494)>: stderr >> Search algorithm: classic
<UciProtocol (pid=74494)>: stderr >> Loading weights file from: data/engines/maia/maia-1100.pb.gz
<UciProtocol (pid=74494)>: stderr >> Initialized metal backend on device Apple M3 Pro
<UciProtocol (pid=74501)>: stderr >> [1m[31m       _
<UciProtocol (pid=74501)>: stderr >> |   _ | |
<UciProtocol (pid=74501)>: stderr >> |_ |_ |_|[0m v0.32.1+git.dirty built Nov 23 2025
<UciProtocol (pid=74501)>: stderr >> Search algorithm: classic
<UciProtocol (pid=74501)>: stderr >> Loading weights file from: data/engines/maia/maia-1100.pb.gz
<UciProtocol (pid=74502)>: stderr >> [1m[31m       _
<UciProtocol (pid=74502)>: stderr >> |   _ | |
<UciProtocol (pid=74502)>: stderr >> |_ |_ |_|[0m v0.32.1+git.dirty built Nov 23 2025
<UciProtocol (pid=74502)>: stderr >> Search algorithm: classic
<UciProtocol (pid=74502)>: stderr >> Loading weights file from: data/engines/maia/maia-1500.pb.gz
<UciProtocol (pid=74501)>: stderr >> Initialized metal backend on device Apple M3 Pro
<UciProtocol (pid=74502)>: stderr >> Initialized metal backend on device Apple M3 Pro
<UciProtocol (pid=74503)>: stderr >> [1m[31m       _
<UciProtocol (pid=74503)>: stderr >> |   _ | |
<UciProtocol (pid=74503)>: stderr >> |_ |_ |_|[0m v0.32.1+git.dirty built Nov 23 2025
<UciProtocol (pid=74503)>: stderr >> Search algorithm: classic
<UciProtocol (pid=74503)>: stderr >> Loading weights file from: data/engines/maia/maia-1100.pb.gz
<UciProtocol (pid=74504)>: stderr >> [1m[31m       _
<UciProtocol (pid=74504)>: stderr >> |   _ | |
<UciProtocol (pid=74504)>: stderr >> |_ |_ |_|[0m v0.32.1+git.dirty built Nov 23 2025
<UciProtocol (pid=74504)>: stderr >> Search algorithm: classic
<UciProtocol (pid=74504)>: stderr >> Loading weights file from: data/engines/maia/maia-1500.pb.gz
<UciProtocol (pid=74503)>: stderr >> Initialized metal backend on device Apple M3 Pro
<UciProtocol (pid=74504)>: stderr >> Initialized metal backend on device Apple M3 Pro
<UciProtocol (pid=74505)>: stderr >> [1m[31m       _
<UciProtocol (pid=74505)>: stderr >> |   _ | |
<UciProtocol (pid=74505)>: stderr >> |_ |_ |_|[0m v0.32.1+git.dirty built Nov 23 2025
<UciProtocol (pid=74508)>: stderr >> [1m[31m       _
<UciProtocol (pid=74508)>: stderr >> |   _ | |
<UciProtocol (pid=74508)>: stderr >> |_ |_ |_|[0m v0.32.1+git.dirty built Nov 23 2025
<UciProtocol (pid=74505)>: stderr >> Search algorithm: classic
<UciProtocol (pid=74508)>: stderr >> Search algorithm: classic
<UciProtocol (pid=74508)>: stderr >> Loading weights file from: data/engines/maia/maia-1500.pb.gz
<UciProtocol (pid=74505)>: stderr >> Loading weights file from: data/engines/maia/maia-1500.pb.gz
<UciProtocol (pid=74507)>: stderr >> [1m[31m       _
<UciProtocol (pid=74507)>: stderr >> |   _ | |
<UciProtocol (pid=74507)>: stderr >> |_ |_ |_|[0m v0.32.1+git.dirty built Nov 23 2025
<UciProtocol (pid=74507)>: stderr >> Search algorithm: classic
<UciProtocol (pid=74507)>: stderr >> Loading weights file from: data/engines/maia/maia-1100.pb.gz
<UciProtocol (pid=74506)>: stderr >> [1m[31m       _
<UciProtocol (pid=74506)>: stderr >> |   _ | |
<UciProtocol (pid=74506)>: stderr >> |_ |_ |_|[0m v0.32.1+git.dirty built Nov 23 2025
<UciProtocol (pid=74506)>: stderr >> Search algorithm: classic
<UciProtocol (pid=74506)>: stderr >> Loading weights file from: data/engines/maia/maia-1100.pb.gz
<UciProtocol (pid=74508)>: stderr >> Initialized metal backend on device Apple M3 Pro
<UciProtocol (pid=74507)>: stderr >> Initialized metal backend on device Apple M3 Pro
<UciProtocol (pid=74505)>: stderr >> Initialized metal backend on device Apple M3 Pro
<UciProtocol (pid=74506)>: stderr >> Initialized metal backend on device Apple M3 Pro
<UciProtocol (pid=74509)>: stderr >> [1m[31m       _
<UciProtocol (pid=74509)>: stderr >> |   _ | |
<UciProtocol (pid=74509)>: stderr >> |_ |_ |_|[0m v0.32.1+git.dirty built Nov 23 2025
<UciProtocol (pid=74509)>: stderr >> Search algorithm: classic
<UciProtocol (pid=74509)>: stderr >> Loading weights file from: data/engines/maia/maia-1500.pb.gz
<UciProtocol (pid=74510)>: stderr >> [1m[31m       _
<UciProtocol (pid=74510)>: stderr >> |   _ | |
<UciProtocol (pid=74510)>: stderr >> |_ |_ |_|[0m v0.32.1+git.dirty built Nov 23 2025
<UciProtocol (pid=74510)>: stderr >> Search algorithm: classic
<UciProtocol (pid=74510)>: stderr >> Loading weights file from: data/engines/maia/maia-1900.pb.gz
<UciProtocol (pid=74509)>: stderr >> Initialized metal backend on device Apple M3 Pro
<UciProtocol (pid=74510)>: stderr >> Initialized metal backend on device Apple M3 Pro
<UciProtocol (pid=74511)>: stderr >> [1m[31m       _
<UciProtocol (pid=74511)>: stderr >> |   _ | |
<UciProtocol (pid=74511)>: stderr >> |_ |_ |_|[0m v0.32.1+git.dirty built Nov 23 2025
<UciProtocol (pid=74511)>: stderr >> Search algorithm: classic
<UciProtocol (pid=74511)>: stderr >> Loading weights file from: data/engines/maia/maia-1900.pb.gz
<UciProtocol (pid=74512)>: stderr >> [1m[31m       _
<UciProtocol (pid=74512)>: stderr >> |   _ | |
<UciProtocol (pid=74512)>: stderr >> |_ |_ |_|[0m v0.32.1+git.dirty built Nov 23 2025
<UciProtocol (pid=74511)>: stderr >> Initialized metal backend on device Apple M3 Pro
<UciProtocol (pid=74512)>: stderr >> Search algorithm: classic
<UciProtocol (pid=74512)>: stderr >> Loading weights file from: data/engines/maia/maia-1900.pb.gz
<UciProtocol (pid=74512)>: stderr >> Initialized metal backend on device Apple M3 Pro
<UciProtocol (pid=74513)>: stderr >> [1m[31m       _
<UciProtocol (pid=74513)>: stderr >> |   _ | |
<UciProtocol (pid=74513)>: stderr >> |_ |_ |_|[0m v0.32.1+git.dirty built Nov 23 2025
<UciProtocol (pid=74513)>: stderr >> Search algorithm: classic
<UciProtocol (pid=74513)>: stderr >> Loading weights file from: data/engines/maia/maia-1900.pb.gz
<UciProtocol (pid=74514)>: stderr >> [1m[31m       _
<UciProtocol (pid=74514)>: stderr >> |   _ | |
<UciProtocol (pid=74514)>: stderr >> |_ |_ |_|[0m v0.32.1+git.dirty built Nov 23 2025
<UciProtocol (pid=74514)>: stderr >> Search algorithm: classic
<UciProtocol (pid=74514)>: stderr >> Loading weights file from: data/engines/maia/maia-1500.pb.gz
<UciProtocol (pid=74513)>: stderr >> Initialized metal backend on device Apple M3 Pro
<UciProtocol (pid=74514)>: stderr >> Initialized metal backend on device Apple M3 Pro
<UciProtocol (pid=74515)>: stderr >> [1m[31m       _
<UciProtocol (pid=74515)>: stderr >> |   _ | |
<UciProtocol (pid=74515)>: stderr >> |_ |_ |_|[0m v0.32.1+git.dirty built Nov 23 2025
<UciProtocol (pid=74515)>: stderr >> Search algorithm: classic
<UciProtocol (pid=74515)>: stderr >> Loading weights file from: data/engines/maia/maia-1500.pb.gz
<UciProtocol (pid=74515)>: stderr >> Initialized metal backend on device Apple M3 Pro
<UciProtocol (pid=74521)>: stderr >> [1m[31m       _
<UciProtocol (pid=74521)>: stderr >> |   _ | |
<UciProtocol (pid=74521)>: stderr >> |_ |_ |_|[0m v0.32.1+git.dirty built Nov 23 2025
<UciProtocol (pid=74521)>: stderr >> Search algorithm: classic
<UciProtocol (pid=74521)>: stderr >> Loading weights file from: data/engines/maia/maia-1900.pb.gz
<UciProtocol (pid=74521)>: stderr >> Initialized metal backend on device Apple M3 Pro
<UciProtocol (pid=74522)>: stderr >> [1m[31m       _
<UciProtocol (pid=74522)>: stderr >> |   _ | |
<UciProtocol (pid=74522)>: stderr >> |_ |_ |_|[0m v0.32.1+git.dirty built Nov 23 2025
<UciProtocol (pid=74523)>: stderr >> [1m[31m       _
<UciProtocol (pid=74523)>: stderr >> |   _ | |
<UciProtocol (pid=74523)>: stderr >> |_ |_ |_|[0m v0.32.1+git.dirty built Nov 23 2025
<UciProtocol (pid=74523)>: stderr >> Search algorithm: classic
<UciProtocol (pid=74522)>: stderr >> Search algorithm: classic
<UciProtocol (pid=74523)>: stderr >> Loading weights file from: data/engines/maia/maia-1900.pb.gz
<UciProtocol (pid=74522)>: stderr >> Loading weights file from: data/engines/maia/maia-1900.pb.gz
<UciProtocol (pid=74523)>: stderr >> Initialized metal backend on device Apple M3 Pro
<UciProtocol (pid=74522)>: stderr >> Initialized metal backend on device Apple M3 Pro
[daemon] shards 176  anchors 15,400  rows 1,564,201  (27,847/hr)  [1991s]
<UciProtocol (pid=75013)>: stderr >> [1m[31m       _
<UciProtocol (pid=75013)>: stderr >> |   _ | |
<UciProtocol (pid=75013)>: stderr >> |_ |_ |_|[0m v0.32.1+git.dirty built Nov 23 2025
<UciProtocol (pid=75013)>: stderr >> Search algorithm: classic
<UciProtocol (pid=75013)>: stderr >> Loading weights file from: data/engines/maia/maia-1100.pb.gz
<UciProtocol (pid=75013)>: stderr >> Initialized metal backend on device Apple M3 Pro
<UciProtocol (pid=75016)>: stderr >> [1m[31m       _
<UciProtocol (pid=75016)>: stderr >> |   _ | |
<UciProtocol (pid=75016)>: stderr >> |_ |_ |_|[0m v0.32.1+git.dirty built Nov 23 2025
<UciProtocol (pid=75016)>: stderr >> Search algorithm: classic
<UciProtocol (pid=75016)>: stderr >> Loading weights file from: data/engines/maia/maia-1100.pb.gz
<UciProtocol (pid=75016)>: stderr >> Initialized metal backend on device Apple M3 Pro
<UciProtocol (pid=75025)>: stderr >> [1m[31m       _
<UciProtocol (pid=75025)>: stderr >> |   _ | |
<UciProtocol (pid=75025)>: stderr >> |_ |_ |_|[0m v0.32.1+git.dirty built Nov 23 2025
<UciProtocol (pid=75025)>: stderr >> Search algorithm: classic
<UciProtocol (pid=75025)>: stderr >> Loading weights file from: data/engines/maia/maia-1500.pb.gz
<UciProtocol (pid=75026)>: stderr >> [1m[31m       _
<UciProtocol (pid=75026)>: stderr >> |   _ | |
<UciProtocol (pid=75026)>: stderr >> |_ |_ |_|[0m v0.32.1+git.dirty built Nov 23 2025
<UciProtocol (pid=75026)>: stderr >> Search algorithm: classic
<UciProtocol (pid=75026)>: stderr >> Loading weights file from: data/engines/maia/maia-1100.pb.gz
<UciProtocol (pid=75025)>: stderr >> Initialized metal backend on device Apple M3 Pro
<UciProtocol (pid=75026)>: stderr >> Initialized metal backend on device Apple M3 Pro
<UciProtocol (pid=75027)>: stderr >> [1m[31m       _
<UciProtocol (pid=75027)>: stderr >> |   _ | |
<UciProtocol (pid=75027)>: stderr >> |_ |_ |_|[0m v0.32.1+git.dirty built Nov 23 2025
<UciProtocol (pid=75027)>: stderr >> Search algorithm: classic
<UciProtocol (pid=75027)>: stderr >> Loading weights file from: data/engines/maia/maia-1500.pb.gz
<UciProtocol (pid=75028)>: stderr >> [1m[31m       _
<UciProtocol (pid=75028)>: stderr >> |   _ | |
<UciProtocol (pid=75028)>: stderr >> |_ |_ |_|[0m v0.32.1+git.dirty built Nov 23 2025
<UciProtocol (pid=75028)>: stderr >> Search algorithm: classic
<UciProtocol (pid=75028)>: stderr >> Loading weights file from: data/engines/maia/maia-1100.pb.gz
<UciProtocol (pid=75027)>: stderr >> Initialized metal backend on device Apple M3 Pro
<UciProtocol (pid=75028)>: stderr >> Initialized metal backend on device Apple M3 Pro
<UciProtocol (pid=75029)>: stderr >> [1m[31m       _
<UciProtocol (pid=75029)>: stderr >> |   _ | |
<UciProtocol (pid=75029)>: stderr >> |_ |_ |_|[0m v0.32.1+git.dirty built Nov 23 2025
<UciProtocol (pid=75029)>: stderr >> Search algorithm: classic
<UciProtocol (pid=75029)>: stderr >> Loading weights file from: data/engines/maia/maia-1100.pb.gz
<UciProtocol (pid=75030)>: stderr >> [1m[31m       _
<UciProtocol (pid=75030)>: stderr >> |   _ | |
<UciProtocol (pid=75030)>: stderr >> |_ |_ |_|[0m v0.32.1+git.dirty built Nov 23 2025
<UciProtocol (pid=75030)>: stderr >> Search algorithm: classic
<UciProtocol (pid=75030)>: stderr >> Loading weights file from: data/engines/maia/maia-1100.pb.gz
<UciProtocol (pid=75029)>: stderr >> Initialized metal backend on device Apple M3 Pro
<UciProtocol (pid=75031)>: stderr >> [1m[31m       _
<UciProtocol (pid=75031)>: stderr >> |   _ | |
<UciProtocol (pid=75031)>: stderr >> |_ |_ |_|[0m v0.32.1+git.dirty built Nov 23 2025
<UciProtocol (pid=75031)>: stderr >> Search algorithm: classic
<UciProtocol (pid=75031)>: stderr >> Loading weights file from: data/engines/maia/maia-1100.pb.gz
<UciProtocol (pid=75030)>: stderr >> Initialized metal backend on device Apple M3 Pro
<UciProtocol (pid=75032)>: stderr >> [1m[31m       _
<UciProtocol (pid=75032)>: stderr >> |   _ | |
<UciProtocol (pid=75032)>: stderr >> |_ |_ |_|[0m v0.32.1+git.dirty built Nov 23 2025
<UciProtocol (pid=75032)>: stderr >> Search algorithm: classic
<UciProtocol (pid=75032)>: stderr >> Loading weights file from: data/engines/maia/maia-1900.pb.gz
<UciProtocol (pid=75031)>: stderr >> Initialized metal backend on device Apple M3 Pro
<UciProtocol (pid=75032)>: stderr >> Initialized metal backend on device Apple M3 Pro
<UciProtocol (pid=75033)>: stderr >> [1m[31m       _
<UciProtocol (pid=75033)>: stderr >> |   _ | |
<UciProtocol (pid=75033)>: stderr >> |_ |_ |_|[0m v0.32.1+git.dirty built Nov 23 2025
<UciProtocol (pid=75033)>: stderr >> Search algorithm: classic
<UciProtocol (pid=75033)>: stderr >> Loading weights file from: data/engines/maia/maia-1900.pb.gz
<UciProtocol (pid=75034)>: stderr >> [1m[31m       _
<UciProtocol (pid=75034)>: stderr >> |   _ | |
<UciProtocol (pid=75034)>: stderr >> |_ |_ |_|[0m v0.32.1+git.dirty built Nov 23 2025
<UciProtocol (pid=75034)>: stderr >> Search algorithm: classic
<UciProtocol (pid=75034)>: stderr >> Loading weights file from: data/engines/maia/maia-1500.pb.gz
<UciProtocol (pid=75033)>: stderr >> Initialized metal backend on device Apple M3 Pro
<UciProtocol (pid=75035)>: stderr >> [1m[31m       _
<UciProtocol (pid=75035)>: stderr >> |   _ | |
<UciProtocol (pid=75035)>: stderr >> |_ |_ |_|[0m v0.32.1+git.dirty built Nov 23 2025
<UciProtocol (pid=75035)>: stderr >> Search algorithm: classic
<UciProtocol (pid=75035)>: stderr >> Loading weights file from: data/engines/maia/maia-1500.pb.gz
<UciProtocol (pid=75034)>: stderr >> Initialized metal backend on device Apple M3 Pro
<UciProtocol (pid=75036)>: stderr >> [1m[31m       _
<UciProtocol (pid=75036)>: stderr >> |   _ | |
<UciProtocol (pid=75036)>: stderr >> |_ |_ |_|[0m v0.32.1+git.dirty built Nov 23 2025
<UciProtocol (pid=75036)>: stderr >> Search algorithm: classic
<UciProtocol (pid=75036)>: stderr >> Loading weights file from: data/engines/maia/maia-1500.pb.gz
<UciProtocol (pid=75035)>: stderr >> Initialized metal backend on device Apple M3 Pro
<UciProtocol (pid=75036)>: stderr >> Initialized metal backend on device Apple M3 Pro
<UciProtocol (pid=75037)>: stderr >> [1m[31m       _
<UciProtocol (pid=75037)>: stderr >> |   _ | |
<UciProtocol (pid=75037)>: stderr >> |_ |_ |_|[0m v0.32.1+git.dirty built Nov 23 2025
<UciProtocol (pid=75037)>: stderr >> Search algorithm: classic
<UciProtocol (pid=75037)>: stderr >> Loading weights file from: data/engines/maia/maia-1500.pb.gz
<UciProtocol (pid=75038)>: stderr >> [1m[31m       _
<UciProtocol (pid=75038)>: stderr >> |   _ | |
<UciProtocol (pid=75038)>: stderr >> |_ |_ |_|[0m v0.32.1+git.dirty built Nov 23 2025
<UciProtocol (pid=75038)>: stderr >> Search algorithm: classic
<UciProtocol (pid=75038)>: stderr >> Loading weights file from: data/engines/maia/maia-1500.pb.gz
<UciProtocol (pid=75037)>: stderr >> Initialized metal backend on device Apple M3 Pro
<UciProtocol (pid=75038)>: stderr >> Initialized metal backend on device Apple M3 Pro
<UciProtocol (pid=75039)>: stderr >> [1m[31m       _
<UciProtocol (pid=75039)>: stderr >> |   _ | |
<UciProtocol (pid=75039)>: stderr >> |_ |_ |_|[0m v0.32.1+git.dirty built Nov 23 2025
<UciProtocol (pid=75039)>: stderr >> Search algorithm: classic
<UciProtocol (pid=75039)>: stderr >> Loading weights file from: data/engines/maia/maia-1900.pb.gz
<UciProtocol (pid=75039)>: stderr >> Initialized metal backend on device Apple M3 Pro
<UciProtocol (pid=75040)>: stderr >> [1m[31m       _
<UciProtocol (pid=75040)>: stderr >> |   _ | |
<UciProtocol (pid=75040)>: stderr >> |_ |_ |_|[0m v0.32.1+git.dirty built Nov 23 2025
<UciProtocol (pid=75040)>: stderr >> Search algorithm: classic
<UciProtocol (pid=75040)>: stderr >> Loading weights file from: data/engines/maia/maia-1900.pb.gz
<UciProtocol (pid=75041)>: stderr >> [1m[31m       _
<UciProtocol (pid=75041)>: stderr >> |   _ | |
<UciProtocol (pid=75041)>: stderr >> |_ |_ |_|[0m v0.32.1+git.dirty built Nov 23 2025
<UciProtocol (pid=75041)>: stderr >> Search algorithm: classic
<UciProtocol (pid=75041)>: stderr >> Loading weights file from: data/engines/maia/maia-1900.pb.gz
<UciProtocol (pid=75040)>: stderr >> Initialized metal backend on device Apple M3 Pro
<UciProtocol (pid=75041)>: stderr >> Initialized metal backend on device Apple M3 Pro
<UciProtocol (pid=75043)>: stderr >> [1m[31m       _
<UciProtocol (pid=75043)>: stderr >> |   _ | |
<UciProtocol (pid=75043)>: stderr >> |_ |_ |_|[0m v0.32.1+git.dirty built Nov 23 2025
<UciProtocol (pid=75042)>: stderr >> [1m[31m       _
<UciProtocol (pid=75042)>: stderr >> |   _ | |
<UciProtocol (pid=75042)>: stderr >> |_ |_ |_|[0m v0.32.1+git.dirty built Nov 23 2025
<UciProtocol (pid=75043)>: stderr >> Search algorithm: classic
<UciProtocol (pid=75043)>: stderr >> Loading weights file from: data/engines/maia/maia-1900.pb.gz
<UciProtocol (pid=75042)>: stderr >> Search algorithm: classic
<UciProtocol (pid=75042)>: stderr >> Loading weights file from: data/engines/maia/maia-1900.pb.gz
<UciProtocol (pid=75043)>: stderr >> Initialized metal backend on device Apple M3 Pro
<UciProtocol (pid=75042)>: stderr >> Initialized metal backend on device Apple M3 Pro
[daemon] shards 183  anchors 16,800  rows 1,705,051  (27,877/hr)  [2170s]
<UciProtocol (pid=75570)>: stderr >> [1m[31m       _
<UciProtocol (pid=75570)>: stderr >> |   _ | |
<UciProtocol (pid=75570)>: stderr >> |_ |_ |_|[0m v0.32.1+git.dirty built Nov 23 2025
<UciProtocol (pid=75574)>: stderr >> [1m[31m       _
<UciProtocol (pid=75574)>: stderr >> |   _ | |
<UciProtocol (pid=75574)>: stderr >> |_ |_ |_|[0m v0.32.1+git.dirty built Nov 23 2025
<UciProtocol (pid=75570)>: stderr >> Search algorithm: classic
<UciProtocol (pid=75574)>: stderr >> Search algorithm: classic
<UciProtocol (pid=75574)>: stderr >> Loading weights file from: data/engines/maia/maia-1100.pb.gz
<UciProtocol (pid=75570)>: stderr >> Loading weights file from: data/engines/maia/maia-1100.pb.gz
<UciProtocol (pid=75574)>: stderr >> Initialized metal backend on device Apple M3 Pro
<UciProtocol (pid=75570)>: stderr >> Initialized metal backend on device Apple M3 Pro
<UciProtocol (pid=75577)>: stderr >> [1m[31m       _
<UciProtocol (pid=75577)>: stderr >> |   _ | |
<UciProtocol (pid=75577)>: stderr >> |_ |_ |_|[0m v0.32.1+git.dirty built Nov 23 2025
<UciProtocol (pid=75577)>: stderr >> Search algorithm: classic
<UciProtocol (pid=75577)>: stderr >> Loading weights file from: data/engines/maia/maia-1100.pb.gz
<UciProtocol (pid=75578)>: stderr >> [1m[31m       _
<UciProtocol (pid=75578)>: stderr >> |   _ | |
<UciProtocol (pid=75578)>: stderr >> |_ |_ |_|[0m v0.32.1+git.dirty built Nov 23 2025
<UciProtocol (pid=75578)>: stderr >> Search algorithm: classic
<UciProtocol (pid=75578)>: stderr >> Loading weights file from: data/engines/maia/maia-1100.pb.gz
<UciProtocol (pid=75577)>: stderr >> Initialized metal backend on device Apple M3 Pro
<UciProtocol (pid=75578)>: stderr >> Initialized metal backend on device Apple M3 Pro
<UciProtocol (pid=75584)>: stderr >> [1m[31m       _
<UciProtocol (pid=75584)>: stderr >> |   _ | |
<UciProtocol (pid=75584)>: stderr >> |_ |_ |_|[0m v0.32.1+git.dirty built Nov 23 2025
<UciProtocol (pid=75584)>: stderr >> Search algorithm: classic
<UciProtocol (pid=75584)>: stderr >> Loading weights file from: data/engines/maia/maia-1100.pb.gz
<UciProtocol (pid=75584)>: stderr >> Initialized metal backend on device Apple M3 Pro
<UciProtocol (pid=75585)>: stderr >> [1m[31m       _
<UciProtocol (pid=75585)>: stderr >> |   _ | |
<UciProtocol (pid=75585)>: stderr >> |_ |_ |_|[0m v0.32.1+git.dirty built Nov 23 2025
<UciProtocol (pid=75585)>: stderr >> Search algorithm: classic
<UciProtocol (pid=75585)>: stderr >> Loading weights file from: data/engines/maia/maia-1100.pb.gz
<UciProtocol (pid=75586)>: stderr >> [1m[31m       _
<UciProtocol (pid=75586)>: stderr >> |   _ | |
<UciProtocol (pid=75586)>: stderr >> |_ |_ |_|[0m v0.32.1+git.dirty built Nov 23 2025
<UciProtocol (pid=75587)>: stderr >> [1m[31m       _
<UciProtocol (pid=75587)>: stderr >> |   _ | |
<UciProtocol (pid=75587)>: stderr >> |_ |_ |_|[0m v0.32.1+git.dirty built Nov 23 2025
<UciProtocol (pid=75586)>: stderr >> Search algorithm: classic
<UciProtocol (pid=75587)>: stderr >> Search algorithm: classic
<UciProtocol (pid=75586)>: stderr >> Loading weights file from: data/engines/maia/maia-1500.pb.gz
<UciProtocol (pid=75587)>: stderr >> Loading weights file from: data/engines/maia/maia-1500.pb.gz
<UciProtocol (pid=75587)>: stderr >> Initialized metal backend on device Apple M3 Pro
<UciProtocol (pid=75586)>: stderr >> Initialized metal backend on device Apple M3 Pro
<UciProtocol (pid=75585)>: stderr >> Initialized metal backend on device Apple M3 Pro
<UciProtocol (pid=75588)>: stderr >> [1m[31m       _
<UciProtocol (pid=75588)>: stderr >> |   _ | |
<UciProtocol (pid=75588)>: stderr >> |_ |_ |_|[0m v0.32.1+git.dirty built Nov 23 2025
<UciProtocol (pid=75588)>: stderr >> Search algorithm: classic
<UciProtocol (pid=75588)>: stderr >> Loading weights file from: data/engines/maia/maia-1500.pb.gz
<UciProtocol (pid=75589)>: stderr >> [1m[31m       _
<UciProtocol (pid=75589)>: stderr >> |   _ | |
<UciProtocol (pid=75589)>: stderr >> |_ |_ |_|[0m v0.32.1+git.dirty built Nov 23 2025
<UciProtocol (pid=75589)>: stderr >> Search algorithm: classic
<UciProtocol (pid=75589)>: stderr >> Loading weights file from: data/engines/maia/maia-1500.pb.gz
<UciProtocol (pid=75590)>: stderr >> [1m[31m       _
<UciProtocol (pid=75590)>: stderr >> |   _ | |
<UciProtocol (pid=75590)>: stderr >> |_ |_ |_|[0m v0.32.1+git.dirty built Nov 23 2025
<UciProtocol (pid=75590)>: stderr >> Search algorithm: classic
<UciProtocol (pid=75590)>: stderr >> Loading weights file from: data/engines/maia/maia-1500.pb.gz
<UciProtocol (pid=75588)>: stderr >> Initialized metal backend on device Apple M3 Pro
<UciProtocol (pid=75589)>: stderr >> Initialized metal backend on device Apple M3 Pro
<UciProtocol (pid=75590)>: stderr >> Initialized metal backend on device Apple M3 Pro
<UciProtocol (pid=75592)>: stderr >> [1m[31m       _
<UciProtocol (pid=75592)>: stderr >> |   _ | |
<UciProtocol (pid=75592)>: stderr >> |_ |_ |_|[0m v0.32.1+git.dirty built Nov 23 2025
<UciProtocol (pid=75592)>: stderr >> Search algorithm: classic
<UciProtocol (pid=75592)>: stderr >> Loading weights file from: data/engines/maia/maia-1900.pb.gz
<UciProtocol (pid=75593)>: stderr >> [1m[31m       _
<UciProtocol (pid=75593)>: stderr >> |   _ | |
<UciProtocol (pid=75593)>: stderr >> |_ |_ |_|[0m v0.32.1+git.dirty built Nov 23 2025
<UciProtocol (pid=75593)>: stderr >> Search algorithm: classic
<UciProtocol (pid=75593)>: stderr >> Loading weights file from: data/engines/maia/maia-1500.pb.gz
<UciProtocol (pid=75594)>: stderr >> [1m[31m       _
<UciProtocol (pid=75594)>: stderr >> |   _ | |
<UciProtocol (pid=75594)>: stderr >> |_ |_ |_|[0m v0.32.1+git.dirty built Nov 23 2025
<UciProtocol (pid=75594)>: stderr >> Search algorithm: classic
<UciProtocol (pid=75594)>: stderr >> Loading weights file from: data/engines/maia/maia-1900.pb.gz
<UciProtocol (pid=75592)>: stderr >> Initialized metal backend on device Apple M3 Pro
<UciProtocol (pid=75593)>: stderr >> Initialized metal backend on device Apple M3 Pro
<UciProtocol (pid=75594)>: stderr >> Initialized metal backend on device Apple M3 Pro
<UciProtocol (pid=75595)>: stderr >> [1m[31m       _
<UciProtocol (pid=75595)>: stderr >> |   _ | |
<UciProtocol (pid=75595)>: stderr >> |_ |_ |_|[0m v0.32.1+git.dirty built Nov 23 2025
<UciProtocol (pid=75595)>: stderr >> Search algorithm: classic
<UciProtocol (pid=75595)>: stderr >> Loading weights file from: data/engines/maia/maia-1900.pb.gz
<UciProtocol (pid=75596)>: stderr >> [1m[31m       _
<UciProtocol (pid=75596)>: stderr >> |   _ | |
<UciProtocol (pid=75596)>: stderr >> |_ |_ |_|[0m v0.32.1+git.dirty built Nov 23 2025
<UciProtocol (pid=75596)>: stderr >> Search algorithm: classic
<UciProtocol (pid=75596)>: stderr >> Loading weights file from: data/engines/maia/maia-1900.pb.gz
<UciProtocol (pid=75595)>: stderr >> Initialized metal backend on device Apple M3 Pro
<UciProtocol (pid=75596)>: stderr >> Initialized metal backend on device Apple M3 Pro
<UciProtocol (pid=75597)>: stderr >> [1m[31m       _
<UciProtocol (pid=75597)>: stderr >> |   _ | |
<UciProtocol (pid=75597)>: stderr >> |_ |_ |_|[0m v0.32.1+git.dirty built Nov 23 2025
<UciProtocol (pid=75597)>: stderr >> Search algorithm: classic
<UciProtocol (pid=75597)>: stderr >> Loading weights file from: data/engines/maia/maia-1900.pb.gz
<UciProtocol (pid=75597)>: stderr >> Initialized metal backend on device Apple M3 Pro
<UciProtocol (pid=75598)>: stderr >> [1m[31m       _
<UciProtocol (pid=75598)>: stderr >> |   _ | |
<UciProtocol (pid=75598)>: stderr >> |_ |_ |_|[0m v0.32.1+git.dirty built Nov 23 2025
<UciProtocol (pid=75598)>: stderr >> Search algorithm: classic
<UciProtocol (pid=75598)>: stderr >> Loading weights file from: data/engines/maia/maia-1900.pb.gz
<UciProtocol (pid=75598)>: stderr >> Initialized metal backend on device Apple M3 Pro
<UciProtocol (pid=75599)>: stderr >> [1m[31m       _
<UciProtocol (pid=75599)>: stderr >> |   _ | |
<UciProtocol (pid=75599)>: stderr >> |_ |_ |_|[0m v0.32.1+git.dirty built Nov 23 2025
<UciProtocol (pid=75599)>: stderr >> Search algorithm: classic
<UciProtocol (pid=75599)>: stderr >> Loading weights file from: data/engines/maia/maia-1100.pb.gz
<UciProtocol (pid=75599)>: stderr >> Initialized metal backend on device Apple M3 Pro
<UciProtocol (pid=75605)>: stderr >> [1m[31m       _
<UciProtocol (pid=75605)>: stderr >> |   _ | |
<UciProtocol (pid=75605)>: stderr >> |_ |_ |_|[0m v0.32.1+git.dirty built Nov 23 2025
<UciProtocol (pid=75605)>: stderr >> Search algorithm: classic
<UciProtocol (pid=75605)>: stderr >> Loading weights file from: data/engines/maia/maia-1500.pb.gz
<UciProtocol (pid=75605)>: stderr >> Initialized metal backend on device Apple M3 Pro
<UciProtocol (pid=75606)>: stderr >> [1m[31m       _
<UciProtocol (pid=75606)>: stderr >> |   _ | |
<UciProtocol (pid=75606)>: stderr >> |_ |_ |_|[0m v0.32.1+git.dirty built Nov 23 2025
<UciProtocol (pid=75606)>: stderr >> Search algorithm: classic
<UciProtocol (pid=75606)>: stderr >> Loading weights file from: data/engines/maia/maia-1900.pb.gz
<UciProtocol (pid=75606)>: stderr >> Initialized metal backend on device Apple M3 Pro
[daemon] shards 190  anchors 18,200  rows 1,846,164  (27,964/hr)  [2343s]
<UciProtocol (pid=76069)>: stderr >> [1m[31m       _
<UciProtocol (pid=76069)>: stderr >> |   _ | |
<UciProtocol (pid=76069)>: stderr >> |_ |_ |_|[0m v0.32.1+git.dirty built Nov 23 2025
<UciProtocol (pid=76069)>: stderr >> Search algorithm: classic
<UciProtocol (pid=76069)>: stderr >> Loading weights file from: data/engines/maia/maia-1100.pb.gz
<UciProtocol (pid=76069)>: stderr >> Initialized metal backend on device Apple M3 Pro
<UciProtocol (pid=76070)>: stderr >> [1m[31m       _
<UciProtocol (pid=76070)>: stderr >> |   _ | |
<UciProtocol (pid=76070)>: stderr >> |_ |_ |_|[0m v0.32.1+git.dirty built Nov 23 2025
<UciProtocol (pid=76070)>: stderr >> Search algorithm: classic
<UciProtocol (pid=76070)>: stderr >> Loading weights file from: data/engines/maia/maia-1100.pb.gz
<UciProtocol (pid=76071)>: stderr >> [1m[31m       _
<UciProtocol (pid=76071)>: stderr >> |   _ | |
<UciProtocol (pid=76071)>: stderr >> |_ |_ |_|[0m v0.32.1+git.dirty built Nov 23 2025
<UciProtocol (pid=76071)>: stderr >> Search algorithm: classic
<UciProtocol (pid=76071)>: stderr >> Loading weights file from: data/engines/maia/maia-1100.pb.gz
<UciProtocol (pid=76070)>: stderr >> Initialized metal backend on device Apple M3 Pro
<UciProtocol (pid=76071)>: stderr >> Initialized metal backend on device Apple M3 Pro
<UciProtocol (pid=76072)>: stderr >> [1m[31m       _
<UciProtocol (pid=76072)>: stderr >> |   _ | |
<UciProtocol (pid=76072)>: stderr >> |_ |_ |_|[0m v0.32.1+git.dirty built Nov 23 2025
<UciProtocol (pid=76072)>: stderr >> Search algorithm: classic
<UciProtocol (pid=76072)>: stderr >> Loading weights file from: data/engines/maia/maia-1100.pb.gz
<UciProtocol (pid=76072)>: stderr >> Initialized metal backend on device Apple M3 Pro
<UciProtocol (pid=76073)>: stderr >> [1m[31m       _
<UciProtocol (pid=76073)>: stderr >> |   _ | |
<UciProtocol (pid=76073)>: stderr >> |_ |_ |_|[0m v0.32.1+git.dirty built Nov 23 2025
<UciProtocol (pid=76073)>: stderr >> Search algorithm: classic
<UciProtocol (pid=76073)>: stderr >> Loading weights file from: data/engines/maia/maia-1500.pb.gz
<UciProtocol (pid=76073)>: stderr >> Initialized metal backend on device Apple M3 Pro
<UciProtocol (pid=76077)>: stderr >> [1m[31m       _
<UciProtocol (pid=76077)>: stderr >> |   _ | |
<UciProtocol (pid=76077)>: stderr >> |_ |_ |_|[0m v0.32.1+git.dirty built Nov 23 2025
<UciProtocol (pid=76077)>: stderr >> Search algorithm: classic
<UciProtocol (pid=76076)>: stderr >> [1m[31m       _
<UciProtocol (pid=76076)>: stderr >> |   _ | |
<UciProtocol (pid=76076)>: stderr >> |_ |_ |_|[0m v0.32.1+git.dirty built Nov 23 2025
<UciProtocol (pid=76076)>: stderr >> Search algorithm: classic
<UciProtocol (pid=76077)>: stderr >> Loading weights file from: data/engines/maia/maia-1500.pb.gz
<UciProtocol (pid=76076)>: stderr >> Loading weights file from: data/engines/maia/maia-1500.pb.gz
<UciProtocol (pid=76079)>: stderr >> [1m[31m       _
<UciProtocol (pid=76079)>: stderr >> |   _ | |
<UciProtocol (pid=76079)>: stderr >> |_ |_ |_|[0m v0.32.1+git.dirty built Nov 23 2025
<UciProtocol (pid=76079)>: stderr >> Search algorithm: classic
<UciProtocol (pid=76079)>: stderr >> Loading weights file from: data/engines/maia/maia-1500.pb.gz
<UciProtocol (pid=76079)>: stderr >> Initialized metal backend on device Apple M3 Pro
<UciProtocol (pid=76076)>: stderr >> Initialized metal backend on device Apple M3 Pro
<UciProtocol (pid=76077)>: stderr >> Initialized metal backend on device Apple M3 Pro
<UciProtocol (pid=76080)>: stderr >> [1m[31m       _
<UciProtocol (pid=76080)>: stderr >> |   _ | |
<UciProtocol (pid=76080)>: stderr >> |_ |_ |_|[0m v0.32.1+git.dirty built Nov 23 2025
<UciProtocol (pid=76080)>: stderr >> Search algorithm: classic
<UciProtocol (pid=76080)>: stderr >> Loading weights file from: data/engines/maia/maia-1900.pb.gz
<UciProtocol (pid=76081)>: stderr >> [1m[31m       _
<UciProtocol (pid=76081)>: stderr >> |   _ | |
<UciProtocol (pid=76081)>: stderr >> |_ |_ |_|[0m v0.32.1+git.dirty built Nov 23 2025
<UciProtocol (pid=76081)>: stderr >> Search algorithm: classic
<UciProtocol (pid=76080)>: stderr >> Initialized metal backend on device Apple M3 Pro
<UciProtocol (pid=76081)>: stderr >> Loading weights file from: data/engines/maia/maia-1100.pb.gz
<UciProtocol (pid=76081)>: stderr >> Initialized metal backend on device Apple M3 Pro
<UciProtocol (pid=76083)>: stderr >> [1m[31m       _
<UciProtocol (pid=76083)>: stderr >> |   _ | |
<UciProtocol (pid=76083)>: stderr >> |_ |_ |_|[0m v0.32.1+git.dirty built Nov 23 2025
<UciProtocol (pid=76082)>: stderr >> [1m[31m       _
<UciProtocol (pid=76082)>: stderr >> |   _ | |
<UciProtocol (pid=76082)>: stderr >> |_ |_ |_|[0m v0.32.1+git.dirty built Nov 23 2025
<UciProtocol (pid=76083)>: stderr >> Search algorithm: classic
<UciProtocol (pid=76082)>: stderr >> Search algorithm: classic
<UciProtocol (pid=76083)>: stderr >> Loading weights file from: data/engines/maia/maia-1900.pb.gz
<UciProtocol (pid=76082)>: stderr >> Loading weights file from: data/engines/maia/maia-1900.pb.gz
<UciProtocol (pid=76084)>: stderr >> [1m[31m       _
<UciProtocol (pid=76084)>: stderr >> |   _ | |
<UciProtocol (pid=76084)>: stderr >> |_ |_ |_|[0m v0.32.1+git.dirty built Nov 23 2025
<UciProtocol (pid=76084)>: stderr >> Search algorithm: classic
<UciProtocol (pid=76085)>: stderr >> [1m[31m       _
<UciProtocol (pid=76085)>: stderr >> |   _ | |
<UciProtocol (pid=76085)>: stderr >> |_ |_ |_|[0m v0.32.1+git.dirty built Nov 23 2025
<UciProtocol (pid=76085)>: stderr >> Search algorithm: classic
<UciProtocol (pid=76084)>: stderr >> Loading weights file from: data/engines/maia/maia-1100.pb.gz
<UciProtocol (pid=76085)>: stderr >> Loading weights file from: data/engines/maia/maia-1900.pb.gz
<UciProtocol (pid=76083)>: stderr >> Initialized metal backend on device Apple M3 Pro
<UciProtocol (pid=76082)>: stderr >> Initialized metal backend on device Apple M3 Pro
<UciProtocol (pid=76085)>: stderr >> Initialized metal backend on device Apple M3 Pro
<UciProtocol (pid=76084)>: stderr >> Initialized metal backend on device Apple M3 Pro
<UciProtocol (pid=76086)>: stderr >> [1m[31m       _
<UciProtocol (pid=76086)>: stderr >> |   _ | |
<UciProtocol (pid=76086)>: stderr >> |_ |_ |_|[0m v0.32.1+git.dirty built Nov 23 2025
<UciProtocol (pid=76086)>: stderr >> Search algorithm: classic
<UciProtocol (pid=76086)>: stderr >> Loading weights file from: data/engines/maia/maia-1100.pb.gz
<UciProtocol (pid=76086)>: stderr >> Initialized metal backend on device Apple M3 Pro
<UciProtocol (pid=76087)>: stderr >> [1m[31m       _
<UciProtocol (pid=76087)>: stderr >> |   _ | |
<UciProtocol (pid=76087)>: stderr >> |_ |_ |_|[0m v0.32.1+git.dirty built Nov 23 2025
<UciProtocol (pid=76087)>: stderr >> Search algorithm: classic
<UciProtocol (pid=76087)>: stderr >> Loading weights file from: data/engines/maia/maia-1500.pb.gz
<UciProtocol (pid=76087)>: stderr >> Initialized metal backend on device Apple M3 Pro
<UciProtocol (pid=76093)>: stderr >> [1m[31m       _
<UciProtocol (pid=76093)>: stderr >> |   _ | |
<UciProtocol (pid=76093)>: stderr >> |_ |_ |_|[0m v0.32.1+git.dirty built Nov 23 2025
<UciProtocol (pid=76093)>: stderr >> Search algorithm: classic
<UciProtocol (pid=76093)>: stderr >> Loading weights file from: data/engines/maia/maia-1500.pb.gz
<UciProtocol (pid=76094)>: stderr >> [1m[31m       _
<UciProtocol (pid=76094)>: stderr >> |   _ | |
<UciProtocol (pid=76094)>: stderr >> |_ |_ |_|[0m v0.32.1+git.dirty built Nov 23 2025
<UciProtocol (pid=76094)>: stderr >> Search algorithm: classic
<UciProtocol (pid=76094)>: stderr >> Loading weights file from: data/engines/maia/maia-1500.pb.gz
<UciProtocol (pid=76093)>: stderr >> Initialized metal backend on device Apple M3 Pro
<UciProtocol (pid=76094)>: stderr >> Initialized metal backend on device Apple M3 Pro
<UciProtocol (pid=76095)>: stderr >> [1m[31m       _
<UciProtocol (pid=76095)>: stderr >> |   _ | |
<UciProtocol (pid=76095)>: stderr >> |_ |_ |_|[0m v0.32.1+git.dirty built Nov 23 2025
<UciProtocol (pid=76095)>: stderr >> Search algorithm: classic
<UciProtocol (pid=76095)>: stderr >> Loading weights file from: data/engines/maia/maia-1900.pb.gz
<UciProtocol (pid=76095)>: stderr >> Initialized metal backend on device Apple M3 Pro
<UciProtocol (pid=76096)>: stderr >> [1m[31m       _
<UciProtocol (pid=76096)>: stderr >> |   _ | |
<UciProtocol (pid=76096)>: stderr >> |_ |_ |_|[0m v0.32.1+git.dirty built Nov 23 2025
<UciProtocol (pid=76096)>: stderr >> Search algorithm: classic
<UciProtocol (pid=76096)>: stderr >> Loading weights file from: data/engines/maia/maia-1900.pb.gz
<UciProtocol (pid=76096)>: stderr >> Initialized metal backend on device Apple M3 Pro
<UciProtocol (pid=76097)>: stderr >> [1m[31m       _
<UciProtocol (pid=76097)>: stderr >> |   _ | |
<UciProtocol (pid=76097)>: stderr >> |_ |_ |_|[0m v0.32.1+git.dirty built Nov 23 2025
<UciProtocol (pid=76097)>: stderr >> Search algorithm: classic
<UciProtocol (pid=76097)>: stderr >> Loading weights file from: data/engines/maia/maia-1900.pb.gz
<UciProtocol (pid=76097)>: stderr >> Initialized metal backend on device Apple M3 Pro
[daemon] shards 197  anchors 19,600  rows 1,988,262  (27,911/hr)  [2528s]
<UciProtocol (pid=76612)>: stderr >> [1m[31m       _
<UciProtocol (pid=76612)>: stderr >> |   _ | |
<UciProtocol (pid=76612)>: stderr >> |_ |_ |_|[0m v0.32.1+git.dirty built Nov 23 2025
<UciProtocol (pid=76612)>: stderr >> Search algorithm: classic
<UciProtocol (pid=76612)>: stderr >> Loading weights file from: data/engines/maia/maia-1100.pb.gz
<UciProtocol (pid=76613)>: stderr >> [1m[31m       _
<UciProtocol (pid=76613)>: stderr >> |   _ | |
<UciProtocol (pid=76613)>: stderr >> |_ |_ |_|[0m v0.32.1+git.dirty built Nov 23 2025
<UciProtocol (pid=76613)>: stderr >> Search algorithm: classic
<UciProtocol (pid=76613)>: stderr >> Loading weights file from: data/engines/maia/maia-1100.pb.gz
<UciProtocol (pid=76614)>: stderr >> [1m[31m       _
<UciProtocol (pid=76614)>: stderr >> |   _ | |
<UciProtocol (pid=76614)>: stderr >> |_ |_ |_|[0m v0.32.1+git.dirty built Nov 23 2025
<UciProtocol (pid=76614)>: stderr >> Search algorithm: classic
<UciProtocol (pid=76614)>: stderr >> Loading weights file from: data/engines/maia/maia-1100.pb.gz
<UciProtocol (pid=76612)>: stderr >> Initialized metal backend on device Apple M3 Pro
<UciProtocol (pid=76613)>: stderr >> Initialized metal backend on device Apple M3 Pro
<UciProtocol (pid=76614)>: stderr >> Initialized metal backend on device Apple M3 Pro
<UciProtocol (pid=76615)>: stderr >> [1m[31m       _
<UciProtocol (pid=76615)>: stderr >> |   _ | |
<UciProtocol (pid=76615)>: stderr >> |_ |_ |_|[0m v0.32.1+git.dirty built Nov 23 2025
<UciProtocol (pid=76615)>: stderr >> Search algorithm: classic
<UciProtocol (pid=76615)>: stderr >> Loading weights file from: data/engines/maia/maia-1100.pb.gz
<UciProtocol (pid=76615)>: stderr >> Initialized metal backend on device Apple M3 Pro
<UciProtocol (pid=76616)>: stderr >> [1m[31m       _
<UciProtocol (pid=76616)>: stderr >> |   _ | |
<UciProtocol (pid=76616)>: stderr >> |_ |_ |_|[0m v0.32.1+git.dirty built Nov 23 2025
<UciProtocol (pid=76616)>: stderr >> Search algorithm: classic
<UciProtocol (pid=76617)>: stderr >> [1m[31m       _
<UciProtocol (pid=76617)>: stderr >> |   _ | |
<UciProtocol (pid=76617)>: stderr >> |_ |_ |_|[0m v0.32.1+git.dirty built Nov 23 2025
<UciProtocol (pid=76616)>: stderr >> Loading weights file from: data/engines/maia/maia-1100.pb.gz
<UciProtocol (pid=76617)>: stderr >> Search algorithm: classic
<UciProtocol (pid=76617)>: stderr >> Loading weights file from: data/engines/maia/maia-1100.pb.gz
<UciProtocol (pid=76617)>: stderr >> Initialized metal backend on device Apple M3 Pro
<UciProtocol (pid=76616)>: stderr >> Initialized metal backend on device Apple M3 Pro
<UciProtocol (pid=76618)>: stderr >> [1m[31m       _
<UciProtocol (pid=76618)>: stderr >> |   _ | |
<UciProtocol (pid=76618)>: stderr >> |_ |_ |_|[0m v0.32.1+git.dirty built Nov 23 2025
<UciProtocol (pid=76618)>: stderr >> Search algorithm: classic
<UciProtocol (pid=76618)>: stderr >> Loading weights file from: data/engines/maia/maia-1500.pb.gz
<UciProtocol (pid=76619)>: stderr >> [1m[31m       _
<UciProtocol (pid=76619)>: stderr >> |   _ | |
<UciProtocol (pid=76619)>: stderr >> |_ |_ |_|[0m v0.32.1+git.dirty built Nov 23 2025
<UciProtocol (pid=76619)>: stderr >> Search algorithm: classic
<UciProtocol (pid=76619)>: stderr >> Loading weights file from: data/engines/maia/maia-1500.pb.gz
<UciProtocol (pid=76618)>: stderr >> Initialized metal backend on device Apple M3 Pro
<UciProtocol (pid=76619)>: stderr >> Initialized metal backend on device Apple M3 Pro
<UciProtocol (pid=76620)>: stderr >> [1m[31m       _
<UciProtocol (pid=76620)>: stderr >> |   _ | |
<UciProtocol (pid=76620)>: stderr >> |_ |_ |_|[0m v0.32.1+git.dirty built Nov 23 2025
<UciProtocol (pid=76620)>: stderr >> Search algorithm: classic
<UciProtocol (pid=76620)>: stderr >> Loading weights file from: data/engines/maia/maia-1500.pb.gz
<UciProtocol (pid=76620)>: stderr >> Initialized metal backend on device Apple M3 Pro
<UciProtocol (pid=76621)>: stderr >> [1m[31m       _
<UciProtocol (pid=76621)>: stderr >> |   _ | |
<UciProtocol (pid=76621)>: stderr >> |_ |_ |_|[0m v0.32.1+git.dirty built Nov 23 2025
<UciProtocol (pid=76621)>: stderr >> Search algorithm: classic
<UciProtocol (pid=76621)>: stderr >> Loading weights file from: data/engines/maia/maia-1500.pb.gz
<UciProtocol (pid=76621)>: stderr >> Initialized metal backend on device Apple M3 Pro
<UciProtocol (pid=76623)>: stderr >> [1m[31m       _
<UciProtocol (pid=76623)>: stderr >> |   _ | |
<UciProtocol (pid=76623)>: stderr >> |_ |_ |_|[0m v0.32.1+git.dirty built Nov 23 2025
<UciProtocol (pid=76623)>: stderr >> Search algorithm: classic
<UciProtocol (pid=76623)>: stderr >> Loading weights file from: data/engines/maia/maia-1900.pb.gz
<UciProtocol (pid=76623)>: stderr >> Initialized metal backend on device Apple M3 Pro
<UciProtocol (pid=76624)>: stderr >> [1m[31m       _
<UciProtocol (pid=76624)>: stderr >> |   _ | |
<UciProtocol (pid=76624)>: stderr >> |_ |_ |_|[0m v0.32.1+git.dirty built Nov 23 2025
<UciProtocol (pid=76624)>: stderr >> Search algorithm: classic
<UciProtocol (pid=76625)>: stderr >> [1m[31m       _
<UciProtocol (pid=76625)>: stderr >> |   _ | |
<UciProtocol (pid=76625)>: stderr >> |_ |_ |_|[0m v0.32.1+git.dirty built Nov 23 2025
<UciProtocol (pid=76626)>: stderr >> [1m[31m       _
<UciProtocol (pid=76626)>: stderr >> |   _ | |
<UciProtocol (pid=76626)>: stderr >> |_ |_ |_|[0m v0.32.1+git.dirty built Nov 23 2025
<UciProtocol (pid=76626)>: stderr >> Search algorithm: classic
<UciProtocol (pid=76625)>: stderr >> Search algorithm: classic
<UciProtocol (pid=76624)>: stderr >> Loading weights file from: data/engines/maia/maia-1900.pb.gz
<UciProtocol (pid=76626)>: stderr >> Loading weights file from: data/engines/maia/maia-1500.pb.gz
<UciProtocol (pid=76625)>: stderr >> Loading weights file from: data/engines/maia/maia-1900.pb.gz
<UciProtocol (pid=76627)>: stderr >> [1m[31m       _
<UciProtocol (pid=76627)>: stderr >> |   _ | |
<UciProtocol (pid=76627)>: stderr >> |_ |_ |_|[0m v0.32.1+git.dirty built Nov 23 2025
<UciProtocol (pid=76627)>: stderr >> Search algorithm: classic
<UciProtocol (pid=76627)>: stderr >> Loading weights file from: data/engines/maia/maia-1500.pb.gz
<UciProtocol (pid=76624)>: stderr >> Initialized metal backend on device Apple M3 Pro
<UciProtocol (pid=76625)>: stderr >> Initialized metal backend on device Apple M3 Pro
<UciProtocol (pid=76626)>: stderr >> Initialized metal backend on device Apple M3 Pro
<UciProtocol (pid=76627)>: stderr >> Initialized metal backend on device Apple M3 Pro
<UciProtocol (pid=76633)>: stderr >> [1m[31m       _
<UciProtocol (pid=76633)>: stderr >> |   _ | |
<UciProtocol (pid=76633)>: stderr >> |_ |_ |_|[0m v0.32.1+git.dirty built Nov 23 2025
<UciProtocol (pid=76633)>: stderr >> Search algorithm: classic
<UciProtocol (pid=76633)>: stderr >> Loading weights file from: data/engines/maia/maia-1900.pb.gz
<UciProtocol (pid=76634)>: stderr >> [1m[31m       _
<UciProtocol (pid=76634)>: stderr >> |   _ | |
<UciProtocol (pid=76634)>: stderr >> |_ |_ |_|[0m v0.32.1+git.dirty built Nov 23 2025
<UciProtocol (pid=76634)>: stderr >> Search algorithm: classic
<UciProtocol (pid=76634)>: stderr >> Loading weights file from: data/engines/maia/maia-1100.pb.gz
<UciProtocol (pid=76633)>: stderr >> Initialized metal backend on device Apple M3 Pro
<UciProtocol (pid=76634)>: stderr >> Initialized metal backend on device Apple M3 Pro
<UciProtocol (pid=76635)>: stderr >> [1m[31m       _
<UciProtocol (pid=76635)>: stderr >> |   _ | |
<UciProtocol (pid=76635)>: stderr >> |_ |_ |_|[0m v0.32.1+git.dirty built Nov 23 2025
<UciProtocol (pid=76635)>: stderr >> Search algorithm: classic
<UciProtocol (pid=76635)>: stderr >> Loading weights file from: data/engines/maia/maia-1900.pb.gz
<UciProtocol (pid=76635)>: stderr >> Initialized metal backend on device Apple M3 Pro
<UciProtocol (pid=76636)>: stderr >> [1m[31m       _
<UciProtocol (pid=76636)>: stderr >> |   _ | |
<UciProtocol (pid=76636)>: stderr >> |_ |_ |_|[0m v0.32.1+git.dirty built Nov 23 2025
<UciProtocol (pid=76636)>: stderr >> Search algorithm: classic
<UciProtocol (pid=76636)>: stderr >> Loading weights file from: data/engines/maia/maia-1900.pb.gz
<UciProtocol (pid=76636)>: stderr >> Initialized metal backend on device Apple M3 Pro
<UciProtocol (pid=76637)>: stderr >> [1m[31m       _
<UciProtocol (pid=76637)>: stderr >> |   _ | |
<UciProtocol (pid=76637)>: stderr >> |_ |_ |_|[0m v0.32.1+git.dirty built Nov 23 2025
<UciProtocol (pid=76637)>: stderr >> Search algorithm: classic
<UciProtocol (pid=76637)>: stderr >> Loading weights file from: data/engines/maia/maia-1500.pb.gz
<UciProtocol (pid=76637)>: stderr >> Initialized metal backend on device Apple M3 Pro
<UciProtocol (pid=76638)>: stderr >> [1m[31m       _
<UciProtocol (pid=76638)>: stderr >> |   _ | |
<UciProtocol (pid=76638)>: stderr >> |_ |_ |_|[0m v0.32.1+git.dirty built Nov 23 2025
<UciProtocol (pid=76638)>: stderr >> Search algorithm: classic
<UciProtocol (pid=76638)>: stderr >> Loading weights file from: data/engines/maia/maia-1900.pb.gz
<UciProtocol (pid=76638)>: stderr >> Initialized metal backend on device Apple M3 Pro
[daemon] shards 204  anchors 21,000  rows 2,130,508  (27,861/hr)  [2713s]
<UciProtocol (pid=77141)>: stderr >> [1m[31m       _
<UciProtocol (pid=77141)>: stderr >> |   _ | |
<UciProtocol (pid=77141)>: stderr >> |_ |_ |_|[0m v0.32.1+git.dirty built Nov 23 2025
<UciProtocol (pid=77141)>: stderr >> Search algorithm: classic
<UciProtocol (pid=77141)>: stderr >> Loading weights file from: data/engines/maia/maia-1100.pb.gz
<UciProtocol (pid=77141)>: stderr >> Initialized metal backend on device Apple M3 Pro
<UciProtocol (pid=77144)>: stderr >> [1m[31m       _
<UciProtocol (pid=77144)>: stderr >> |   _ | |
<UciProtocol (pid=77144)>: stderr >> |_ |_ |_|[0m v0.32.1+git.dirty built Nov 23 2025
<UciProtocol (pid=77144)>: stderr >> Search algorithm: classic
<UciProtocol (pid=77144)>: stderr >> Loading weights file from: data/engines/maia/maia-1100.pb.gz
<UciProtocol (pid=77147)>: stderr >> [1m[31m       _
<UciProtocol (pid=77147)>: stderr >> |   _ | |
<UciProtocol (pid=77147)>: stderr >> |_ |_ |_|[0m v0.32.1+git.dirty built Nov 23 2025
<UciProtocol (pid=77147)>: stderr >> Search algorithm: classic
<UciProtocol (pid=77147)>: stderr >> Loading weights file from: data/engines/maia/maia-1100.pb.gz
<UciProtocol (pid=77144)>: stderr >> Initialized metal backend on device Apple M3 Pro
<UciProtocol (pid=77147)>: stderr >> Initialized metal backend on device Apple M3 Pro
<UciProtocol (pid=77148)>: stderr >> [1m[31m       _
<UciProtocol (pid=77148)>: stderr >> |   _ | |
<UciProtocol (pid=77148)>: stderr >> |_ |_ |_|[0m v0.32.1+git.dirty built Nov 23 2025
<UciProtocol (pid=77148)>: stderr >> Search algorithm: classic
<UciProtocol (pid=77148)>: stderr >> Loading weights file from: data/engines/maia/maia-1500.pb.gz
<UciProtocol (pid=77148)>: stderr >> Initialized metal backend on device Apple M3 Pro
<UciProtocol (pid=77149)>: stderr >> [1m[31m       _
<UciProtocol (pid=77149)>: stderr >> |   _ | |
<UciProtocol (pid=77149)>: stderr >> |_ |_ |_|[0m v0.32.1+git.dirty built Nov 23 2025
<UciProtocol (pid=77149)>: stderr >> Search algorithm: classic
<UciProtocol (pid=77149)>: stderr >> Loading weights file from: data/engines/maia/maia-1100.pb.gz
<UciProtocol (pid=77150)>: stderr >> [1m[31m       _
<UciProtocol (pid=77150)>: stderr >> |   _ | |
<UciProtocol (pid=77150)>: stderr >> |_ |_ |_|[0m v0.32.1+git.dirty built Nov 23 2025
<UciProtocol (pid=77151)>: stderr >> [1m[31m       _
<UciProtocol (pid=77151)>: stderr >> |   _ | |
<UciProtocol (pid=77151)>: stderr >> |_ |_ |_|[0m v0.32.1+git.dirty built Nov 23 2025
<UciProtocol (pid=77150)>: stderr >> Search algorithm: classic
<UciProtocol (pid=77151)>: stderr >> Search algorithm: classic
<UciProtocol (pid=77152)>: stderr >> [1m[31m       _
<UciProtocol (pid=77152)>: stderr >> |   _ | |
<UciProtocol (pid=77152)>: stderr >> |_ |_ |_|[0m v0.32.1+git.dirty built Nov 23 2025
<UciProtocol (pid=77150)>: stderr >> Loading weights file from: data/engines/maia/maia-1500.pb.gz
<UciProtocol (pid=77152)>: stderr >> Search algorithm: classic
<UciProtocol (pid=77151)>: stderr >> Loading weights file from: data/engines/maia/maia-1500.pb.gz
<UciProtocol (pid=77152)>: stderr >> Loading weights file from: data/engines/maia/maia-1100.pb.gz
<UciProtocol (pid=77149)>: stderr >> Initialized metal backend on device Apple M3 Pro
<UciProtocol (pid=77151)>: stderr >> Initialized metal backend on device Apple M3 Pro
<UciProtocol (pid=77150)>: stderr >> Initialized metal backend on device Apple M3 Pro
<UciProtocol (pid=77152)>: stderr >> Initialized metal backend on device Apple M3 Pro
<UciProtocol (pid=77153)>: stderr >> [1m[31m       _
<UciProtocol (pid=77153)>: stderr >> |   _ | |
<UciProtocol (pid=77153)>: stderr >> |_ |_ |_|[0m v0.32.1+git.dirty built Nov 23 2025
<UciProtocol (pid=77153)>: stderr >> Search algorithm: classic
<UciProtocol (pid=77153)>: stderr >> Loading weights file from: data/engines/maia/maia-1100.pb.gz
<UciProtocol (pid=77154)>: stderr >> [1m[31m       _
<UciProtocol (pid=77154)>: stderr >> |   _ | |
<UciProtocol (pid=77154)>: stderr >> |_ |_ |_|[0m v0.32.1+git.dirty built Nov 23 2025
<UciProtocol (pid=77154)>: stderr >> Search algorithm: classic
<UciProtocol (pid=77154)>: stderr >> Loading weights file from: data/engines/maia/maia-1100.pb.gz
<UciProtocol (pid=77153)>: stderr >> Initialized metal backend on device Apple M3 Pro
<UciProtocol (pid=77155)>: stderr >> [1m[31m       _
<UciProtocol (pid=77155)>: stderr >> |   _ | |
<UciProtocol (pid=77155)>: stderr >> |_ |_ |_|[0m v0.32.1+git.dirty built Nov 23 2025
<UciProtocol (pid=77155)>: stderr >> Search algorithm: classic
<UciProtocol (pid=77154)>: stderr >> Initialized metal backend on device Apple M3 Pro
<UciProtocol (pid=77155)>: stderr >> Loading weights file from: data/engines/maia/maia-1900.pb.gz
<UciProtocol (pid=77155)>: stderr >> Initialized metal backend on device Apple M3 Pro
<UciProtocol (pid=77156)>: stderr >> [1m[31m       _
<UciProtocol (pid=77156)>: stderr >> |   _ | |
<UciProtocol (pid=77156)>: stderr >> |_ |_ |_|[0m v0.32.1+git.dirty built Nov 23 2025
<UciProtocol (pid=77156)>: stderr >> Search algorithm: classic
<UciProtocol (pid=77156)>: stderr >> Loading weights file from: data/engines/maia/maia-1500.pb.gz
<UciProtocol (pid=77156)>: stderr >> Initialized metal backend on device Apple M3 Pro
<UciProtocol (pid=77157)>: stderr >> [1m[31m       _
<UciProtocol (pid=77157)>: stderr >> |   _ | |
<UciProtocol (pid=77157)>: stderr >> |_ |_ |_|[0m v0.32.1+git.dirty built Nov 23 2025
<UciProtocol (pid=77157)>: stderr >> Search algorithm: classic
<UciProtocol (pid=77157)>: stderr >> Loading weights file from: data/engines/maia/maia-1900.pb.gz
<UciProtocol (pid=77157)>: stderr >> Initialized metal backend on device Apple M3 Pro
<UciProtocol (pid=77158)>: stderr >> [1m[31m       _
<UciProtocol (pid=77158)>: stderr >> |   _ | |
<UciProtocol (pid=77158)>: stderr >> |_ |_ |_|[0m v0.32.1+git.dirty built Nov 23 2025
<UciProtocol (pid=77158)>: stderr >> Search algorithm: classic
<UciProtocol (pid=77158)>: stderr >> Loading weights file from: data/engines/maia/maia-1500.pb.gz
<UciProtocol (pid=77158)>: stderr >> Initialized metal backend on device Apple M3 Pro
<UciProtocol (pid=77160)>: stderr >> [1m[31m       _
<UciProtocol (pid=77160)>: stderr >> |   _ | |
<UciProtocol (pid=77160)>: stderr >> |_ |_ |_|[0m v0.32.1+git.dirty built Nov 23 2025
<UciProtocol (pid=77159)>: stderr >> [1m[31m       _
<UciProtocol (pid=77159)>: stderr >> |   _ | |
<UciProtocol (pid=77159)>: stderr >> |_ |_ |_|[0m v0.32.1+git.dirty built Nov 23 2025
<UciProtocol (pid=77160)>: stderr >> Search algorithm: classic
<UciProtocol (pid=77160)>: stderr >> Loading weights file from: data/engines/maia/maia-1900.pb.gz
<UciProtocol (pid=77159)>: stderr >> Search algorithm: classic
<UciProtocol (pid=77159)>: stderr >> Loading weights file from: data/engines/maia/maia-1500.pb.gz
<UciProtocol (pid=77159)>: stderr >> Initialized metal backend on device Apple M3 Pro
<UciProtocol (pid=77160)>: stderr >> Initialized metal backend on device Apple M3 Pro
<UciProtocol (pid=77161)>: stderr >> [1m[31m       _
<UciProtocol (pid=77161)>: stderr >> |   _ | |
<UciProtocol (pid=77161)>: stderr >> |_ |_ |_|[0m v0.32.1+git.dirty built Nov 23 2025
<UciProtocol (pid=77161)>: stderr >> Search algorithm: classic
<UciProtocol (pid=77161)>: stderr >> Loading weights file from: data/engines/maia/maia-1500.pb.gz
<UciProtocol (pid=77162)>: stderr >> [1m[31m       _
<UciProtocol (pid=77162)>: stderr >> |   _ | |
<UciProtocol (pid=77162)>: stderr >> |_ |_ |_|[0m v0.32.1+git.dirty built Nov 23 2025
<UciProtocol (pid=77162)>: stderr >> Search algorithm: classic
<UciProtocol (pid=77162)>: stderr >> Loading weights file from: data/engines/maia/maia-1900.pb.gz
<UciProtocol (pid=77161)>: stderr >> Initialized metal backend on device Apple M3 Pro
<UciProtocol (pid=77162)>: stderr >> Initialized metal backend on device Apple M3 Pro
<UciProtocol (pid=77168)>: stderr >> [1m[31m       _
<UciProtocol (pid=77168)>: stderr >> |   _ | |
<UciProtocol (pid=77168)>: stderr >> |_ |_ |_|[0m v0.32.1+git.dirty built Nov 23 2025
<UciProtocol (pid=77168)>: stderr >> Search algorithm: classic
<UciProtocol (pid=77168)>: stderr >> Loading weights file from: data/engines/maia/maia-1900.pb.gz
<UciProtocol (pid=77169)>: stderr >> [1m[31m       _
<UciProtocol (pid=77169)>: stderr >> |   _ | |
<UciProtocol (pid=77169)>: stderr >> |_ |_ |_|[0m v0.32.1+git.dirty built Nov 23 2025
<UciProtocol (pid=77169)>: stderr >> Search algorithm: classic
<UciProtocol (pid=77168)>: stderr >> Initialized metal backend on device Apple M3 Pro
<UciProtocol (pid=77169)>: stderr >> Loading weights file from: data/engines/maia/maia-1900.pb.gz
<UciProtocol (pid=77169)>: stderr >> Initialized metal backend on device Apple M3 Pro
<UciProtocol (pid=77170)>: stderr >> [1m[31m       _
<UciProtocol (pid=77170)>: stderr >> |   _ | |
<UciProtocol (pid=77170)>: stderr >> |_ |_ |_|[0m v0.32.1+git.dirty built Nov 23 2025
<UciProtocol (pid=77170)>: stderr >> Search algorithm: classic
<UciProtocol (pid=77170)>: stderr >> Loading weights file from: data/engines/maia/maia-1900.pb.gz
<UciProtocol (pid=77170)>: stderr >> Initialized metal backend on device Apple M3 Pro
[daemon] shards 211  anchors 22,400  rows 2,272,781  (27,726/hr)  [2908s]
<UciProtocol (pid=77787)>: stderr >> [1m[31m       _
<UciProtocol (pid=77787)>: stderr >> |   _ | |
<UciProtocol (pid=77787)>: stderr >> |_ |_ |_|[0m v0.32.1+git.dirty built Nov 23 2025
<UciProtocol (pid=77787)>: stderr >> Search algorithm: classic
<UciProtocol (pid=77787)>: stderr >> Loading weights file from: data/engines/maia/maia-1100.pb.gz
<UciProtocol (pid=77787)>: stderr >> Initialized metal backend on device Apple M3 Pro
<UciProtocol (pid=77788)>: stderr >> [1m[31m       _
<UciProtocol (pid=77788)>: stderr >> |   _ | |
<UciProtocol (pid=77788)>: stderr >> |_ |_ |_|[0m v0.32.1+git.dirty built Nov 23 2025
<UciProtocol (pid=77788)>: stderr >> Search algorithm: classic
<UciProtocol (pid=77788)>: stderr >> Loading weights file from: data/engines/maia/maia-1100.pb.gz
<UciProtocol (pid=77789)>: stderr >> [1m[31m       _
<UciProtocol (pid=77789)>: stderr >> |   _ | |
<UciProtocol (pid=77789)>: stderr >> |_ |_ |_|[0m v0.32.1+git.dirty built Nov 23 2025
<UciProtocol (pid=77789)>: stderr >> Search algorithm: classic
<UciProtocol (pid=77789)>: stderr >> Loading weights file from: data/engines/maia/maia-1100.pb.gz
<UciProtocol (pid=77790)>: stderr >> [1m[31m       _
<UciProtocol (pid=77790)>: stderr >> |   _ | |
<UciProtocol (pid=77790)>: stderr >> |_ |_ |_|[0m v0.32.1+git.dirty built Nov 23 2025
<UciProtocol (pid=77790)>: stderr >> Search algorithm: classic
<UciProtocol (pid=77790)>: stderr >> Loading weights file from: data/engines/maia/maia-1100.pb.gz
<UciProtocol (pid=77791)>: stderr >> [1m[31m       _
<UciProtocol (pid=77791)>: stderr >> |   _ | |
<UciProtocol (pid=77791)>: stderr >> |_ |_ |_|[0m v0.32.1+git.dirty built Nov 23 2025
<UciProtocol (pid=77791)>: stderr >> Search algorithm: classic
<UciProtocol (pid=77791)>: stderr >> Loading weights file from: data/engines/maia/maia-1100.pb.gz
<UciProtocol (pid=77788)>: stderr >> Initialized metal backend on device Apple M3 Pro
<UciProtocol (pid=77789)>: stderr >> Initialized metal backend on device Apple M3 Pro
<UciProtocol (pid=77790)>: stderr >> Initialized metal backend on device Apple M3 Pro
<UciProtocol (pid=77791)>: stderr >> Initialized metal backend on device Apple M3 Pro
<UciProtocol (pid=77793)>: stderr >> [1m[31m       _
<UciProtocol (pid=77793)>: stderr >> |   _ | |
<UciProtocol (pid=77793)>: stderr >> |_ |_ |_|[0m v0.32.1+git.dirty built Nov 23 2025
<UciProtocol (pid=77793)>: stderr >> Search algorithm: classic
<UciProtocol (pid=77793)>: stderr >> Loading weights file from: data/engines/maia/maia-1100.pb.gz
<UciProtocol (pid=77794)>: stderr >> [1m[31m       _
<UciProtocol (pid=77794)>: stderr >> |   _ | |
<UciProtocol (pid=77794)>: stderr >> |_ |_ |_|[0m v0.32.1+git.dirty built Nov 23 2025
<UciProtocol (pid=77794)>: stderr >> Search algorithm: classic
<UciProtocol (pid=77795)>: stderr >> [1m[31m       _
<UciProtocol (pid=77795)>: stderr >> |   _ | |
<UciProtocol (pid=77795)>: stderr >> |_ |_ |_|[0m v0.32.1+git.dirty built Nov 23 2025
<UciProtocol (pid=77794)>: stderr >> Loading weights file from: data/engines/maia/maia-1500.pb.gz
<UciProtocol (pid=77795)>: stderr >> Search algorithm: classic
<UciProtocol (pid=77793)>: stderr >> Initialized metal backend on device Apple M3 Pro
<UciProtocol (pid=77795)>: stderr >> Loading weights file from: data/engines/maia/maia-1500.pb.gz
<UciProtocol (pid=77794)>: stderr >> Initialized metal backend on device Apple M3 Pro
<UciProtocol (pid=77795)>: stderr >> Initialized metal backend on device Apple M3 Pro
<UciProtocol (pid=77796)>: stderr >> [1m[31m       _
<UciProtocol (pid=77796)>: stderr >> |   _ | |
<UciProtocol (pid=77796)>: stderr >> |_ |_ |_|[0m v0.32.1+git.dirty built Nov 23 2025
<UciProtocol (pid=77796)>: stderr >> Search algorithm: classic
<UciProtocol (pid=77796)>: stderr >> Loading weights file from: data/engines/maia/maia-1500.pb.gz
<UciProtocol (pid=77797)>: stderr >> [1m[31m       _
<UciProtocol (pid=77797)>: stderr >> |   _ | |
<UciProtocol (pid=77797)>: stderr >> |_ |_ |_|[0m v0.32.1+git.dirty built Nov 23 2025
<UciProtocol (pid=77797)>: stderr >> Search algorithm: classic
<UciProtocol (pid=77797)>: stderr >> Loading weights file from: data/engines/maia/maia-1500.pb.gz
<UciProtocol (pid=77798)>: stderr >> [1m[31m       _
<UciProtocol (pid=77798)>: stderr >> |   _ | |
<UciProtocol (pid=77798)>: stderr >> |_ |_ |_|[0m v0.32.1+git.dirty built Nov 23 2025
<UciProtocol (pid=77798)>: stderr >> Search algorithm: classic
<UciProtocol (pid=77798)>: stderr >> Loading weights file from: data/engines/maia/maia-1500.pb.gz
<UciProtocol (pid=77796)>: stderr >> Initialized metal backend on device Apple M3 Pro
<UciProtocol (pid=77797)>: stderr >> Initialized metal backend on device Apple M3 Pro
<UciProtocol (pid=77798)>: stderr >> Initialized metal backend on device Apple M3 Pro
<UciProtocol (pid=77799)>: stderr >> [1m[31m       _
<UciProtocol (pid=77799)>: stderr >> |   _ | |
<UciProtocol (pid=77799)>: stderr >> |_ |_ |_|[0m v0.32.1+git.dirty built Nov 23 2025
<UciProtocol (pid=77799)>: stderr >> Search algorithm: classic
<UciProtocol (pid=77799)>: stderr >> Loading weights file from: data/engines/maia/maia-1900.pb.gz
<UciProtocol (pid=77800)>: stderr >> [1m[31m       _
<UciProtocol (pid=77800)>: stderr >> |   _ | |
<UciProtocol (pid=77800)>: stderr >> |_ |_ |_|[0m v0.32.1+git.dirty built Nov 23 2025
<UciProtocol (pid=77800)>: stderr >> Search algorithm: classic
<UciProtocol (pid=77800)>: stderr >> Loading weights file from: data/engines/maia/maia-1500.pb.gz
<UciProtocol (pid=77799)>: stderr >> Initialized metal backend on device Apple M3 Pro
<UciProtocol (pid=77800)>: stderr >> Initialized metal backend on device Apple M3 Pro
<UciProtocol (pid=77801)>: stderr >> [1m[31m       _
<UciProtocol (pid=77801)>: stderr >> |   _ | |
<UciProtocol (pid=77801)>: stderr >> |_ |_ |_|[0m v0.32.1+git.dirty built Nov 23 2025
<UciProtocol (pid=77801)>: stderr >> Search algorithm: classic
<UciProtocol (pid=77801)>: stderr >> Loading weights file from: data/engines/maia/maia-1100.pb.gz
<UciProtocol (pid=77801)>: stderr >> Initialized metal backend on device Apple M3 Pro
<UciProtocol (pid=77802)>: stderr >> [1m[31m       _
<UciProtocol (pid=77802)>: stderr >> |   _ | |
<UciProtocol (pid=77802)>: stderr >> |_ |_ |_|[0m v0.32.1+git.dirty built Nov 23 2025
<UciProtocol (pid=77802)>: stderr >> Search algorithm: classic
<UciProtocol (pid=77802)>: stderr >> Loading weights file from: data/engines/maia/maia-1900.pb.gz
<UciProtocol (pid=77803)>: stderr >> [1m[31m       _
<UciProtocol (pid=77803)>: stderr >> |   _ | |
<UciProtocol (pid=77803)>: stderr >> |_ |_ |_|[0m v0.32.1+git.dirty built Nov 23 2025
<UciProtocol (pid=77802)>: stderr >> Initialized metal backend on device Apple M3 Pro
<UciProtocol (pid=77803)>: stderr >> Search algorithm: classic
<UciProtocol (pid=77803)>: stderr >> Loading weights file from: data/engines/maia/maia-1900.pb.gz
<UciProtocol (pid=77804)>: stderr >> [1m[31m       _
<UciProtocol (pid=77804)>: stderr >> |   _ | |
<UciProtocol (pid=77804)>: stderr >> |_ |_ |_|[0m v0.32.1+git.dirty built Nov 23 2025
<UciProtocol (pid=77804)>: stderr >> Search algorithm: classic
<UciProtocol (pid=77804)>: stderr >> Loading weights file from: data/engines/maia/maia-1900.pb.gz
<UciProtocol (pid=77805)>: stderr >> [1m[31m       _
<UciProtocol (pid=77805)>: stderr >> |   _ | |
<UciProtocol (pid=77805)>: stderr >> |_ |_ |_|[0m v0.32.1+git.dirty built Nov 23 2025
<UciProtocol (pid=77805)>: stderr >> Search algorithm: classic
<UciProtocol (pid=77805)>: stderr >> Loading weights file from: data/engines/maia/maia-1900.pb.gz
<UciProtocol (pid=77804)>: stderr >> Initialized metal backend on device Apple M3 Pro
<UciProtocol (pid=77803)>: stderr >> Initialized metal backend on device Apple M3 Pro
<UciProtocol (pid=77805)>: stderr >> Initialized metal backend on device Apple M3 Pro
<UciProtocol (pid=77806)>: stderr >> [1m[31m       _
<UciProtocol (pid=77806)>: stderr >> |   _ | |
<UciProtocol (pid=77806)>: stderr >> |_ |_ |_|[0m v0.32.1+git.dirty built Nov 23 2025
<UciProtocol (pid=77806)>: stderr >> Search algorithm: classic
<UciProtocol (pid=77806)>: stderr >> Loading weights file from: data/engines/maia/maia-1900.pb.gz
<UciProtocol (pid=77806)>: stderr >> Initialized metal backend on device Apple M3 Pro
<UciProtocol (pid=77807)>: stderr >> [1m[31m       _
<UciProtocol (pid=77807)>: stderr >> |   _ | |
<UciProtocol (pid=77807)>: stderr >> |_ |_ |_|[0m v0.32.1+git.dirty built Nov 23 2025
<UciProtocol (pid=77807)>: stderr >> Search algorithm: classic
<UciProtocol (pid=77807)>: stderr >> Loading weights file from: data/engines/maia/maia-1500.pb.gz
<UciProtocol (pid=77807)>: stderr >> Initialized metal backend on device Apple M3 Pro
<UciProtocol (pid=77808)>: stderr >> [1m[31m       _
<UciProtocol (pid=77808)>: stderr >> |   _ | |
<UciProtocol (pid=77808)>: stderr >> |_ |_ |_|[0m v0.32.1+git.dirty built Nov 23 2025
<UciProtocol (pid=77808)>: stderr >> Search algorithm: classic
<UciProtocol (pid=77808)>: stderr >> Loading weights file from: data/engines/maia/maia-1900.pb.gz
<UciProtocol (pid=77808)>: stderr >> Initialized metal backend on device Apple M3 Pro
[daemon] shards 218  anchors 23,800  rows 2,415,171  (27,657/hr)  [3098s]
<UciProtocol (pid=78339)>: stderr >> [1m[31m       _
<UciProtocol (pid=78339)>: stderr >> |   _ | |
<UciProtocol (pid=78339)>: stderr >> |_ |_ |_|[0m v0.32.1+git.dirty built Nov 23 2025
<UciProtocol (pid=78339)>: stderr >> Search algorithm: classic
<UciProtocol (pid=78339)>: stderr >> Loading weights file from: data/engines/maia/maia-1100.pb.gz
<UciProtocol (pid=78339)>: stderr >> Initialized metal backend on device Apple M3 Pro
<UciProtocol (pid=78342)>: stderr >> [1m[31m       _
<UciProtocol (pid=78342)>: stderr >> |   _ | |
<UciProtocol (pid=78342)>: stderr >> |_ |_ |_|[0m v0.32.1+git.dirty built Nov 23 2025
<UciProtocol (pid=78342)>: stderr >> Search algorithm: classic
<UciProtocol (pid=78342)>: stderr >> Loading weights file from: data/engines/maia/maia-1100.pb.gz
<UciProtocol (pid=78343)>: stderr >> [1m[31m       _
<UciProtocol (pid=78343)>: stderr >> |   _ | |
<UciProtocol (pid=78343)>: stderr >> |_ |_ |_|[0m v0.32.1+git.dirty built Nov 23 2025
<UciProtocol (pid=78343)>: stderr >> Search algorithm: classic
<UciProtocol (pid=78343)>: stderr >> Loading weights file from: data/engines/maia/maia-1100.pb.gz
<UciProtocol (pid=78342)>: stderr >> Initialized metal backend on device Apple M3 Pro
<UciProtocol (pid=78343)>: stderr >> Initialized metal backend on device Apple M3 Pro
<UciProtocol (pid=78349)>: stderr >> [1m[31m       _
<UciProtocol (pid=78349)>: stderr >> |   _ | |
<UciProtocol (pid=78349)>: stderr >> |_ |_ |_|[0m v0.32.1+git.dirty built Nov 23 2025
<UciProtocol (pid=78349)>: stderr >> Search algorithm: classic
<UciProtocol (pid=78349)>: stderr >> Loading weights file from: data/engines/maia/maia-1100.pb.gz
<UciProtocol (pid=78350)>: stderr >> [1m[31m       _
<UciProtocol (pid=78350)>: stderr >> |   _ | |
<UciProtocol (pid=78350)>: stderr >> |_ |_ |_|[0m v0.32.1+git.dirty built Nov 23 2025
<UciProtocol (pid=78350)>: stderr >> Search algorithm: classic
<UciProtocol (pid=78350)>: stderr >> Loading weights file from: data/engines/maia/maia-1500.pb.gz
<UciProtocol (pid=78349)>: stderr >> Initialized metal backend on device Apple M3 Pro
<UciProtocol (pid=78350)>: stderr >> Initialized metal backend on device Apple M3 Pro
<UciProtocol (pid=78351)>: stderr >> [1m[31m       _
<UciProtocol (pid=78351)>: stderr >> |   _ | |
<UciProtocol (pid=78351)>: stderr >> |_ |_ |_|[0m v0.32.1+git.dirty built Nov 23 2025
<UciProtocol (pid=78351)>: stderr >> Search algorithm: classic
<UciProtocol (pid=78351)>: stderr >> Loading weights file from: data/engines/maia/maia-1500.pb.gz
<UciProtocol (pid=78353)>: stderr >> [1m[31m       _
<UciProtocol (pid=78352)>: stderr >> [1m[31m       _
<UciProtocol (pid=78353)>: stderr >> |   _ | |
<UciProtocol (pid=78352)>: stderr >> |   _ | |
<UciProtocol (pid=78353)>: stderr >> |_ |_ |_|[0m v0.32.1+git.dirty built Nov 23 2025
<UciProtocol (pid=78352)>: stderr >> |_ |_ |_|[0m v0.32.1+git.dirty built Nov 23 2025
<UciProtocol (pid=78352)>: stderr >> Search algorithm: classic
<UciProtocol (pid=78353)>: stderr >> Search algorithm: classic
<UciProtocol (pid=78352)>: stderr >> Loading weights file from: data/engines/maia/maia-1100.pb.gz
<UciProtocol (pid=78353)>: stderr >> Loading weights file from: data/engines/maia/maia-1100.pb.gz
<UciProtocol (pid=78351)>: stderr >> Initialized metal backend on device Apple M3 Pro
<UciProtocol (pid=78352)>: stderr >> Initialized metal backend on device Apple M3 Pro
<UciProtocol (pid=78353)>: stderr >> Initialized metal backend on device Apple M3 Pro
<UciProtocol (pid=78354)>: stderr >> [1m[31m       _
<UciProtocol (pid=78354)>: stderr >> |   _ | |
<UciProtocol (pid=78354)>: stderr >> |_ |_ |_|[0m v0.32.1+git.dirty built Nov 23 2025
<UciProtocol (pid=78354)>: stderr >> Search algorithm: classic
<UciProtocol (pid=78354)>: stderr >> Loading weights file from: data/engines/maia/maia-1500.pb.gz
<UciProtocol (pid=78355)>: stderr >> [1m[31m       _
<UciProtocol (pid=78355)>: stderr >> |   _ | |
<UciProtocol (pid=78355)>: stderr >> |_ |_ |_|[0m v0.32.1+git.dirty built Nov 23 2025
<UciProtocol (pid=78355)>: stderr >> Search algorithm: classic
<UciProtocol (pid=78354)>: stderr >> Initialized metal backend on device Apple M3 Pro
<UciProtocol (pid=78355)>: stderr >> Loading weights file from: data/engines/maia/maia-1900.pb.gz
<UciProtocol (pid=78355)>: stderr >> Initialized metal backend on device Apple M3 Pro
<UciProtocol (pid=78357)>: stderr >> [1m[31m       _
<UciProtocol (pid=78357)>: stderr >> |   _ | |
<UciProtocol (pid=78357)>: stderr >> |_ |_ |_|[0m v0.32.1+git.dirty built Nov 23 2025
<UciProtocol (pid=78357)>: stderr >> Search algorithm: classic
<UciProtocol (pid=78357)>: stderr >> Loading weights file from: data/engines/maia/maia-1500.pb.gz
<UciProtocol (pid=78357)>: stderr >> Initialized metal backend on device Apple M3 Pro
<UciProtocol (pid=78358)>: stderr >> [1m[31m       _
<UciProtocol (pid=78358)>: stderr >> |   _ | |
<UciProtocol (pid=78358)>: stderr >> |_ |_ |_|[0m v0.32.1+git.dirty built Nov 23 2025
<UciProtocol (pid=78359)>: stderr >> [1m[31m       _
<UciProtocol (pid=78359)>: stderr >> |   _ | |
<UciProtocol (pid=78359)>: stderr >> |_ |_ |_|[0m v0.32.1+git.dirty built Nov 23 2025
<UciProtocol (pid=78359)>: stderr >> Search algorithm: classic
<UciProtocol (pid=78358)>: stderr >> Search algorithm: classic
<UciProtocol (pid=78358)>: stderr >> Loading weights file from: data/engines/maia/maia-1500.pb.gz
<UciProtocol (pid=78359)>: stderr >> Loading weights file from: data/engines/maia/maia-1900.pb.gz
<UciProtocol (pid=78358)>: stderr >> Initialized metal backend on device Apple M3 Pro
<UciProtocol (pid=78359)>: stderr >> Initialized metal backend on device Apple M3 Pro
<UciProtocol (pid=78360)>: stderr >> [1m[31m       _
<UciProtocol (pid=78360)>: stderr >> |   _ | |
<UciProtocol (pid=78360)>: stderr >> |_ |_ |_|[0m v0.32.1+git.dirty built Nov 23 2025
<UciProtocol (pid=78360)>: stderr >> Search algorithm: classic
<UciProtocol (pid=78360)>: stderr >> Loading weights file from: data/engines/maia/maia-1500.pb.gz
<UciProtocol (pid=78360)>: stderr >> Initialized metal backend on device Apple M3 Pro
<UciProtocol (pid=78361)>: stderr >> [1m[31m       _
<UciProtocol (pid=78361)>: stderr >> |   _ | |
<UciProtocol (pid=78361)>: stderr >> |_ |_ |_|[0m v0.32.1+git.dirty built Nov 23 2025
<UciProtocol (pid=78361)>: stderr >> Search algorithm: classic
<UciProtocol (pid=78361)>: stderr >> Loading weights file from: data/engines/maia/maia-1900.pb.gz
<UciProtocol (pid=78361)>: stderr >> Initialized metal backend on device Apple M3 Pro
<UciProtocol (pid=78362)>: stderr >> [1m[31m       _
<UciProtocol (pid=78362)>: stderr >> |   _ | |
<UciProtocol (pid=78362)>: stderr >> |_ |_ |_|[0m v0.32.1+git.dirty built Nov 23 2025
<UciProtocol (pid=78362)>: stderr >> Search algorithm: classic
<UciProtocol (pid=78362)>: stderr >> Loading weights file from: data/engines/maia/maia-1900.pb.gz
<UciProtocol (pid=78362)>: stderr >> Initialized metal backend on device Apple M3 Pro
<UciProtocol (pid=78363)>: stderr >> [1m[31m       _
<UciProtocol (pid=78363)>: stderr >> |   _ | |
<UciProtocol (pid=78363)>: stderr >> |_ |_ |_|[0m v0.32.1+git.dirty built Nov 23 2025
<UciProtocol (pid=78363)>: stderr >> Search algorithm: classic
<UciProtocol (pid=78363)>: stderr >> Loading weights file from: data/engines/maia/maia-1900.pb.gz
<UciProtocol (pid=78364)>: stderr >> [1m[31m       _
<UciProtocol (pid=78364)>: stderr >> |   _ | |
<UciProtocol (pid=78364)>: stderr >> |_ |_ |_|[0m v0.32.1+git.dirty built Nov 23 2025
<UciProtocol (pid=78364)>: stderr >> Search algorithm: classic
<UciProtocol (pid=78364)>: stderr >> Loading weights file from: data/engines/maia/maia-1900.pb.gz
<UciProtocol (pid=78363)>: stderr >> Initialized metal backend on device Apple M3 Pro
<UciProtocol (pid=78364)>: stderr >> Initialized metal backend on device Apple M3 Pro
<UciProtocol (pid=78365)>: stderr >> [1m[31m       _
<UciProtocol (pid=78365)>: stderr >> |   _ | |
<UciProtocol (pid=78365)>: stderr >> |_ |_ |_|[0m v0.32.1+git.dirty built Nov 23 2025
<UciProtocol (pid=78365)>: stderr >> Search algorithm: classic
<UciProtocol (pid=78365)>: stderr >> Loading weights file from: data/engines/maia/maia-1100.pb.gz
<UciProtocol (pid=78365)>: stderr >> Initialized metal backend on device Apple M3 Pro
<UciProtocol (pid=78366)>: stderr >> [1m[31m       _
<UciProtocol (pid=78366)>: stderr >> |   _ | |
<UciProtocol (pid=78366)>: stderr >> |_ |_ |_|[0m v0.32.1+git.dirty built Nov 23 2025
<UciProtocol (pid=78366)>: stderr >> Search algorithm: classic
<UciProtocol (pid=78366)>: stderr >> Loading weights file from: data/engines/maia/maia-1500.pb.gz
<UciProtocol (pid=78366)>: stderr >> Initialized metal backend on device Apple M3 Pro
<UciProtocol (pid=78372)>: stderr >> [1m[31m       _
<UciProtocol (pid=78372)>: stderr >> |   _ | |
<UciProtocol (pid=78372)>: stderr >> |_ |_ |_|[0m v0.32.1+git.dirty built Nov 23 2025
<UciProtocol (pid=78372)>: stderr >> Search algorithm: classic
<UciProtocol (pid=78372)>: stderr >> Loading weights file from: data/engines/maia/maia-1900.pb.gz
<UciProtocol (pid=78372)>: stderr >> Initialized metal backend on device Apple M3 Pro
[daemon] shards 225  anchors 25,200  rows 2,557,648  (27,599/hr)  [3287s]
<UciProtocol (pid=78933)>: stderr >> [1m[31m       _
<UciProtocol (pid=78933)>: stderr >> |   _ | |
<UciProtocol (pid=78933)>: stderr >> |_ |_ |_|[0m v0.32.1+git.dirty built Nov 23 2025
<UciProtocol (pid=78933)>: stderr >> Search algorithm: classic
<UciProtocol (pid=78933)>: stderr >> Loading weights file from: data/engines/maia/maia-1100.pb.gz
<UciProtocol (pid=78934)>: stderr >> [1m[31m       _
<UciProtocol (pid=78934)>: stderr >> |   _ | |
<UciProtocol (pid=78934)>: stderr >> |_ |_ |_|[0m v0.32.1+git.dirty built Nov 23 2025
<UciProtocol (pid=78933)>: stderr >> Initialized metal backend on device Apple M3 Pro
<UciProtocol (pid=78934)>: stderr >> Search algorithm: classic
<UciProtocol (pid=78934)>: stderr >> Loading weights file from: data/engines/maia/maia-1100.pb.gz
<UciProtocol (pid=78935)>: stderr >> [1m[31m       _
<UciProtocol (pid=78935)>: stderr >> |   _ | |
<UciProtocol (pid=78935)>: stderr >> |_ |_ |_|[0m v0.32.1+git.dirty built Nov 23 2025
<UciProtocol (pid=78935)>: stderr >> Search algorithm: classic
<UciProtocol (pid=78935)>: stderr >> Loading weights file from: data/engines/maia/maia-1100.pb.gz
<UciProtocol (pid=78934)>: stderr >> Initialized metal backend on device Apple M3 Pro
<UciProtocol (pid=78935)>: stderr >> Initialized metal backend on device Apple M3 Pro
<UciProtocol (pid=78938)>: stderr >> [1m[31m       _
<UciProtocol (pid=78938)>: stderr >> |   _ | |
<UciProtocol (pid=78938)>: stderr >> |_ |_ |_|[0m v0.32.1+git.dirty built Nov 23 2025
<UciProtocol (pid=78938)>: stderr >> Search algorithm: classic
<UciProtocol (pid=78938)>: stderr >> Loading weights file from: data/engines/maia/maia-1100.pb.gz
<UciProtocol (pid=78938)>: stderr >> Initialized metal backend on device Apple M3 Pro
<UciProtocol (pid=78940)>: stderr >> [1m[31m       _
<UciProtocol (pid=78940)>: stderr >> |   _ | |
<UciProtocol (pid=78940)>: stderr >> |_ |_ |_|[0m v0.32.1+git.dirty built Nov 23 2025
<UciProtocol (pid=78940)>: stderr >> Search algorithm: classic
<UciProtocol (pid=78940)>: stderr >> Loading weights file from: data/engines/maia/maia-1500.pb.gz
<UciProtocol (pid=78941)>: stderr >> [1m[31m       _
<UciProtocol (pid=78941)>: stderr >> |   _ | |
<UciProtocol (pid=78941)>: stderr >> |_ |_ |_|[0m v0.32.1+git.dirty built Nov 23 2025
<UciProtocol (pid=78941)>: stderr >> Search algorithm: classic
<UciProtocol (pid=78941)>: stderr >> Loading weights file from: data/engines/maia/maia-1500.pb.gz
<UciProtocol (pid=78940)>: stderr >> Initialized metal backend on device Apple M3 Pro
<UciProtocol (pid=78941)>: stderr >> Initialized metal backend on device Apple M3 Pro
<UciProtocol (pid=78942)>: stderr >> [1m[31m       _
<UciProtocol (pid=78942)>: stderr >> |   _ | |
<UciProtocol (pid=78942)>: stderr >> |_ |_ |_|[0m v0.32.1+git.dirty built Nov 23 2025
<UciProtocol (pid=78942)>: stderr >> Search algorithm: classic
<UciProtocol (pid=78942)>: stderr >> Loading weights file from: data/engines/maia/maia-1500.pb.gz
<UciProtocol (pid=78942)>: stderr >> Initialized metal backend on device Apple M3 Pro
<UciProtocol (pid=78948)>: stderr >> [1m[31m       _
<UciProtocol (pid=78948)>: stderr >> |   _ | |
<UciProtocol (pid=78948)>: stderr >> |_ |_ |_|[0m v0.32.1+git.dirty built Nov 23 2025
<UciProtocol (pid=78948)>: stderr >> Search algorithm: classic
<UciProtocol (pid=78948)>: stderr >> Loading weights file from: data/engines/maia/maia-1500.pb.gz
<UciProtocol (pid=78948)>: stderr >> Initialized metal backend on device Apple M3 Pro
<UciProtocol (pid=78949)>: stderr >> [1m[31m       _
<UciProtocol (pid=78949)>: stderr >> |   _ | |
<UciProtocol (pid=78949)>: stderr >> |_ |_ |_|[0m v0.32.1+git.dirty built Nov 23 2025
<UciProtocol (pid=78949)>: stderr >> Search algorithm: classic
<UciProtocol (pid=78949)>: stderr >> Loading weights file from: data/engines/maia/maia-1100.pb.gz
<UciProtocol (pid=78949)>: stderr >> Initialized metal backend on device Apple M3 Pro
<UciProtocol (pid=78950)>: stderr >> [1m[31m       _
<UciProtocol (pid=78950)>: stderr >> |   _ | |
<UciProtocol (pid=78950)>: stderr >> |_ |_ |_|[0m v0.32.1+git.dirty built Nov 23 2025
<UciProtocol (pid=78950)>: stderr >> Search algorithm: classic
<UciProtocol (pid=78950)>: stderr >> Loading weights file from: data/engines/maia/maia-1100.pb.gz
<UciProtocol (pid=78950)>: stderr >> Initialized metal backend on device Apple M3 Pro
<UciProtocol (pid=78951)>: stderr >> [1m[31m       _
<UciProtocol (pid=78951)>: stderr >> |   _ | |
<UciProtocol (pid=78951)>: stderr >> |_ |_ |_|[0m v0.32.1+git.dirty built Nov 23 2025
<UciProtocol (pid=78951)>: stderr >> Search algorithm: classic
<UciProtocol (pid=78951)>: stderr >> Loading weights file from: data/engines/maia/maia-1900.pb.gz
<UciProtocol (pid=78952)>: stderr >> [1m[31m       _
<UciProtocol (pid=78952)>: stderr >> |   _ | |
<UciProtocol (pid=78952)>: stderr >> |_ |_ |_|[0m v0.32.1+git.dirty built Nov 23 2025
<UciProtocol (pid=78952)>: stderr >> Search algorithm: classic
<UciProtocol (pid=78952)>: stderr >> Loading weights file from: data/engines/maia/maia-1900.pb.gz
<UciProtocol (pid=78951)>: stderr >> Initialized metal backend on device Apple M3 Pro
<UciProtocol (pid=78952)>: stderr >> Initialized metal backend on device Apple M3 Pro
<UciProtocol (pid=78953)>: stderr >> [1m[31m       _
<UciProtocol (pid=78953)>: stderr >> |   _ | |
<UciProtocol (pid=78953)>: stderr >> |_ |_ |_|[0m v0.32.1+git.dirty built Nov 23 2025
<UciProtocol (pid=78953)>: stderr >> Search algorithm: classic
<UciProtocol (pid=78953)>: stderr >> Loading weights file from: data/engines/maia/maia-1900.pb.gz
<UciProtocol (pid=78954)>: stderr >> [1m[31m       _
<UciProtocol (pid=78954)>: stderr >> |   _ | |
<UciProtocol (pid=78954)>: stderr >> |_ |_ |_|[0m v0.32.1+git.dirty built Nov 23 2025
<UciProtocol (pid=78954)>: stderr >> Search algorithm: classic
<UciProtocol (pid=78954)>: stderr >> Loading weights file from: data/engines/maia/maia-1900.pb.gz
<UciProtocol (pid=78953)>: stderr >> Initialized metal backend on device Apple M3 Pro
<UciProtocol (pid=78954)>: stderr >> Initialized metal backend on device Apple M3 Pro
<UciProtocol (pid=78956)>: stderr >> [1m[31m       _
<UciProtocol (pid=78956)>: stderr >> |   _ | |
<UciProtocol (pid=78956)>: stderr >> |_ |_ |_|[0m v0.32.1+git.dirty built Nov 23 2025
<UciProtocol (pid=78956)>: stderr >> Search algorithm: classic
<UciProtocol (pid=78956)>: stderr >> Loading weights file from: data/engines/maia/maia-1500.pb.gz
<UciProtocol (pid=78956)>: stderr >> Initialized metal backend on device Apple M3 Pro
<UciProtocol (pid=78960)>: stderr >> [1m[31m       _
<UciProtocol (pid=78960)>: stderr >> |   _ | |
<UciProtocol (pid=78960)>: stderr >> |_ |_ |_|[0m v0.32.1+git.dirty built Nov 23 2025
<UciProtocol (pid=78960)>: stderr >> Search algorithm: classic
<UciProtocol (pid=78960)>: stderr >> Loading weights file from: data/engines/maia/maia-1500.pb.gz
<UciProtocol (pid=78960)>: stderr >> Initialized metal backend on device Apple M3 Pro
<UciProtocol (pid=78965)>: stderr >> [1m[31m       _
<UciProtocol (pid=78965)>: stderr >> |   _ | |
<UciProtocol (pid=78965)>: stderr >> |_ |_ |_|[0m v0.32.1+git.dirty built Nov 23 2025
<UciProtocol (pid=78965)>: stderr >> Search algorithm: classic
<UciProtocol (pid=78965)>: stderr >> Loading weights file from: data/engines/maia/maia-1900.pb.gz
<UciProtocol (pid=78965)>: stderr >> Initialized metal backend on device Apple M3 Pro
<UciProtocol (pid=78966)>: stderr >> [1m[31m       _
<UciProtocol (pid=78966)>: stderr >> |   _ | |
<UciProtocol (pid=78966)>: stderr >> |_ |_ |_|[0m v0.32.1+git.dirty built Nov 23 2025
<UciProtocol (pid=78966)>: stderr >> Search algorithm: classic
<UciProtocol (pid=78966)>: stderr >> Loading weights file from: data/engines/maia/maia-1900.pb.gz
<UciProtocol (pid=78966)>: stderr >> Initialized metal backend on device Apple M3 Pro
<UciProtocol (pid=78969)>: stderr >> [1m[31m       _
<UciProtocol (pid=78969)>: stderr >> |   _ | |
<UciProtocol (pid=78969)>: stderr >> |_ |_ |_|[0m v0.32.1+git.dirty built Nov 23 2025
<UciProtocol (pid=78969)>: stderr >> Search algorithm: classic
<UciProtocol (pid=78969)>: stderr >> Loading weights file from: data/engines/maia/maia-1100.pb.gz
<UciProtocol (pid=78969)>: stderr >> Initialized metal backend on device Apple M3 Pro
<UciProtocol (pid=78970)>: stderr >> [1m[31m       _
<UciProtocol (pid=78970)>: stderr >> |   _ | |
<UciProtocol (pid=78970)>: stderr >> |_ |_ |_|[0m v0.32.1+git.dirty built Nov 23 2025
<UciProtocol (pid=78970)>: stderr >> Search algorithm: classic
<UciProtocol (pid=78970)>: stderr >> Loading weights file from: data/engines/maia/maia-1500.pb.gz
<UciProtocol (pid=78970)>: stderr >> Initialized metal backend on device Apple M3 Pro
<UciProtocol (pid=78977)>: stderr >> [1m[31m       _
<UciProtocol (pid=78977)>: stderr >> |   _ | |
<UciProtocol (pid=78977)>: stderr >> |_ |_ |_|[0m v0.32.1+git.dirty built Nov 23 2025
<UciProtocol (pid=78977)>: stderr >> Search algorithm: classic
<UciProtocol (pid=78977)>: stderr >> Loading weights file from: data/engines/maia/maia-1900.pb.gz
<UciProtocol (pid=78977)>: stderr >> Initialized metal backend on device Apple M3 Pro
[daemon] shards 232  anchors 26,600  rows 2,700,310  (27,527/hr)  [3479s]
<UciProtocol (pid=79562)>: stderr >> [1m[31m       _
<UciProtocol (pid=79562)>: stderr >> |   _ | |
<UciProtocol (pid=79562)>: stderr >> |_ |_ |_|[0m v0.32.1+git.dirty built Nov 23 2025
<UciProtocol (pid=79562)>: stderr >> Search algorithm: classic
<UciProtocol (pid=79562)>: stderr >> Loading weights file from: data/engines/maia/maia-1100.pb.gz
<UciProtocol (pid=79562)>: stderr >> Initialized metal backend on device Apple M3 Pro
<UciProtocol (pid=79565)>: stderr >> [1m[31m       _
<UciProtocol (pid=79565)>: stderr >> |   _ | |
<UciProtocol (pid=79565)>: stderr >> |_ |_ |_|[0m v0.32.1+git.dirty built Nov 23 2025
<UciProtocol (pid=79565)>: stderr >> Search algorithm: classic
<UciProtocol (pid=79565)>: stderr >> Loading weights file from: data/engines/maia/maia-1100.pb.gz
<UciProtocol (pid=79566)>: stderr >> [1m[31m       _
<UciProtocol (pid=79566)>: stderr >> |   _ | |
<UciProtocol (pid=79566)>: stderr >> |_ |_ |_|[0m v0.32.1+git.dirty built Nov 23 2025
<UciProtocol (pid=79566)>: stderr >> Search algorithm: classic
<UciProtocol (pid=79566)>: stderr >> Loading weights file from: data/engines/maia/maia-1100.pb.gz
<UciProtocol (pid=79565)>: stderr >> Initialized metal backend on device Apple M3 Pro
<UciProtocol (pid=79568)>: stderr >> [1m[31m       _
<UciProtocol (pid=79568)>: stderr >> |   _ | |
<UciProtocol (pid=79568)>: stderr >> |_ |_ |_|[0m v0.32.1+git.dirty built Nov 23 2025
<UciProtocol (pid=79568)>: stderr >> Search algorithm: classic
<UciProtocol (pid=79566)>: stderr >> Initialized metal backend on device Apple M3 Pro
<UciProtocol (pid=79568)>: stderr >> Loading weights file from: data/engines/maia/maia-1100.pb.gz
<UciProtocol (pid=79568)>: stderr >> Initialized metal backend on device Apple M3 Pro
<UciProtocol (pid=79575)>: stderr >> [1m[31m       _
<UciProtocol (pid=79575)>: stderr >> |   _ | |
<UciProtocol (pid=79575)>: stderr >> |_ |_ |_|[0m v0.32.1+git.dirty built Nov 23 2025
<UciProtocol (pid=79575)>: stderr >> Search algorithm: classic
<UciProtocol (pid=79575)>: stderr >> Loading weights file from: data/engines/maia/maia-1500.pb.gz
<UciProtocol (pid=79575)>: stderr >> Initialized metal backend on device Apple M3 Pro
<UciProtocol (pid=79576)>: stderr >> [1m[31m       _
<UciProtocol (pid=79576)>: stderr >> |   _ | |
<UciProtocol (pid=79576)>: stderr >> |_ |_ |_|[0m v0.32.1+git.dirty built Nov 23 2025
<UciProtocol (pid=79576)>: stderr >> Search algorithm: classic
<UciProtocol (pid=79576)>: stderr >> Loading weights file from: data/engines/maia/maia-1500.pb.gz
<UciProtocol (pid=79576)>: stderr >> Initialized metal backend on device Apple M3 Pro
<UciProtocol (pid=79578)>: stderr >> [1m[31m       _
<UciProtocol (pid=79578)>: stderr >> |   _ | |
<UciProtocol (pid=79578)>: stderr >> |_ |_ |_|[0m v0.32.1+git.dirty built Nov 23 2025
<UciProtocol (pid=79578)>: stderr >> Search algorithm: classic
<UciProtocol (pid=79578)>: stderr >> Loading weights file from: data/engines/maia/maia-1500.pb.gz
<UciProtocol (pid=79578)>: stderr >> Initialized metal backend on device Apple M3 Pro
<UciProtocol (pid=79579)>: stderr >> [1m[31m       _
<UciProtocol (pid=79579)>: stderr >> |   _ | |
<UciProtocol (pid=79579)>: stderr >> |_ |_ |_|[0m v0.32.1+git.dirty built Nov 23 2025
<UciProtocol (pid=79579)>: stderr >> Search algorithm: classic
<UciProtocol (pid=79579)>: stderr >> Loading weights file from: data/engines/maia/maia-1500.pb.gz
<UciProtocol (pid=79579)>: stderr >> Initialized metal backend on device Apple M3 Pro
<UciProtocol (pid=79580)>: stderr >> [1m[31m       _
<UciProtocol (pid=79580)>: stderr >> |   _ | |
<UciProtocol (pid=79580)>: stderr >> |_ |_ |_|[0m v0.32.1+git.dirty built Nov 23 2025
<UciProtocol (pid=79580)>: stderr >> Search algorithm: classic
<UciProtocol (pid=79580)>: stderr >> Loading weights file from: data/engines/maia/maia-1900.pb.gz
<UciProtocol (pid=79581)>: stderr >> [1m[31m       _
<UciProtocol (pid=79581)>: stderr >> |   _ | |
<UciProtocol (pid=79581)>: stderr >> |_ |_ |_|[0m v0.32.1+git.dirty built Nov 23 2025
<UciProtocol (pid=79581)>: stderr >> Search algorithm: classic
<UciProtocol (pid=79580)>: stderr >> Initialized metal backend on device Apple M3 Pro
<UciProtocol (pid=79581)>: stderr >> Loading weights file from: data/engines/maia/maia-1100.pb.gz
<UciProtocol (pid=79582)>: stderr >> [1m[31m       _
<UciProtocol (pid=79582)>: stderr >> |   _ | |
<UciProtocol (pid=79582)>: stderr >> |_ |_ |_|[0m v0.32.1+git.dirty built Nov 23 2025
<UciProtocol (pid=79582)>: stderr >> Search algorithm: classic
<UciProtocol (pid=79582)>: stderr >> Loading weights file from: data/engines/maia/maia-1900.pb.gz
<UciProtocol (pid=79581)>: stderr >> Initialized metal backend on device Apple M3 Pro
<UciProtocol (pid=79582)>: stderr >> Initialized metal backend on device Apple M3 Pro
<UciProtocol (pid=79583)>: stderr >> [1m[31m       _
<UciProtocol (pid=79583)>: stderr >> |   _ | |
<UciProtocol (pid=79583)>: stderr >> |_ |_ |_|[0m v0.32.1+git.dirty built Nov 23 2025
<UciProtocol (pid=79583)>: stderr >> Search algorithm: classic
<UciProtocol (pid=79583)>: stderr >> Loading weights file from: data/engines/maia/maia-1900.pb.gz
<UciProtocol (pid=79583)>: stderr >> Initialized metal backend on device Apple M3 Pro
<UciProtocol (pid=79584)>: stderr >> [1m[31m       _
<UciProtocol (pid=79584)>: stderr >> |   _ | |
<UciProtocol (pid=79584)>: stderr >> |_ |_ |_|[0m v0.32.1+git.dirty built Nov 23 2025
<UciProtocol (pid=79584)>: stderr >> Search algorithm: classic
<UciProtocol (pid=79584)>: stderr >> Loading weights file from: data/engines/maia/maia-1900.pb.gz
<UciProtocol (pid=79584)>: stderr >> Initialized metal backend on device Apple M3 Pro
<UciProtocol (pid=79585)>: stderr >> [1m[31m       _
<UciProtocol (pid=79585)>: stderr >> |   _ | |
<UciProtocol (pid=79585)>: stderr >> |_ |_ |_|[0m v0.32.1+git.dirty built Nov 23 2025
<UciProtocol (pid=79585)>: stderr >> Search algorithm: classic
<UciProtocol (pid=79585)>: stderr >> Loading weights file from: data/engines/maia/maia-1500.pb.gz
<UciProtocol (pid=79586)>: stderr >> [1m[31m       _
<UciProtocol (pid=79586)>: stderr >> |   _ | |
<UciProtocol (pid=79586)>: stderr >> |_ |_ |_|[0m v0.32.1+git.dirty built Nov 23 2025
<UciProtocol (pid=79586)>: stderr >> Search algorithm: classic
<UciProtocol (pid=79586)>: stderr >> Loading weights file from: data/engines/maia/maia-1100.pb.gz
<UciProtocol (pid=79585)>: stderr >> Initialized metal backend on device Apple M3 Pro
<UciProtocol (pid=79586)>: stderr >> Initialized metal backend on device Apple M3 Pro
<UciProtocol (pid=79587)>: stderr >> [1m[31m       _
<UciProtocol (pid=79587)>: stderr >> |   _ | |
<UciProtocol (pid=79587)>: stderr >> |_ |_ |_|[0m v0.32.1+git.dirty built Nov 23 2025
<UciProtocol (pid=79587)>: stderr >> Search algorithm: classic
<UciProtocol (pid=79587)>: stderr >> Loading weights file from: data/engines/maia/maia-1100.pb.gz
<UciProtocol (pid=79587)>: stderr >> Initialized metal backend on device Apple M3 Pro
<UciProtocol (pid=79588)>: stderr >> [1m[31m       _
<UciProtocol (pid=79588)>: stderr >> |   _ | |
<UciProtocol (pid=79588)>: stderr >> |_ |_ |_|[0m v0.32.1+git.dirty built Nov 23 2025
<UciProtocol (pid=79588)>: stderr >> Search algorithm: classic
<UciProtocol (pid=79588)>: stderr >> Loading weights file from: data/engines/maia/maia-1500.pb.gz
<UciProtocol (pid=79589)>: stderr >> [1m[31m       _
<UciProtocol (pid=79589)>: stderr >> |   _ | |
<UciProtocol (pid=79589)>: stderr >> |_ |_ |_|[0m v0.32.1+git.dirty built Nov 23 2025
<UciProtocol (pid=79588)>: stderr >> Initialized metal backend on device Apple M3 Pro
<UciProtocol (pid=79589)>: stderr >> Search algorithm: classic
<UciProtocol (pid=79589)>: stderr >> Loading weights file from: data/engines/maia/maia-1900.pb.gz
<UciProtocol (pid=79590)>: stderr >> [1m[31m       _
<UciProtocol (pid=79590)>: stderr >> |   _ | |
<UciProtocol (pid=79590)>: stderr >> |_ |_ |_|[0m v0.32.1+git.dirty built Nov 23 2025
<UciProtocol (pid=79590)>: stderr >> Search algorithm: classic
<UciProtocol (pid=79590)>: stderr >> Loading weights file from: data/engines/maia/maia-1500.pb.gz
<UciProtocol (pid=79589)>: stderr >> Initialized metal backend on device Apple M3 Pro
<UciProtocol (pid=79590)>: stderr >> Initialized metal backend on device Apple M3 Pro
<UciProtocol (pid=79591)>: stderr >> [1m[31m       _
<UciProtocol (pid=79591)>: stderr >> |   _ | |
<UciProtocol (pid=79591)>: stderr >> |_ |_ |_|[0m v0.32.1+git.dirty built Nov 23 2025
<UciProtocol (pid=79591)>: stderr >> Search algorithm: classic
<UciProtocol (pid=79591)>: stderr >> Loading weights file from: data/engines/maia/maia-1900.pb.gz
<UciProtocol (pid=79591)>: stderr >> Initialized metal backend on device Apple M3 Pro
<UciProtocol (pid=79592)>: stderr >> [1m[31m       _
<UciProtocol (pid=79592)>: stderr >> |   _ | |
<UciProtocol (pid=79592)>: stderr >> |_ |_ |_|[0m v0.32.1+git.dirty built Nov 23 2025
<UciProtocol (pid=79592)>: stderr >> Search algorithm: classic
<UciProtocol (pid=79592)>: stderr >> Loading weights file from: data/engines/maia/maia-1900.pb.gz
<UciProtocol (pid=79592)>: stderr >> Initialized metal backend on device Apple M3 Pro
[daemon] shards 239  anchors 28,000  rows 2,842,974  (27,443/hr)  [3673s]
<UciProtocol (pid=80196)>: stderr >> [1m[31m       _
<UciProtocol (pid=80196)>: stderr >> |   _ | |
<UciProtocol (pid=80196)>: stderr >> |_ |_ |_|[0m v0.32.1+git.dirty built Nov 23 2025
<UciProtocol (pid=80196)>: stderr >> Search algorithm: classic
<UciProtocol (pid=80196)>: stderr >> Loading weights file from: data/engines/maia/maia-1100.pb.gz
<UciProtocol (pid=80196)>: stderr >> Initialized metal backend on device Apple M3 Pro
<UciProtocol (pid=80199)>: stderr >> [1m[31m       _
<UciProtocol (pid=80199)>: stderr >> |   _ | |
<UciProtocol (pid=80199)>: stderr >> |_ |_ |_|[0m v0.32.1+git.dirty built Nov 23 2025
<UciProtocol (pid=80199)>: stderr >> Search algorithm: classic
<UciProtocol (pid=80199)>: stderr >> Loading weights file from: data/engines/maia/maia-1100.pb.gz
<UciProtocol (pid=80200)>: stderr >> [1m[31m       _
<UciProtocol (pid=80200)>: stderr >> |   _ | |
<UciProtocol (pid=80200)>: stderr >> |_ |_ |_|[0m v0.32.1+git.dirty built Nov 23 2025
<UciProtocol (pid=80200)>: stderr >> Search algorithm: classic
<UciProtocol (pid=80200)>: stderr >> Loading weights file from: data/engines/maia/maia-1100.pb.gz
<UciProtocol (pid=80199)>: stderr >> Initialized metal backend on device Apple M3 Pro
<UciProtocol (pid=80200)>: stderr >> Initialized metal backend on device Apple M3 Pro
<UciProtocol (pid=80202)>: stderr >> [1m[31m       _
<UciProtocol (pid=80202)>: stderr >> |   _ | |
<UciProtocol (pid=80202)>: stderr >> |_ |_ |_|[0m v0.32.1+git.dirty built Nov 23 2025
<UciProtocol (pid=80202)>: stderr >> Search algorithm: classic
<UciProtocol (pid=80202)>: stderr >> Loading weights file from: data/engines/maia/maia-1100.pb.gz
<UciProtocol (pid=80202)>: stderr >> Initialized metal backend on device Apple M3 Pro
<UciProtocol (pid=80208)>: stderr >> [1m[31m       _
<UciProtocol (pid=80208)>: stderr >> |   _ | |
<UciProtocol (pid=80208)>: stderr >> |_ |_ |_|[0m v0.32.1+git.dirty built Nov 23 2025
<UciProtocol (pid=80208)>: stderr >> Search algorithm: classic
<UciProtocol (pid=80208)>: stderr >> Loading weights file from: data/engines/maia/maia-1500.pb.gz
<UciProtocol (pid=80208)>: stderr >> Initialized metal backend on device Apple M3 Pro
<UciProtocol (pid=80209)>: stderr >> [1m[31m       _
<UciProtocol (pid=80209)>: stderr >> |   _ | |
<UciProtocol (pid=80209)>: stderr >> |_ |_ |_|[0m v0.32.1+git.dirty built Nov 23 2025
<UciProtocol (pid=80209)>: stderr >> Search algorithm: classic
<UciProtocol (pid=80209)>: stderr >> Loading weights file from: data/engines/maia/maia-1500.pb.gz
<UciProtocol (pid=80210)>: stderr >> [1m[31m       _
<UciProtocol (pid=80210)>: stderr >> |   _ | |
<UciProtocol (pid=80210)>: stderr >> |_ |_ |_|[0m v0.32.1+git.dirty built Nov 23 2025
<UciProtocol (pid=80211)>: stderr >> [1m[31m       _
<UciProtocol (pid=80211)>: stderr >> |   _ | |
<UciProtocol (pid=80211)>: stderr >> |_ |_ |_|[0m v0.32.1+git.dirty built Nov 23 2025
<UciProtocol (pid=80210)>: stderr >> Search algorithm: classic
<UciProtocol (pid=80211)>: stderr >> Search algorithm: classic
<UciProtocol (pid=80210)>: stderr >> Loading weights file from: data/engines/maia/maia-1500.pb.gz
<UciProtocol (pid=80211)>: stderr >> Loading weights file from: data/engines/maia/maia-1500.pb.gz
<UciProtocol (pid=80209)>: stderr >> Initialized metal backend on device Apple M3 Pro
<UciProtocol (pid=80210)>: stderr >> Initialized metal backend on device Apple M3 Pro
<UciProtocol (pid=80211)>: stderr >> Initialized metal backend on device Apple M3 Pro
<UciProtocol (pid=80214)>: stderr >> [1m[31m       _
<UciProtocol (pid=80214)>: stderr >> |   _ | |
<UciProtocol (pid=80214)>: stderr >> |_ |_ |_|[0m v0.32.1+git.dirty built Nov 23 2025
<UciProtocol (pid=80214)>: stderr >> Search algorithm: classic
<UciProtocol (pid=80213)>: stderr >> [1m[31m       _
<UciProtocol (pid=80213)>: stderr >> |   _ | |
<UciProtocol (pid=80213)>: stderr >> |_ |_ |_|[0m v0.32.1+git.dirty built Nov 23 2025
<UciProtocol (pid=80213)>: stderr >> Search algorithm: classic
<UciProtocol (pid=80214)>: stderr >> Loading weights file from: data/engines/maia/maia-1100.pb.gz
<UciProtocol (pid=80213)>: stderr >> Loading weights file from: data/engines/maia/maia-1900.pb.gz
<UciProtocol (pid=80215)>: stderr >> [1m[31m       _
<UciProtocol (pid=80215)>: stderr >> |   _ | |
<UciProtocol (pid=80215)>: stderr >> |_ |_ |_|[0m v0.32.1+git.dirty built Nov 23 2025
<UciProtocol (pid=80215)>: stderr >> Search algorithm: classic
<UciProtocol (pid=80215)>: stderr >> Loading weights file from: data/engines/maia/maia-1100.pb.gz
<UciProtocol (pid=80214)>: stderr >> Initialized metal backend on device Apple M3 Pro
<UciProtocol (pid=80213)>: stderr >> Initialized metal backend on device Apple M3 Pro
<UciProtocol (pid=80215)>: stderr >> Initialized metal backend on device Apple M3 Pro
<UciProtocol (pid=80216)>: stderr >> [1m[31m       _
<UciProtocol (pid=80216)>: stderr >> |   _ | |
<UciProtocol (pid=80216)>: stderr >> |_ |_ |_|[0m v0.32.1+git.dirty built Nov 23 2025
<UciProtocol (pid=80216)>: stderr >> Search algorithm: classic
<UciProtocol (pid=80216)>: stderr >> Loading weights file from: data/engines/maia/maia-1900.pb.gz
<UciProtocol (pid=80217)>: stderr >> [1m[31m       _
<UciProtocol (pid=80217)>: stderr >> |   _ | |
<UciProtocol (pid=80217)>: stderr >> |_ |_ |_|[0m v0.32.1+git.dirty built Nov 23 2025
<UciProtocol (pid=80217)>: stderr >> Search algorithm: classic
<UciProtocol (pid=80217)>: stderr >> Loading weights file from: data/engines/maia/maia-1500.pb.gz
<UciProtocol (pid=80218)>: stderr >> [1m[31m       _
<UciProtocol (pid=80218)>: stderr >> |   _ | |
<UciProtocol (pid=80218)>: stderr >> |_ |_ |_|[0m v0.32.1+git.dirty built Nov 23 2025
<UciProtocol (pid=80219)>: stderr >> [1m[31m       _
<UciProtocol (pid=80219)>: stderr >> |   _ | |
<UciProtocol (pid=80219)>: stderr >> |_ |_ |_|[0m v0.32.1+git.dirty built Nov 23 2025
<UciProtocol (pid=80219)>: stderr >> Search algorithm: classic
<UciProtocol (pid=80218)>: stderr >> Search algorithm: classic
<UciProtocol (pid=80216)>: stderr >> Initialized metal backend on device Apple M3 Pro
<UciProtocol (pid=80218)>: stderr >> Loading weights file from: data/engines/maia/maia-1900.pb.gz
<UciProtocol (pid=80219)>: stderr >> Loading weights file from: data/engines/maia/maia-1900.pb.gz
<UciProtocol (pid=80217)>: stderr >> Initialized metal backend on device Apple M3 Pro
<UciProtocol (pid=80219)>: stderr >> Initialized metal backend on device Apple M3 Pro
<UciProtocol (pid=80218)>: stderr >> Initialized metal backend on device Apple M3 Pro
<UciProtocol (pid=80220)>: stderr >> [1m[31m       _
<UciProtocol (pid=80220)>: stderr >> |   _ | |
<UciProtocol (pid=80220)>: stderr >> |_ |_ |_|[0m v0.32.1+git.dirty built Nov 23 2025
<UciProtocol (pid=80220)>: stderr >> Search algorithm: classic
<UciProtocol (pid=80220)>: stderr >> Loading weights file from: data/engines/maia/maia-1100.pb.gz
<UciProtocol (pid=80221)>: stderr >> [1m[31m       _
<UciProtocol (pid=80221)>: stderr >> |   _ | |
<UciProtocol (pid=80221)>: stderr >> |_ |_ |_|[0m v0.32.1+git.dirty built Nov 23 2025
<UciProtocol (pid=80221)>: stderr >> Search algorithm: classic
<UciProtocol (pid=80221)>: stderr >> Loading weights file from: data/engines/maia/maia-1500.pb.gz
<UciProtocol (pid=80220)>: stderr >> Initialized metal backend on device Apple M3 Pro
<UciProtocol (pid=80221)>: stderr >> Initialized metal backend on device Apple M3 Pro
<UciProtocol (pid=80222)>: stderr >> [1m[31m       _
<UciProtocol (pid=80222)>: stderr >> |   _ | |
<UciProtocol (pid=80222)>: stderr >> |_ |_ |_|[0m v0.32.1+git.dirty built Nov 23 2025
<UciProtocol (pid=80222)>: stderr >> Search algorithm: classic
<UciProtocol (pid=80222)>: stderr >> Loading weights file from: data/engines/maia/maia-1900.pb.gz
<UciProtocol (pid=80222)>: stderr >> Initialized metal backend on device Apple M3 Pro
<UciProtocol (pid=80223)>: stderr >> [1m[31m       _
<UciProtocol (pid=80223)>: stderr >> |   _ | |
<UciProtocol (pid=80223)>: stderr >> |_ |_ |_|[0m v0.32.1+git.dirty built Nov 23 2025
<UciProtocol (pid=80223)>: stderr >> Search algorithm: classic
<UciProtocol (pid=80223)>: stderr >> Loading weights file from: data/engines/maia/maia-1500.pb.gz
<UciProtocol (pid=80224)>: stderr >> [1m[31m       _
<UciProtocol (pid=80224)>: stderr >> |   _ | |
<UciProtocol (pid=80224)>: stderr >> |_ |_ |_|[0m v0.32.1+git.dirty built Nov 23 2025
<UciProtocol (pid=80224)>: stderr >> Search algorithm: classic
<UciProtocol (pid=80224)>: stderr >> Loading weights file from: data/engines/maia/maia-1900.pb.gz
<UciProtocol (pid=80223)>: stderr >> Initialized metal backend on device Apple M3 Pro
<UciProtocol (pid=80224)>: stderr >> Initialized metal backend on device Apple M3 Pro
<UciProtocol (pid=80226)>: stderr >> [1m[31m       _
<UciProtocol (pid=80226)>: stderr >> |   _ | |
<UciProtocol (pid=80226)>: stderr >> |_ |_ |_|[0m v0.32.1+git.dirty built Nov 23 2025
<UciProtocol (pid=80226)>: stderr >> Search algorithm: classic
<UciProtocol (pid=80226)>: stderr >> Loading weights file from: data/engines/maia/maia-1900.pb.gz
<UciProtocol (pid=80226)>: stderr >> Initialized metal backend on device Apple M3 Pro
[daemon] shards 246  anchors 29,400  rows 2,984,027  (27,476/hr)  [3852s]
<UciProtocol (pid=80733)>: stderr >> [1m[31m       _
<UciProtocol (pid=80733)>: stderr >> |   _ | |
<UciProtocol (pid=80733)>: stderr >> |_ |_ |_|[0m v0.32.1+git.dirty built Nov 23 2025
<UciProtocol (pid=80733)>: stderr >> Search algorithm: classic
<UciProtocol (pid=80733)>: stderr >> Loading weights file from: data/engines/maia/maia-1100.pb.gz
<UciProtocol (pid=80733)>: stderr >> Initialized metal backend on device Apple M3 Pro
<UciProtocol (pid=80741)>: stderr >> [1m[31m       _
<UciProtocol (pid=80741)>: stderr >> |   _ | |
<UciProtocol (pid=80741)>: stderr >> |_ |_ |_|[0m v0.32.1+git.dirty built Nov 23 2025
<UciProtocol (pid=80741)>: stderr >> Search algorithm: classic
<UciProtocol (pid=80741)>: stderr >> Loading weights file from: data/engines/maia/maia-1500.pb.gz
<UciProtocol (pid=80742)>: stderr >> [1m[31m       _
<UciProtocol (pid=80742)>: stderr >> |   _ | |
<UciProtocol (pid=80742)>: stderr >> |_ |_ |_|[0m v0.32.1+git.dirty built Nov 23 2025
<UciProtocol (pid=80742)>: stderr >> Search algorithm: classic
<UciProtocol (pid=80742)>: stderr >> Loading weights file from: data/engines/maia/maia-1100.pb.gz
<UciProtocol (pid=80743)>: stderr >> [1m[31m       _
<UciProtocol (pid=80743)>: stderr >> |   _ | |
<UciProtocol (pid=80743)>: stderr >> |_ |_ |_|[0m v0.32.1+git.dirty built Nov 23 2025
<UciProtocol (pid=80743)>: stderr >> Search algorithm: classic
<UciProtocol (pid=80743)>: stderr >> Loading weights file from: data/engines/maia/maia-1100.pb.gz
<UciProtocol (pid=80741)>: stderr >> Initialized metal backend on device Apple M3 Pro
<UciProtocol (pid=80742)>: stderr >> Initialized metal backend on device Apple M3 Pro
<UciProtocol (pid=80743)>: stderr >> Initialized metal backend on device Apple M3 Pro
<UciProtocol (pid=80745)>: stderr >> [1m[31m       _
<UciProtocol (pid=80745)>: stderr >> |   _ | |
<UciProtocol (pid=80745)>: stderr >> |_ |_ |_|[0m v0.32.1+git.dirty built Nov 23 2025
<UciProtocol (pid=80745)>: stderr >> Search algorithm: classic
<UciProtocol (pid=80745)>: stderr >> Loading weights file from: data/engines/maia/maia-1100.pb.gz
<UciProtocol (pid=80745)>: stderr >> Initialized metal backend on device Apple M3 Pro
<UciProtocol (pid=80747)>: stderr >> [1m[31m       _
<UciProtocol (pid=80747)>: stderr >> |   _ | |
<UciProtocol (pid=80747)>: stderr >> |_ |_ |_|[0m v0.32.1+git.dirty built Nov 23 2025
<UciProtocol (pid=80746)>: stderr >> [1m[31m       _
<UciProtocol (pid=80746)>: stderr >> |   _ | |
<UciProtocol (pid=80746)>: stderr >> |_ |_ |_|[0m v0.32.1+git.dirty built Nov 23 2025
<UciProtocol (pid=80746)>: stderr >> Search algorithm: classic
<UciProtocol (pid=80747)>: stderr >> Search algorithm: classic
<UciProtocol (pid=80747)>: stderr >> Loading weights file from: data/engines/maia/maia-1900.pb.gz
<UciProtocol (pid=80746)>: stderr >> Loading weights file from: data/engines/maia/maia-1100.pb.gz
<UciProtocol (pid=80748)>: stderr >> [1m[31m       _
<UciProtocol (pid=80748)>: stderr >> |   _ | |
<UciProtocol (pid=80748)>: stderr >> |_ |_ |_|[0m v0.32.1+git.dirty built Nov 23 2025
<UciProtocol (pid=80748)>: stderr >> Search algorithm: classic
<UciProtocol (pid=80748)>: stderr >> Loading weights file from: data/engines/maia/maia-1500.pb.gz
<UciProtocol (pid=80750)>: stderr >> [1m[31m       _
<UciProtocol (pid=80750)>: stderr >> |   _ | |
<UciProtocol (pid=80750)>: stderr >> |_ |_ |_|[0m v0.32.1+git.dirty built Nov 23 2025
<UciProtocol (pid=80750)>: stderr >> Search algorithm: classic
<UciProtocol (pid=80749)>: stderr >> [1m[31m       _
<UciProtocol (pid=80749)>: stderr >> |   _ | |
<UciProtocol (pid=80749)>: stderr >> |_ |_ |_|[0m v0.32.1+git.dirty built Nov 23 2025
<UciProtocol (pid=80749)>: stderr >> Search algorithm: classic
<UciProtocol (pid=80750)>: stderr >> Loading weights file from: data/engines/maia/maia-1500.pb.gz
<UciProtocol (pid=80749)>: stderr >> Loading weights file from: data/engines/maia/maia-1100.pb.gz
<UciProtocol (pid=80746)>: stderr >> Initialized metal backend on device Apple M3 Pro
<UciProtocol (pid=80747)>: stderr >> Initialized metal backend on device Apple M3 Pro
<UciProtocol (pid=80750)>: stderr >> Initialized metal backend on device Apple M3 Pro
<UciProtocol (pid=80748)>: stderr >> Initialized metal backend on device Apple M3 Pro
<UciProtocol (pid=80749)>: stderr >> Initialized metal backend on device Apple M3 Pro
<UciProtocol (pid=80756)>: stderr >> [1m[31m       _
<UciProtocol (pid=80756)>: stderr >> |   _ | |
<UciProtocol (pid=80756)>: stderr >> |_ |_ |_|[0m v0.32.1+git.dirty built Nov 23 2025
<UciProtocol (pid=80757)>: stderr >> [1m[31m       _
<UciProtocol (pid=80757)>: stderr >> |   _ | |
<UciProtocol (pid=80757)>: stderr >> |_ |_ |_|[0m v0.32.1+git.dirty built Nov 23 2025
<UciProtocol (pid=80757)>: stderr >> Search algorithm: classic
<UciProtocol (pid=80756)>: stderr >> Search algorithm: classic
<UciProtocol (pid=80757)>: stderr >> Loading weights file from: data/engines/maia/maia-1500.pb.gz
<UciProtocol (pid=80756)>: stderr >> Loading weights file from: data/engines/maia/maia-1500.pb.gz
<UciProtocol (pid=80756)>: stderr >> Initialized metal backend on device Apple M3 Pro
<UciProtocol (pid=80757)>: stderr >> Initialized metal backend on device Apple M3 Pro
<UciProtocol (pid=80758)>: stderr >> [1m[31m       _
<UciProtocol (pid=80758)>: stderr >> |   _ | |
<UciProtocol (pid=80758)>: stderr >> |_ |_ |_|[0m v0.32.1+git.dirty built Nov 23 2025
<UciProtocol (pid=80758)>: stderr >> Search algorithm: classic
<UciProtocol (pid=80759)>: stderr >> [1m[31m       _
<UciProtocol (pid=80759)>: stderr >> |   _ | |
<UciProtocol (pid=80759)>: stderr >> |_ |_ |_|[0m v0.32.1+git.dirty built Nov 23 2025
<UciProtocol (pid=80758)>: stderr >> Loading weights file from: data/engines/maia/maia-1100.pb.gz
<UciProtocol (pid=80759)>: stderr >> Search algorithm: classic
<UciProtocol (pid=80759)>: stderr >> Loading weights file from: data/engines/maia/maia-1900.pb.gz
<UciProtocol (pid=80760)>: stderr >> [1m[31m       _
<UciProtocol (pid=80760)>: stderr >> |   _ | |
<UciProtocol (pid=80760)>: stderr >> |_ |_ |_|[0m v0.32.1+git.dirty built Nov 23 2025
<UciProtocol (pid=80761)>: stderr >> [1m[31m       _
<UciProtocol (pid=80761)>: stderr >> |   _ | |
<UciProtocol (pid=80761)>: stderr >> |_ |_ |_|[0m v0.32.1+git.dirty built Nov 23 2025
<UciProtocol (pid=80760)>: stderr >> Search algorithm: classic
<UciProtocol (pid=80761)>: stderr >> Search algorithm: classic
<UciProtocol (pid=80760)>: stderr >> Loading weights file from: data/engines/maia/maia-1900.pb.gz
<UciProtocol (pid=80761)>: stderr >> Loading weights file from: data/engines/maia/maia-1500.pb.gz
<UciProtocol (pid=80759)>: stderr >> Initialized metal backend on device Apple M3 Pro
<UciProtocol (pid=80758)>: stderr >> Initialized metal backend on device Apple M3 Pro
<UciProtocol (pid=80761)>: stderr >> Initialized metal backend on device Apple M3 Pro
<UciProtocol (pid=80760)>: stderr >> Initialized metal backend on device Apple M3 Pro
<UciProtocol (pid=80762)>: stderr >> [1m[31m       _
<UciProtocol (pid=80762)>: stderr >> |   _ | |
<UciProtocol (pid=80762)>: stderr >> |_ |_ |_|[0m v0.32.1+git.dirty built Nov 23 2025
<UciProtocol (pid=80762)>: stderr >> Search algorithm: classic
<UciProtocol (pid=80762)>: stderr >> Loading weights file from: data/engines/maia/maia-1900.pb.gz
<UciProtocol (pid=80763)>: stderr >> [1m[31m       _
<UciProtocol (pid=80763)>: stderr >> |   _ | |
<UciProtocol (pid=80763)>: stderr >> |_ |_ |_|[0m v0.32.1+git.dirty built Nov 23 2025
<UciProtocol (pid=80762)>: stderr >> Initialized metal backend on device Apple M3 Pro
<UciProtocol (pid=80763)>: stderr >> Search algorithm: classic
<UciProtocol (pid=80763)>: stderr >> Loading weights file from: data/engines/maia/maia-1900.pb.gz
<UciProtocol (pid=80763)>: stderr >> Initialized metal backend on device Apple M3 Pro
<UciProtocol (pid=80764)>: stderr >> [1m[31m       _
<UciProtocol (pid=80764)>: stderr >> |   _ | |
<UciProtocol (pid=80764)>: stderr >> |_ |_ |_|[0m v0.32.1+git.dirty built Nov 23 2025
<UciProtocol (pid=80764)>: stderr >> Search algorithm: classic
<UciProtocol (pid=80764)>: stderr >> Loading weights file from: data/engines/maia/maia-1500.pb.gz
<UciProtocol (pid=80764)>: stderr >> Initialized metal backend on device Apple M3 Pro
<UciProtocol (pid=80765)>: stderr >> [1m[31m       _
<UciProtocol (pid=80765)>: stderr >> |   _ | |
<UciProtocol (pid=80765)>: stderr >> |_ |_ |_|[0m v0.32.1+git.dirty built Nov 23 2025
<UciProtocol (pid=80765)>: stderr >> Search algorithm: classic
<UciProtocol (pid=80765)>: stderr >> Loading weights file from: data/engines/maia/maia-1900.pb.gz
<UciProtocol (pid=80765)>: stderr >> Initialized metal backend on device Apple M3 Pro
<UciProtocol (pid=80767)>: stderr >> [1m[31m       _
<UciProtocol (pid=80767)>: stderr >> |   _ | |
<UciProtocol (pid=80767)>: stderr >> |_ |_ |_|[0m v0.32.1+git.dirty built Nov 23 2025
<UciProtocol (pid=80767)>: stderr >> Search algorithm: classic
<UciProtocol (pid=80767)>: stderr >> Loading weights file from: data/engines/maia/maia-1900.pb.gz
<UciProtocol (pid=80767)>: stderr >> Initialized metal backend on device Apple M3 Pro
[daemon] shards 253  anchors 30,800  rows 3,125,531  (27,402/hr)  [4046s]
<UciProtocol (pid=81324)>: stderr >> [1m[31m       _
<UciProtocol (pid=81324)>: stderr >> |   _ | |
<UciProtocol (pid=81324)>: stderr >> |_ |_ |_|[0m v0.32.1+git.dirty built Nov 23 2025
<UciProtocol (pid=81324)>: stderr >> Search algorithm: classic
<UciProtocol (pid=81325)>: stderr >> [1m[31m       _
<UciProtocol (pid=81325)>: stderr >> |   _ | |
<UciProtocol (pid=81325)>: stderr >> |_ |_ |_|[0m v0.32.1+git.dirty built Nov 23 2025
<UciProtocol (pid=81324)>: stderr >> Loading weights file from: data/engines/maia/maia-1100.pb.gz
<UciProtocol (pid=81325)>: stderr >> Search algorithm: classic
<UciProtocol (pid=81325)>: stderr >> Loading weights file from: data/engines/maia/maia-1100.pb.gz
<UciProtocol (pid=81332)>: stderr >> [1m[31m       _
<UciProtocol (pid=81332)>: stderr >> |   _ | |
<UciProtocol (pid=81332)>: stderr >> |_ |_ |_|[0m v0.32.1+git.dirty built Nov 23 2025
<UciProtocol (pid=81332)>: stderr >> Search algorithm: classic
<UciProtocol (pid=81332)>: stderr >> Loading weights file from: data/engines/maia/maia-1100.pb.gz
<UciProtocol (pid=81324)>: stderr >> Initialized metal backend on device Apple M3 Pro
<UciProtocol (pid=81325)>: stderr >> Initialized metal backend on device Apple M3 Pro
<UciProtocol (pid=81332)>: stderr >> Initialized metal backend on device Apple M3 Pro
<UciProtocol (pid=81333)>: stderr >> [1m[31m       _
<UciProtocol (pid=81333)>: stderr >> |   _ | |
<UciProtocol (pid=81333)>: stderr >> |_ |_ |_|[0m v0.32.1+git.dirty built Nov 23 2025
<UciProtocol (pid=81333)>: stderr >> Search algorithm: classic
<UciProtocol (pid=81333)>: stderr >> Loading weights file from: data/engines/maia/maia-1100.pb.gz
<UciProtocol (pid=81333)>: stderr >> Initialized metal backend on device Apple M3 Pro
<UciProtocol (pid=81334)>: stderr >> [1m[31m       _
<UciProtocol (pid=81334)>: stderr >> |   _ | |
<UciProtocol (pid=81334)>: stderr >> |_ |_ |_|[0m v0.32.1+git.dirty built Nov 23 2025
<UciProtocol (pid=81334)>: stderr >> Search algorithm: classic
<UciProtocol (pid=81334)>: stderr >> Loading weights file from: data/engines/maia/maia-1100.pb.gz
<UciProtocol (pid=81334)>: stderr >> Initialized metal backend on device Apple M3 Pro
<UciProtocol (pid=81335)>: stderr >> [1m[31m       _
<UciProtocol (pid=81335)>: stderr >> |   _ | |
<UciProtocol (pid=81335)>: stderr >> |_ |_ |_|[0m v0.32.1+git.dirty built Nov 23 2025
<UciProtocol (pid=81335)>: stderr >> Search algorithm: classic
<UciProtocol (pid=81335)>: stderr >> Loading weights file from: data/engines/maia/maia-1100.pb.gz
<UciProtocol (pid=81335)>: stderr >> Initialized metal backend on device Apple M3 Pro
<UciProtocol (pid=81336)>: stderr >> [1m[31m       _
<UciProtocol (pid=81336)>: stderr >> |   _ | |
<UciProtocol (pid=81336)>: stderr >> |_ |_ |_|[0m v0.32.1+git.dirty built Nov 23 2025
<UciProtocol (pid=81336)>: stderr >> Search algorithm: classic
<UciProtocol (pid=81336)>: stderr >> Loading weights file from: data/engines/maia/maia-1500.pb.gz
<UciProtocol (pid=81337)>: stderr >> [1m[31m       _
<UciProtocol (pid=81337)>: stderr >> |   _ | |
<UciProtocol (pid=81337)>: stderr >> |_ |_ |_|[0m v0.32.1+git.dirty built Nov 23 2025
<UciProtocol (pid=81337)>: stderr >> Search algorithm: classic
<UciProtocol (pid=81337)>: stderr >> Loading weights file from: data/engines/maia/maia-1500.pb.gz
<UciProtocol (pid=81338)>: stderr >> [1m[31m       _
<UciProtocol (pid=81338)>: stderr >> |   _ | |
<UciProtocol (pid=81338)>: stderr >> |_ |_ |_|[0m v0.32.1+git.dirty built Nov 23 2025
<UciProtocol (pid=81338)>: stderr >> Search algorithm: classic
<UciProtocol (pid=81339)>: stderr >> [1m[31m       _
<UciProtocol (pid=81339)>: stderr >> |   _ | |
<UciProtocol (pid=81339)>: stderr >> |_ |_ |_|[0m v0.32.1+git.dirty built Nov 23 2025
<UciProtocol (pid=81338)>: stderr >> Loading weights file from: data/engines/maia/maia-1500.pb.gz
<UciProtocol (pid=81339)>: stderr >> Search algorithm: classic
<UciProtocol (pid=81339)>: stderr >> Loading weights file from: data/engines/maia/maia-1500.pb.gz
<UciProtocol (pid=81336)>: stderr >> Initialized metal backend on device Apple M3 Pro
<UciProtocol (pid=81337)>: stderr >> Initialized metal backend on device Apple M3 Pro
<UciProtocol (pid=81338)>: stderr >> Initialized metal backend on device Apple M3 Pro
<UciProtocol (pid=81339)>: stderr >> Initialized metal backend on device Apple M3 Pro
<UciProtocol (pid=81341)>: stderr >> [1m[31m       _
<UciProtocol (pid=81341)>: stderr >> |   _ | |
<UciProtocol (pid=81341)>: stderr >> |_ |_ |_|[0m v0.32.1+git.dirty built Nov 23 2025
<UciProtocol (pid=81341)>: stderr >> Search algorithm: classic
<UciProtocol (pid=81340)>: stderr >> [1m[31m       _
<UciProtocol (pid=81340)>: stderr >> |   _ | |
<UciProtocol (pid=81340)>: stderr >> |_ |_ |_|[0m v0.32.1+git.dirty built Nov 23 2025
<UciProtocol (pid=81340)>: stderr >> Search algorithm: classic
<UciProtocol (pid=81341)>: stderr >> Loading weights file from: data/engines/maia/maia-1500.pb.gz
<UciProtocol (pid=81340)>: stderr >> Loading weights file from: data/engines/maia/maia-1100.pb.gz
<UciProtocol (pid=81341)>: stderr >> Initialized metal backend on device Apple M3 Pro
<UciProtocol (pid=81340)>: stderr >> Initialized metal backend on device Apple M3 Pro
<UciProtocol (pid=81343)>: stderr >> [1m[31m       _
<UciProtocol (pid=81343)>: stderr >> |   _ | |
<UciProtocol (pid=81343)>: stderr >> |_ |_ |_|[0m v0.32.1+git.dirty built Nov 23 2025
<UciProtocol (pid=81343)>: stderr >> Search algorithm: classic
<UciProtocol (pid=81343)>: stderr >> Loading weights file from: data/engines/maia/maia-1500.pb.gz
<UciProtocol (pid=81343)>: stderr >> Initialized metal backend on device Apple M3 Pro
<UciProtocol (pid=81344)>: stderr >> [1m[31m       _
<UciProtocol (pid=81344)>: stderr >> |   _ | |
<UciProtocol (pid=81344)>: stderr >> |_ |_ |_|[0m v0.32.1+git.dirty built Nov 23 2025
<UciProtocol (pid=81344)>: stderr >> Search algorithm: classic
<UciProtocol (pid=81344)>: stderr >> Loading weights file from: data/engines/maia/maia-1900.pb.gz
<UciProtocol (pid=81344)>: stderr >> Initialized metal backend on device Apple M3 Pro
<UciProtocol (pid=81350)>: stderr >> [1m[31m       _
<UciProtocol (pid=81350)>: stderr >> |   _ | |
<UciProtocol (pid=81350)>: stderr >> |_ |_ |_|[0m v0.32.1+git.dirty built Nov 23 2025
<UciProtocol (pid=81350)>: stderr >> Search algorithm: classic
<UciProtocol (pid=81352)>: stderr >> [1m[31m       _
<UciProtocol (pid=81352)>: stderr >> |   _ | |
<UciProtocol (pid=81352)>: stderr >> |_ |_ |_|[0m v0.32.1+git.dirty built Nov 23 2025
<UciProtocol (pid=81350)>: stderr >> Loading weights file from: data/engines/maia/maia-1900.pb.gz
<UciProtocol (pid=81352)>: stderr >> Search algorithm: classic
<UciProtocol (pid=81351)>: stderr >> [1m[31m       _
<UciProtocol (pid=81351)>: stderr >> |   _ | |
<UciProtocol (pid=81351)>: stderr >> |_ |_ |_|[0m v0.32.1+git.dirty built Nov 23 2025
<UciProtocol (pid=81352)>: stderr >> Loading weights file from: data/engines/maia/maia-1900.pb.gz
<UciProtocol (pid=81351)>: stderr >> Search algorithm: classic
<UciProtocol (pid=81351)>: stderr >> Loading weights file from: data/engines/maia/maia-1900.pb.gz
<UciProtocol (pid=81353)>: stderr >> [1m[31m       _
<UciProtocol (pid=81353)>: stderr >> |   _ | |
<UciProtocol (pid=81353)>: stderr >> |_ |_ |_|[0m v0.32.1+git.dirty built Nov 23 2025
<UciProtocol (pid=81350)>: stderr >> Initialized metal backend on device Apple M3 Pro
<UciProtocol (pid=81353)>: stderr >> Search algorithm: classic
<UciProtocol (pid=81352)>: stderr >> Initialized metal backend on device Apple M3 Pro
<UciProtocol (pid=81354)>: stderr >> [1m[31m       _
<UciProtocol (pid=81354)>: stderr >> |   _ | |
<UciProtocol (pid=81354)>: stderr >> |_ |_ |_|[0m v0.32.1+git.dirty built Nov 23 2025
<UciProtocol (pid=81353)>: stderr >> Loading weights file from: data/engines/maia/maia-1900.pb.gz
<UciProtocol (pid=81354)>: stderr >> Search algorithm: classic
<UciProtocol (pid=81354)>: stderr >> Loading weights file from: data/engines/maia/maia-1500.pb.gz
<UciProtocol (pid=81351)>: stderr >> Initialized metal backend on device Apple M3 Pro
<UciProtocol (pid=81355)>: stderr >> [1m[31m       _
<UciProtocol (pid=81355)>: stderr >> |   _ | |
<UciProtocol (pid=81355)>: stderr >> |_ |_ |_|[0m v0.32.1+git.dirty built Nov 23 2025
<UciProtocol (pid=81355)>: stderr >> Search algorithm: classic
<UciProtocol (pid=81355)>: stderr >> Loading weights file from: data/engines/maia/maia-1900.pb.gz
<UciProtocol (pid=81353)>: stderr >> Initialized metal backend on device Apple M3 Pro
<UciProtocol (pid=81354)>: stderr >> Initialized metal backend on device Apple M3 Pro
<UciProtocol (pid=81355)>: stderr >> Initialized metal backend on device Apple M3 Pro
<UciProtocol (pid=81356)>: stderr >> [1m[31m       _
<UciProtocol (pid=81356)>: stderr >> |   _ | |
<UciProtocol (pid=81356)>: stderr >> |_ |_ |_|[0m v0.32.1+git.dirty built Nov 23 2025
<UciProtocol (pid=81356)>: stderr >> Search algorithm: classic
<UciProtocol (pid=81356)>: stderr >> Loading weights file from: data/engines/maia/maia-1900.pb.gz
<UciProtocol (pid=81356)>: stderr >> Initialized metal backend on device Apple M3 Pro
[daemon] shards 260  anchors 32,200  rows 3,268,326  (27,302/hr)  [4246s]
<UciProtocol (pid=81952)>: stderr >> [1m[31m       _
<UciProtocol (pid=81952)>: stderr >> |   _ | |
<UciProtocol (pid=81952)>: stderr >> |_ |_ |_|[0m v0.32.1+git.dirty built Nov 23 2025
<UciProtocol (pid=81952)>: stderr >> Search algorithm: classic
<UciProtocol (pid=81952)>: stderr >> Loading weights file from: data/engines/maia/maia-1100.pb.gz
<UciProtocol (pid=81952)>: stderr >> Initialized metal backend on device Apple M3 Pro
<UciProtocol (pid=81953)>: stderr >> [1m[31m       _
<UciProtocol (pid=81953)>: stderr >> |   _ | |
<UciProtocol (pid=81953)>: stderr >> |_ |_ |_|[0m v0.32.1+git.dirty built Nov 23 2025
<UciProtocol (pid=81953)>: stderr >> Search algorithm: classic
<UciProtocol (pid=81953)>: stderr >> Loading weights file from: data/engines/maia/maia-1100.pb.gz
<UciProtocol (pid=81953)>: stderr >> Initialized metal backend on device Apple M3 Pro
<UciProtocol (pid=81960)>: stderr >> [1m[31m       _
<UciProtocol (pid=81960)>: stderr >> |   _ | |
<UciProtocol (pid=81960)>: stderr >> |_ |_ |_|[0m v0.32.1+git.dirty built Nov 23 2025
<UciProtocol (pid=81960)>: stderr >> Search algorithm: classic
<UciProtocol (pid=81960)>: stderr >> Loading weights file from: data/engines/maia/maia-1100.pb.gz
<UciProtocol (pid=81960)>: stderr >> Initialized metal backend on device Apple M3 Pro
<UciProtocol (pid=81961)>: stderr >> [1m[31m       _
<UciProtocol (pid=81961)>: stderr >> |   _ | |
<UciProtocol (pid=81961)>: stderr >> |_ |_ |_|[0m v0.32.1+git.dirty built Nov 23 2025
<UciProtocol (pid=81961)>: stderr >> Search algorithm: classic
<UciProtocol (pid=81961)>: stderr >> Loading weights file from: data/engines/maia/maia-1100.pb.gz
<UciProtocol (pid=81961)>: stderr >> Initialized metal backend on device Apple M3 Pro
<UciProtocol (pid=81962)>: stderr >> [1m[31m       _
<UciProtocol (pid=81962)>: stderr >> |   _ | |
<UciProtocol (pid=81962)>: stderr >> |_ |_ |_|[0m v0.32.1+git.dirty built Nov 23 2025
<UciProtocol (pid=81962)>: stderr >> Search algorithm: classic
<UciProtocol (pid=81962)>: stderr >> Loading weights file from: data/engines/maia/maia-1500.pb.gz
<UciProtocol (pid=81963)>: stderr >> [1m[31m       _
<UciProtocol (pid=81963)>: stderr >> |   _ | |
<UciProtocol (pid=81963)>: stderr >> |_ |_ |_|[0m v0.32.1+git.dirty built Nov 23 2025
<UciProtocol (pid=81963)>: stderr >> Search algorithm: classic
<UciProtocol (pid=81963)>: stderr >> Loading weights file from: data/engines/maia/maia-1500.pb.gz
<UciProtocol (pid=81962)>: stderr >> Initialized metal backend on device Apple M3 Pro
<UciProtocol (pid=81963)>: stderr >> Initialized metal backend on device Apple M3 Pro
<UciProtocol (pid=81965)>: stderr >> [1m[31m       _
<UciProtocol (pid=81965)>: stderr >> |   _ | |
<UciProtocol (pid=81965)>: stderr >> |_ |_ |_|[0m v0.32.1+git.dirty built Nov 23 2025
<UciProtocol (pid=81965)>: stderr >> Search algorithm: classic
<UciProtocol (pid=81965)>: stderr >> Loading weights file from: data/engines/maia/maia-1500.pb.gz
<UciProtocol (pid=81965)>: stderr >> Initialized metal backend on device Apple M3 Pro
<UciProtocol (pid=81966)>: stderr >> [1m[31m       _
<UciProtocol (pid=81966)>: stderr >> |   _ | |
<UciProtocol (pid=81966)>: stderr >> |_ |_ |_|[0m v0.32.1+git.dirty built Nov 23 2025
<UciProtocol (pid=81966)>: stderr >> Search algorithm: classic
<UciProtocol (pid=81966)>: stderr >> Loading weights file from: data/engines/maia/maia-1500.pb.gz
<UciProtocol (pid=81967)>: stderr >> [1m[31m       _
<UciProtocol (pid=81967)>: stderr >> |   _ | |
<UciProtocol (pid=81967)>: stderr >> |_ |_ |_|[0m v0.32.1+git.dirty built Nov 23 2025
<UciProtocol (pid=81967)>: stderr >> Search algorithm: classic
<UciProtocol (pid=81967)>: stderr >> Loading weights file from: data/engines/maia/maia-1100.pb.gz
<UciProtocol (pid=81966)>: stderr >> Initialized metal backend on device Apple M3 Pro
<UciProtocol (pid=81967)>: stderr >> Initialized metal backend on device Apple M3 Pro
<UciProtocol (pid=81968)>: stderr >> [1m[31m       _
<UciProtocol (pid=81968)>: stderr >> |   _ | |
<UciProtocol (pid=81968)>: stderr >> |_ |_ |_|[0m v0.32.1+git.dirty built Nov 23 2025
<UciProtocol (pid=81968)>: stderr >> Search algorithm: classic
<UciProtocol (pid=81968)>: stderr >> Loading weights file from: data/engines/maia/maia-1900.pb.gz
<UciProtocol (pid=81969)>: stderr >> [1m[31m       _
<UciProtocol (pid=81969)>: stderr >> |   _ | |
<UciProtocol (pid=81969)>: stderr >> |_ |_ |_|[0m v0.32.1+git.dirty built Nov 23 2025
<UciProtocol (pid=81969)>: stderr >> Search algorithm: classic
<UciProtocol (pid=81969)>: stderr >> Loading weights file from: data/engines/maia/maia-1900.pb.gz
<UciProtocol (pid=81968)>: stderr >> Initialized metal backend on device Apple M3 Pro
<UciProtocol (pid=81969)>: stderr >> Initialized metal backend on device Apple M3 Pro
<UciProtocol (pid=81970)>: stderr >> [1m[31m       _
<UciProtocol (pid=81970)>: stderr >> |   _ | |
<UciProtocol (pid=81970)>: stderr >> |_ |_ |_|[0m v0.32.1+git.dirty built Nov 23 2025
<UciProtocol (pid=81970)>: stderr >> Search algorithm: classic
<UciProtocol (pid=81970)>: stderr >> Loading weights file from: data/engines/maia/maia-1900.pb.gz
<UciProtocol (pid=81970)>: stderr >> Initialized metal backend on device Apple M3 Pro
<UciProtocol (pid=81972)>: stderr >> [1m[31m       _
<UciProtocol (pid=81972)>: stderr >> |   _ | |
<UciProtocol (pid=81972)>: stderr >> |_ |_ |_|[0m v0.32.1+git.dirty built Nov 23 2025
<UciProtocol (pid=81971)>: stderr >> [1m[31m       _
<UciProtocol (pid=81971)>: stderr >> |   _ | |
<UciProtocol (pid=81971)>: stderr >> |_ |_ |_|[0m v0.32.1+git.dirty built Nov 23 2025
<UciProtocol (pid=81972)>: stderr >> Search algorithm: classic
<UciProtocol (pid=81971)>: stderr >> Search algorithm: classic
<UciProtocol (pid=81971)>: stderr >> Loading weights file from: data/engines/maia/maia-1500.pb.gz
<UciProtocol (pid=81972)>: stderr >> Loading weights file from: data/engines/maia/maia-1900.pb.gz
<UciProtocol (pid=81971)>: stderr >> Initialized metal backend on device Apple M3 Pro
<UciProtocol (pid=81972)>: stderr >> Initialized metal backend on device Apple M3 Pro
<UciProtocol (pid=81978)>: stderr >> [1m[31m       _
<UciProtocol (pid=81978)>: stderr >> |   _ | |
<UciProtocol (pid=81978)>: stderr >> |_ |_ |_|[0m v0.32.1+git.dirty built Nov 23 2025
<UciProtocol (pid=81978)>: stderr >> Search algorithm: classic
<UciProtocol (pid=81978)>: stderr >> Loading weights file from: data/engines/maia/maia-1100.pb.gz
<UciProtocol (pid=81978)>: stderr >> Initialized metal backend on device Apple M3 Pro
<UciProtocol (pid=81979)>: stderr >> [1m[31m       _
<UciProtocol (pid=81979)>: stderr >> |   _ | |
<UciProtocol (pid=81979)>: stderr >> |_ |_ |_|[0m v0.32.1+git.dirty built Nov 23 2025
<UciProtocol (pid=81979)>: stderr >> Search algorithm: classic
<UciProtocol (pid=81979)>: stderr >> Loading weights file from: data/engines/maia/maia-1100.pb.gz
<UciProtocol (pid=81979)>: stderr >> Initialized metal backend on device Apple M3 Pro
<UciProtocol (pid=81980)>: stderr >> [1m[31m       _
<UciProtocol (pid=81980)>: stderr >> |   _ | |
<UciProtocol (pid=81980)>: stderr >> |_ |_ |_|[0m v0.32.1+git.dirty built Nov 23 2025
<UciProtocol (pid=81980)>: stderr >> Search algorithm: classic
<UciProtocol (pid=81980)>: stderr >> Loading weights file from: data/engines/maia/maia-1900.pb.gz
<UciProtocol (pid=81980)>: stderr >> Initialized metal backend on device Apple M3 Pro
<UciProtocol (pid=81981)>: stderr >> [1m[31m       _
<UciProtocol (pid=81981)>: stderr >> |   _ | |
<UciProtocol (pid=81981)>: stderr >> |_ |_ |_|[0m v0.32.1+git.dirty built Nov 23 2025
<UciProtocol (pid=81981)>: stderr >> Search algorithm: classic
<UciProtocol (pid=81981)>: stderr >> Loading weights file from: data/engines/maia/maia-1500.pb.gz
<UciProtocol (pid=81981)>: stderr >> Initialized metal backend on device Apple M3 Pro
<UciProtocol (pid=81982)>: stderr >> [1m[31m       _
<UciProtocol (pid=81982)>: stderr >> |   _ | |
<UciProtocol (pid=81982)>: stderr >> |_ |_ |_|[0m v0.32.1+git.dirty built Nov 23 2025
<UciProtocol (pid=81982)>: stderr >> Search algorithm: classic
<UciProtocol (pid=81982)>: stderr >> Loading weights file from: data/engines/maia/maia-1500.pb.gz
<UciProtocol (pid=81982)>: stderr >> Initialized metal backend on device Apple M3 Pro
<UciProtocol (pid=81983)>: stderr >> [1m[31m       _
<UciProtocol (pid=81983)>: stderr >> |   _ | |
<UciProtocol (pid=81983)>: stderr >> |_ |_ |_|[0m v0.32.1+git.dirty built Nov 23 2025
<UciProtocol (pid=81983)>: stderr >> Search algorithm: classic
<UciProtocol (pid=81983)>: stderr >> Loading weights file from: data/engines/maia/maia-1900.pb.gz
<UciProtocol (pid=81984)>: stderr >> [1m[31m       _
<UciProtocol (pid=81984)>: stderr >> |   _ | |
<UciProtocol (pid=81984)>: stderr >> |_ |_ |_|[0m v0.32.1+git.dirty built Nov 23 2025
<UciProtocol (pid=81984)>: stderr >> Search algorithm: classic
<UciProtocol (pid=81983)>: stderr >> Initialized metal backend on device Apple M3 Pro
<UciProtocol (pid=81984)>: stderr >> Loading weights file from: data/engines/maia/maia-1900.pb.gz
<UciProtocol (pid=81984)>: stderr >> Initialized metal backend on device Apple M3 Pro
[daemon] shards 267  anchors 33,600  rows 3,410,968  (27,194/hr)  [4448s]
<UciProtocol (pid=82553)>: stderr >> [1m[31m       _
<UciProtocol (pid=82553)>: stderr >> |   _ | |
<UciProtocol (pid=82553)>: stderr >> |_ |_ |_|[0m v0.32.1+git.dirty built Nov 23 2025
<UciProtocol (pid=82553)>: stderr >> Search algorithm: classic
<UciProtocol (pid=82553)>: stderr >> Loading weights file from: data/engines/maia/maia-1100.pb.gz
<UciProtocol (pid=82553)>: stderr >> Initialized metal backend on device Apple M3 Pro
<UciProtocol (pid=82556)>: stderr >> [1m[31m       _
<UciProtocol (pid=82556)>: stderr >> |   _ | |
<UciProtocol (pid=82556)>: stderr >> |_ |_ |_|[0m v0.32.1+git.dirty built Nov 23 2025
<UciProtocol (pid=82556)>: stderr >> Search algorithm: classic
<UciProtocol (pid=82556)>: stderr >> Loading weights file from: data/engines/maia/maia-1100.pb.gz
<UciProtocol (pid=82556)>: stderr >> Initialized metal backend on device Apple M3 Pro
<UciProtocol (pid=82557)>: stderr >> [1m[31m       _
<UciProtocol (pid=82557)>: stderr >> |   _ | |
<UciProtocol (pid=82557)>: stderr >> |_ |_ |_|[0m v0.32.1+git.dirty built Nov 23 2025
<UciProtocol (pid=82557)>: stderr >> Search algorithm: classic
<UciProtocol (pid=82557)>: stderr >> Loading weights file from: data/engines/maia/maia-1500.pb.gz
<UciProtocol (pid=82557)>: stderr >> Initialized metal backend on device Apple M3 Pro
<UciProtocol (pid=82560)>: stderr >> [1m[31m       _
<UciProtocol (pid=82560)>: stderr >> |   _ | |
<UciProtocol (pid=82560)>: stderr >> |_ |_ |_|[0m v0.32.1+git.dirty built Nov 23 2025
<UciProtocol (pid=82560)>: stderr >> Search algorithm: classic
<UciProtocol (pid=82560)>: stderr >> Loading weights file from: data/engines/maia/maia-1100.pb.gz
<UciProtocol (pid=82560)>: stderr >> Initialized metal backend on device Apple M3 Pro
<UciProtocol (pid=82562)>: stderr >> [1m[31m       _
<UciProtocol (pid=82562)>: stderr >> |   _ | |
<UciProtocol (pid=82562)>: stderr >> |_ |_ |_|[0m v0.32.1+git.dirty built Nov 23 2025
<UciProtocol (pid=82562)>: stderr >> Search algorithm: classic
<UciProtocol (pid=82562)>: stderr >> Loading weights file from: data/engines/maia/maia-1500.pb.gz
<UciProtocol (pid=82562)>: stderr >> Initialized metal backend on device Apple M3 Pro
<UciProtocol (pid=82563)>: stderr >> [1m[31m       _
<UciProtocol (pid=82563)>: stderr >> |   _ | |
<UciProtocol (pid=82563)>: stderr >> |_ |_ |_|[0m v0.32.1+git.dirty built Nov 23 2025
<UciProtocol (pid=82563)>: stderr >> Search algorithm: classic
<UciProtocol (pid=82563)>: stderr >> Loading weights file from: data/engines/maia/maia-1900.pb.gz
<UciProtocol (pid=82564)>: stderr >> [1m[31m       _
<UciProtocol (pid=82564)>: stderr >> |   _ | |
<UciProtocol (pid=82564)>: stderr >> |_ |_ |_|[0m v0.32.1+git.dirty built Nov 23 2025
<UciProtocol (pid=82564)>: stderr >> Search algorithm: classic
<UciProtocol (pid=82565)>: stderr >> [1m[31m       _
<UciProtocol (pid=82565)>: stderr >> |   _ | |
<UciProtocol (pid=82565)>: stderr >> |_ |_ |_|[0m v0.32.1+git.dirty built Nov 23 2025
<UciProtocol (pid=82565)>: stderr >> Search algorithm: classic
<UciProtocol (pid=82563)>: stderr >> Initialized metal backend on device Apple M3 Pro
<UciProtocol (pid=82565)>: stderr >> Loading weights file from: data/engines/maia/maia-1100.pb.gz
<UciProtocol (pid=82564)>: stderr >> Loading weights file from: data/engines/maia/maia-1100.pb.gz
<UciProtocol (pid=82565)>: stderr >> Initialized metal backend on device Apple M3 Pro
<UciProtocol (pid=82564)>: stderr >> Initialized metal backend on device Apple M3 Pro
<UciProtocol (pid=82571)>: stderr >> [1m[31m       _
<UciProtocol (pid=82571)>: stderr >> |   _ | |
<UciProtocol (pid=82571)>: stderr >> |_ |_ |_|[0m v0.32.1+git.dirty built Nov 23 2025
<UciProtocol (pid=82571)>: stderr >> Search algorithm: classic
<UciProtocol (pid=82571)>: stderr >> Loading weights file from: data/engines/maia/maia-1500.pb.gz
<UciProtocol (pid=82571)>: stderr >> Initialized metal backend on device Apple M3 Pro
<UciProtocol (pid=82572)>: stderr >> [1m[31m       _
<UciProtocol (pid=82572)>: stderr >> |   _ | |
<UciProtocol (pid=82572)>: stderr >> |_ |_ |_|[0m v0.32.1+git.dirty built Nov 23 2025
<UciProtocol (pid=82572)>: stderr >> Search algorithm: classic
<UciProtocol (pid=82572)>: stderr >> Loading weights file from: data/engines/maia/maia-1900.pb.gz
<UciProtocol (pid=82572)>: stderr >> Initialized metal backend on device Apple M3 Pro
<UciProtocol (pid=82573)>: stderr >> [1m[31m       _
<UciProtocol (pid=82573)>: stderr >> |   _ | |
<UciProtocol (pid=82573)>: stderr >> |_ |_ |_|[0m v0.32.1+git.dirty built Nov 23 2025
<UciProtocol (pid=82573)>: stderr >> Search algorithm: classic
<UciProtocol (pid=82573)>: stderr >> Loading weights file from: data/engines/maia/maia-1500.pb.gz
<UciProtocol (pid=82573)>: stderr >> Initialized metal backend on device Apple M3 Pro
<UciProtocol (pid=82574)>: stderr >> [1m[31m       _
<UciProtocol (pid=82574)>: stderr >> |   _ | |
<UciProtocol (pid=82574)>: stderr >> |_ |_ |_|[0m v0.32.1+git.dirty built Nov 23 2025
<UciProtocol (pid=82574)>: stderr >> Search algorithm: classic
<UciProtocol (pid=82574)>: stderr >> Loading weights file from: data/engines/maia/maia-1500.pb.gz
<UciProtocol (pid=82574)>: stderr >> Initialized metal backend on device Apple M3 Pro
<UciProtocol (pid=82575)>: stderr >> [1m[31m       _
<UciProtocol (pid=82575)>: stderr >> |   _ | |
<UciProtocol (pid=82575)>: stderr >> |_ |_ |_|[0m v0.32.1+git.dirty built Nov 23 2025
<UciProtocol (pid=82575)>: stderr >> Search algorithm: classic
<UciProtocol (pid=82575)>: stderr >> Loading weights file from: data/engines/maia/maia-1900.pb.gz
<UciProtocol (pid=82575)>: stderr >> Initialized metal backend on device Apple M3 Pro
<UciProtocol (pid=82576)>: stderr >> [1m[31m       _
<UciProtocol (pid=82576)>: stderr >> |   _ | |
<UciProtocol (pid=82576)>: stderr >> |_ |_ |_|[0m v0.32.1+git.dirty built Nov 23 2025
<UciProtocol (pid=82576)>: stderr >> Search algorithm: classic
<UciProtocol (pid=82576)>: stderr >> Loading weights file from: data/engines/maia/maia-1100.pb.gz
<UciProtocol (pid=82577)>: stderr >> [1m[31m       _
<UciProtocol (pid=82577)>: stderr >> |   _ | |
<UciProtocol (pid=82577)>: stderr >> |_ |_ |_|[0m v0.32.1+git.dirty built Nov 23 2025
<UciProtocol (pid=82577)>: stderr >> Search algorithm: classic
<UciProtocol (pid=82577)>: stderr >> Loading weights file from: data/engines/maia/maia-1900.pb.gz
<UciProtocol (pid=82576)>: stderr >> Initialized metal backend on device Apple M3 Pro
<UciProtocol (pid=82577)>: stderr >> Initialized metal backend on device Apple M3 Pro
<UciProtocol (pid=82578)>: stderr >> [1m[31m       _
<UciProtocol (pid=82578)>: stderr >> |   _ | |
<UciProtocol (pid=82578)>: stderr >> |_ |_ |_|[0m v0.32.1+git.dirty built Nov 23 2025
<UciProtocol (pid=82578)>: stderr >> Search algorithm: classic
<UciProtocol (pid=82578)>: stderr >> Loading weights file from: data/engines/maia/maia-1900.pb.gz
<UciProtocol (pid=82578)>: stderr >> Initialized metal backend on device Apple M3 Pro
<UciProtocol (pid=82579)>: stderr >> [1m[31m       _
<UciProtocol (pid=82579)>: stderr >> |   _ | |
<UciProtocol (pid=82579)>: stderr >> |_ |_ |_|[0m v0.32.1+git.dirty built Nov 23 2025
<UciProtocol (pid=82579)>: stderr >> Search algorithm: classic
<UciProtocol (pid=82579)>: stderr >> Loading weights file from: data/engines/maia/maia-1100.pb.gz
<UciProtocol (pid=82579)>: stderr >> Initialized metal backend on device Apple M3 Pro
<UciProtocol (pid=82580)>: stderr >> [1m[31m       _
<UciProtocol (pid=82580)>: stderr >> |   _ | |
<UciProtocol (pid=82580)>: stderr >> |_ |_ |_|[0m v0.32.1+git.dirty built Nov 23 2025
<UciProtocol (pid=82580)>: stderr >> Search algorithm: classic
<UciProtocol (pid=82580)>: stderr >> Loading weights file from: data/engines/maia/maia-1500.pb.gz
<UciProtocol (pid=82580)>: stderr >> Initialized metal backend on device Apple M3 Pro
<UciProtocol (pid=82581)>: stderr >> [1m[31m       _
<UciProtocol (pid=82581)>: stderr >> |   _ | |
<UciProtocol (pid=82581)>: stderr >> |_ |_ |_|[0m v0.32.1+git.dirty built Nov 23 2025
<UciProtocol (pid=82581)>: stderr >> Search algorithm: classic
<UciProtocol (pid=82581)>: stderr >> Loading weights file from: data/engines/maia/maia-1500.pb.gz
<UciProtocol (pid=82581)>: stderr >> Initialized metal backend on device Apple M3 Pro
<UciProtocol (pid=82582)>: stderr >> [1m[31m       _
<UciProtocol (pid=82582)>: stderr >> |   _ | |
<UciProtocol (pid=82582)>: stderr >> |_ |_ |_|[0m v0.32.1+git.dirty built Nov 23 2025
<UciProtocol (pid=82582)>: stderr >> Search algorithm: classic
<UciProtocol (pid=82582)>: stderr >> Loading weights file from: data/engines/maia/maia-1900.pb.gz
<UciProtocol (pid=82582)>: stderr >> Initialized metal backend on device Apple M3 Pro
<UciProtocol (pid=82583)>: stderr >> [1m[31m       _
<UciProtocol (pid=82583)>: stderr >> |   _ | |
<UciProtocol (pid=82583)>: stderr >> |_ |_ |_|[0m v0.32.1+git.dirty built Nov 23 2025
<UciProtocol (pid=82583)>: stderr >> Search algorithm: classic
<UciProtocol (pid=82583)>: stderr >> Loading weights file from: data/engines/maia/maia-1900.pb.gz
<UciProtocol (pid=82583)>: stderr >> Initialized metal backend on device Apple M3 Pro
[daemon] shards 274  anchors 35,000  rows 3,553,186  (27,162/hr)  [4639s]
<UciProtocol (pid=83142)>: stderr >> [1m[31m       _
<UciProtocol (pid=83142)>: stderr >> |   _ | |
<UciProtocol (pid=83142)>: stderr >> |_ |_ |_|[0m v0.32.1+git.dirty built Nov 23 2025
<UciProtocol (pid=83142)>: stderr >> Search algorithm: classic
<UciProtocol (pid=83142)>: stderr >> Loading weights file from: data/engines/maia/maia-1100.pb.gz
<UciProtocol (pid=83142)>: stderr >> Initialized metal backend on device Apple M3 Pro
<UciProtocol (pid=83154)>: stderr >> [1m[31m       _
<UciProtocol (pid=83154)>: stderr >> |   _ | |
<UciProtocol (pid=83154)>: stderr >> |_ |_ |_|[0m v0.32.1+git.dirty built Nov 23 2025
<UciProtocol (pid=83154)>: stderr >> Search algorithm: classic
<UciProtocol (pid=83154)>: stderr >> Loading weights file from: data/engines/maia/maia-1500.pb.gz
<UciProtocol (pid=83155)>: stderr >> [1m[31m       _
<UciProtocol (pid=83155)>: stderr >> |   _ | |
<UciProtocol (pid=83155)>: stderr >> |_ |_ |_|[0m v0.32.1+git.dirty built Nov 23 2025
<UciProtocol (pid=83155)>: stderr >> Search algorithm: classic
<UciProtocol (pid=83155)>: stderr >> Loading weights file from: data/engines/maia/maia-1100.pb.gz
<UciProtocol (pid=83154)>: stderr >> Initialized metal backend on device Apple M3 Pro
<UciProtocol (pid=83155)>: stderr >> Initialized metal backend on device Apple M3 Pro
<UciProtocol (pid=83156)>: stderr >> [1m[31m       _
<UciProtocol (pid=83156)>: stderr >> |   _ | |
<UciProtocol (pid=83156)>: stderr >> |_ |_ |_|[0m v0.32.1+git.dirty built Nov 23 2025
<UciProtocol (pid=83156)>: stderr >> Search algorithm: classic
<UciProtocol (pid=83156)>: stderr >> Loading weights file from: data/engines/maia/maia-1100.pb.gz
<UciProtocol (pid=83157)>: stderr >> [1m[31m       _
<UciProtocol (pid=83157)>: stderr >> |   _ | |
<UciProtocol (pid=83157)>: stderr >> |_ |_ |_|[0m v0.32.1+git.dirty built Nov 23 2025
<UciProtocol (pid=83157)>: stderr >> Search algorithm: classic
<UciProtocol (pid=83157)>: stderr >> Loading weights file from: data/engines/maia/maia-1100.pb.gz
<UciProtocol (pid=83158)>: stderr >> [1m[31m       _
<UciProtocol (pid=83158)>: stderr >> |   _ | |
<UciProtocol (pid=83158)>: stderr >> |_ |_ |_|[0m v0.32.1+git.dirty built Nov 23 2025
<UciProtocol (pid=83158)>: stderr >> Search algorithm: classic
<UciProtocol (pid=83158)>: stderr >> Loading weights file from: data/engines/maia/maia-1100.pb.gz
<UciProtocol (pid=83156)>: stderr >> Initialized metal backend on device Apple M3 Pro
<UciProtocol (pid=83157)>: stderr >> Initialized metal backend on device Apple M3 Pro
<UciProtocol (pid=83158)>: stderr >> Initialized metal backend on device Apple M3 Pro
<UciProtocol (pid=83159)>: stderr >> [1m[31m       _
<UciProtocol (pid=83159)>: stderr >> |   _ | |
<UciProtocol (pid=83159)>: stderr >> |_ |_ |_|[0m v0.32.1+git.dirty built Nov 23 2025
<UciProtocol (pid=83159)>: stderr >> Search algorithm: classic
<UciProtocol (pid=83159)>: stderr >> Loading weights file from: data/engines/maia/maia-1500.pb.gz
<UciProtocol (pid=83160)>: stderr >> [1m[31m       _
<UciProtocol (pid=83160)>: stderr >> |   _ | |
<UciProtocol (pid=83160)>: stderr >> |_ |_ |_|[0m v0.32.1+git.dirty built Nov 23 2025
<UciProtocol (pid=83160)>: stderr >> Search algorithm: classic
<UciProtocol (pid=83160)>: stderr >> Loading weights file from: data/engines/maia/maia-1900.pb.gz
<UciProtocol (pid=83159)>: stderr >> Initialized metal backend on device Apple M3 Pro
<UciProtocol (pid=83160)>: stderr >> Initialized metal backend on device Apple M3 Pro
<UciProtocol (pid=83163)>: stderr >> [1m[31m       _
<UciProtocol (pid=83163)>: stderr >> |   _ | |
<UciProtocol (pid=83163)>: stderr >> |_ |_ |_|[0m v0.32.1+git.dirty built Nov 23 2025
<UciProtocol (pid=83163)>: stderr >> Search algorithm: classic
<UciProtocol (pid=83163)>: stderr >> Loading weights file from: data/engines/maia/maia-1500.pb.gz
<UciProtocol (pid=83163)>: stderr >> Initialized metal backend on device Apple M3 Pro
<UciProtocol (pid=83164)>: stderr >> [1m[31m       _
<UciProtocol (pid=83164)>: stderr >> |   _ | |
<UciProtocol (pid=83164)>: stderr >> |_ |_ |_|[0m v0.32.1+git.dirty built Nov 23 2025
<UciProtocol (pid=83164)>: stderr >> Search algorithm: classic
<UciProtocol (pid=83164)>: stderr >> Loading weights file from: data/engines/maia/maia-1500.pb.gz
<UciProtocol (pid=83164)>: stderr >> Initialized metal backend on device Apple M3 Pro
<UciProtocol (pid=83165)>: stderr >> [1m[31m       _
<UciProtocol (pid=83165)>: stderr >> |   _ | |
<UciProtocol (pid=83165)>: stderr >> |_ |_ |_|[0m v0.32.1+git.dirty built Nov 23 2025
<UciProtocol (pid=83165)>: stderr >> Search algorithm: classic
<UciProtocol (pid=83165)>: stderr >> Loading weights file from: data/engines/maia/maia-1500.pb.gz
<UciProtocol (pid=83166)>: stderr >> [1m[31m       _
<UciProtocol (pid=83166)>: stderr >> |   _ | |
<UciProtocol (pid=83166)>: stderr >> |_ |_ |_|[0m v0.32.1+git.dirty built Nov 23 2025
<UciProtocol (pid=83166)>: stderr >> Search algorithm: classic
<UciProtocol (pid=83166)>: stderr >> Loading weights file from: data/engines/maia/maia-1100.pb.gz
<UciProtocol (pid=83166)>: stderr >> Initialized metal backend on device Apple M3 Pro
<UciProtocol (pid=83165)>: stderr >> Initialized metal backend on device Apple M3 Pro
<UciProtocol (pid=83172)>: stderr >> [1m[31m       _
<UciProtocol (pid=83172)>: stderr >> |   _ | |
<UciProtocol (pid=83172)>: stderr >> |_ |_ |_|[0m v0.32.1+git.dirty built Nov 23 2025
<UciProtocol (pid=83172)>: stderr >> Search algorithm: classic
<UciProtocol (pid=83172)>: stderr >> Loading weights file from: data/engines/maia/maia-1900.pb.gz
<UciProtocol (pid=83172)>: stderr >> Initialized metal backend on device Apple M3 Pro
<UciProtocol (pid=83173)>: stderr >> [1m[31m       _
<UciProtocol (pid=83173)>: stderr >> |   _ | |
<UciProtocol (pid=83173)>: stderr >> |_ |_ |_|[0m v0.32.1+git.dirty built Nov 23 2025
<UciProtocol (pid=83173)>: stderr >> Search algorithm: classic
<UciProtocol (pid=83173)>: stderr >> Loading weights file from: data/engines/maia/maia-1900.pb.gz
<UciProtocol (pid=83173)>: stderr >> Initialized metal backend on device Apple M3 Pro
<UciProtocol (pid=83175)>: stderr >> [1m[31m       _
<UciProtocol (pid=83175)>: stderr >> |   _ | |
<UciProtocol (pid=83175)>: stderr >> |_ |_ |_|[0m v0.32.1+git.dirty built Nov 23 2025
<UciProtocol (pid=83175)>: stderr >> Search algorithm: classic
<UciProtocol (pid=83175)>: stderr >> Loading weights file from: data/engines/maia/maia-1900.pb.gz
<UciProtocol (pid=83175)>: stderr >> Initialized metal backend on device Apple M3 Pro
<UciProtocol (pid=83176)>: stderr >> [1m[31m       _
<UciProtocol (pid=83176)>: stderr >> |   _ | |
<UciProtocol (pid=83176)>: stderr >> |_ |_ |_|[0m v0.32.1+git.dirty built Nov 23 2025
<UciProtocol (pid=83176)>: stderr >> Search algorithm: classic
<UciProtocol (pid=83176)>: stderr >> Loading weights file from: data/engines/maia/maia-1900.pb.gz
<UciProtocol (pid=83176)>: stderr >> Initialized metal backend on device Apple M3 Pro
<UciProtocol (pid=83177)>: stderr >> [1m[31m       _
<UciProtocol (pid=83177)>: stderr >> |   _ | |
<UciProtocol (pid=83177)>: stderr >> |_ |_ |_|[0m v0.32.1+git.dirty built Nov 23 2025
<UciProtocol (pid=83177)>: stderr >> Search algorithm: classic
<UciProtocol (pid=83177)>: stderr >> Loading weights file from: data/engines/maia/maia-1500.pb.gz
<UciProtocol (pid=83177)>: stderr >> Initialized metal backend on device Apple M3 Pro
<UciProtocol (pid=83178)>: stderr >> [1m[31m       _
<UciProtocol (pid=83178)>: stderr >> |   _ | |
<UciProtocol (pid=83178)>: stderr >> |_ |_ |_|[0m v0.32.1+git.dirty built Nov 23 2025
<UciProtocol (pid=83178)>: stderr >> Search algorithm: classic
<UciProtocol (pid=83178)>: stderr >> Loading weights file from: data/engines/maia/maia-1900.pb.gz
<UciProtocol (pid=83178)>: stderr >> Initialized metal backend on device Apple M3 Pro
<UciProtocol (pid=83179)>: stderr >> [1m[31m       _
<UciProtocol (pid=83179)>: stderr >> |   _ | |
<UciProtocol (pid=83179)>: stderr >> |_ |_ |_|[0m v0.32.1+git.dirty built Nov 23 2025
<UciProtocol (pid=83179)>: stderr >> Search algorithm: classic
<UciProtocol (pid=83179)>: stderr >> Loading weights file from: data/engines/maia/maia-1100.pb.gz
<UciProtocol (pid=83179)>: stderr >> Initialized metal backend on device Apple M3 Pro
<UciProtocol (pid=83180)>: stderr >> [1m[31m       _
<UciProtocol (pid=83180)>: stderr >> |   _ | |
<UciProtocol (pid=83180)>: stderr >> |_ |_ |_|[0m v0.32.1+git.dirty built Nov 23 2025
<UciProtocol (pid=83180)>: stderr >> Search algorithm: classic
<UciProtocol (pid=83180)>: stderr >> Loading weights file from: data/engines/maia/maia-1500.pb.gz
<UciProtocol (pid=83180)>: stderr >> Initialized metal backend on device Apple M3 Pro
<UciProtocol (pid=83181)>: stderr >> [1m[31m       _
<UciProtocol (pid=83181)>: stderr >> |   _ | |
<UciProtocol (pid=83181)>: stderr >> |_ |_ |_|[0m v0.32.1+git.dirty built Nov 23 2025
<UciProtocol (pid=83181)>: stderr >> Search algorithm: classic
<UciProtocol (pid=83181)>: stderr >> Loading weights file from: data/engines/maia/maia-1900.pb.gz
<UciProtocol (pid=83181)>: stderr >> Initialized metal backend on device Apple M3 Pro
[daemon] shards 281  anchors 36,400  rows 3,695,790  (27,122/hr)  [4831s]
<UciProtocol (pid=83776)>: stderr >> [1m[31m       _
<UciProtocol (pid=83776)>: stderr >> |   _ | |
<UciProtocol (pid=83776)>: stderr >> |_ |_ |_|[0m v0.32.1+git.dirty built Nov 23 2025
<UciProtocol (pid=83776)>: stderr >> Search algorithm: classic
<UciProtocol (pid=83776)>: stderr >> Loading weights file from: data/engines/maia/maia-1100.pb.gz
<UciProtocol (pid=83776)>: stderr >> Initialized metal backend on device Apple M3 Pro
<UciProtocol (pid=83777)>: stderr >> [1m[31m       _
<UciProtocol (pid=83777)>: stderr >> |   _ | |
<UciProtocol (pid=83777)>: stderr >> |_ |_ |_|[0m v0.32.1+git.dirty built Nov 23 2025
<UciProtocol (pid=83777)>: stderr >> Search algorithm: classic
<UciProtocol (pid=83777)>: stderr >> Loading weights file from: data/engines/maia/maia-1100.pb.gz
<UciProtocol (pid=83777)>: stderr >> Initialized metal backend on device Apple M3 Pro
<UciProtocol (pid=83780)>: stderr >> [1m[31m       _
<UciProtocol (pid=83780)>: stderr >> |   _ | |
<UciProtocol (pid=83780)>: stderr >> |_ |_ |_|[0m v0.32.1+git.dirty built Nov 23 2025
<UciProtocol (pid=83780)>: stderr >> Search algorithm: classic
<UciProtocol (pid=83780)>: stderr >> Loading weights file from: data/engines/maia/maia-1100.pb.gz
<UciProtocol (pid=83780)>: stderr >> Initialized metal backend on device Apple M3 Pro
<UciProtocol (pid=83787)>: stderr >> [1m[31m       _
<UciProtocol (pid=83787)>: stderr >> |   _ | |
<UciProtocol (pid=83787)>: stderr >> |_ |_ |_|[0m v0.32.1+git.dirty built Nov 23 2025
<UciProtocol (pid=83787)>: stderr >> Search algorithm: classic
<UciProtocol (pid=83787)>: stderr >> Loading weights file from: data/engines/maia/maia-1500.pb.gz
<UciProtocol (pid=83790)>: stderr >> [1m[31m       _
<UciProtocol (pid=83790)>: stderr >> |   _ | |
<UciProtocol (pid=83790)>: stderr >> |_ |_ |_|[0m v0.32.1+git.dirty built Nov 23 2025
<UciProtocol (pid=83790)>: stderr >> Search algorithm: classic
<UciProtocol (pid=83790)>: stderr >> Loading weights file from: data/engines/maia/maia-1500.pb.gz
<UciProtocol (pid=83787)>: stderr >> Initialized metal backend on device Apple M3 Pro
<UciProtocol (pid=83790)>: stderr >> Initialized metal backend on device Apple M3 Pro
<UciProtocol (pid=83791)>: stderr >> [1m[31m       _
<UciProtocol (pid=83791)>: stderr >> |   _ | |
<UciProtocol (pid=83791)>: stderr >> |_ |_ |_|[0m v0.32.1+git.dirty built Nov 23 2025
<UciProtocol (pid=83791)>: stderr >> Search algorithm: classic
<UciProtocol (pid=83791)>: stderr >> Loading weights file from: data/engines/maia/maia-1100.pb.gz
<UciProtocol (pid=83792)>: stderr >> [1m[31m       _
<UciProtocol (pid=83792)>: stderr >> |   _ | |
<UciProtocol (pid=83792)>: stderr >> |_ |_ |_|[0m v0.32.1+git.dirty built Nov 23 2025
<UciProtocol (pid=83792)>: stderr >> Search algorithm: classic
<UciProtocol (pid=83792)>: stderr >> Loading weights file from: data/engines/maia/maia-1100.pb.gz
<UciProtocol (pid=83794)>: stderr >> [1m[31m       _
<UciProtocol (pid=83794)>: stderr >> |   _ | |
<UciProtocol (pid=83794)>: stderr >> |_ |_ |_|[0m v0.32.1+git.dirty built Nov 23 2025
<UciProtocol (pid=83794)>: stderr >> Search algorithm: classic
<UciProtocol (pid=83794)>: stderr >> Loading weights file from: data/engines/maia/maia-1100.pb.gz
<UciProtocol (pid=83793)>: stderr >> [1m[31m       _
<UciProtocol (pid=83793)>: stderr >> |   _ | |
<UciProtocol (pid=83793)>: stderr >> |_ |_ |_|[0m v0.32.1+git.dirty built Nov 23 2025
<UciProtocol (pid=83793)>: stderr >> Search algorithm: classic
<UciProtocol (pid=83793)>: stderr >> Loading weights file from: data/engines/maia/maia-1500.pb.gz
<UciProtocol (pid=83791)>: stderr >> Initialized metal backend on device Apple M3 Pro
<UciProtocol (pid=83792)>: stderr >> Initialized metal backend on device Apple M3 Pro
<UciProtocol (pid=83794)>: stderr >> Initialized metal backend on device Apple M3 Pro
<UciProtocol (pid=83793)>: stderr >> Initialized metal backend on device Apple M3 Pro
<UciProtocol (pid=83795)>: stderr >> [1m[31m       _
<UciProtocol (pid=83795)>: stderr >> |   _ | |
<UciProtocol (pid=83795)>: stderr >> |_ |_ |_|[0m v0.32.1+git.dirty built Nov 23 2025
<UciProtocol (pid=83795)>: stderr >> Search algorithm: classic
<UciProtocol (pid=83795)>: stderr >> Loading weights file from: data/engines/maia/maia-1100.pb.gz
<UciProtocol (pid=83795)>: stderr >> Initialized metal backend on device Apple M3 Pro
<UciProtocol (pid=83796)>: stderr >> [1m[31m       _
<UciProtocol (pid=83796)>: stderr >> |   _ | |
<UciProtocol (pid=83796)>: stderr >> |_ |_ |_|[0m v0.32.1+git.dirty built Nov 23 2025
<UciProtocol (pid=83796)>: stderr >> Search algorithm: classic
<UciProtocol (pid=83796)>: stderr >> Loading weights file from: data/engines/maia/maia-1900.pb.gz
<UciProtocol (pid=83797)>: stderr >> [1m[31m       _
<UciProtocol (pid=83797)>: stderr >> |   _ | |
<UciProtocol (pid=83797)>: stderr >> |_ |_ |_|[0m v0.32.1+git.dirty built Nov 23 2025
<UciProtocol (pid=83797)>: stderr >> Search algorithm: classic
<UciProtocol (pid=83797)>: stderr >> Loading weights file from: data/engines/maia/maia-1500.pb.gz
<UciProtocol (pid=83798)>: stderr >> [1m[31m       _
<UciProtocol (pid=83798)>: stderr >> |   _ | |
<UciProtocol (pid=83798)>: stderr >> |_ |_ |_|[0m v0.32.1+git.dirty built Nov 23 2025
<UciProtocol (pid=83798)>: stderr >> Search algorithm: classic
<UciProtocol (pid=83798)>: stderr >> Loading weights file from: data/engines/maia/maia-1900.pb.gz
<UciProtocol (pid=83799)>: stderr >> [1m[31m       _
<UciProtocol (pid=83799)>: stderr >> |   _ | |
<UciProtocol (pid=83799)>: stderr >> |_ |_ |_|[0m v0.32.1+git.dirty built Nov 23 2025
<UciProtocol (pid=83799)>: stderr >> Search algorithm: classic
<UciProtocol (pid=83796)>: stderr >> Initialized metal backend on device Apple M3 Pro
<UciProtocol (pid=83799)>: stderr >> Loading weights file from: data/engines/maia/maia-1500.pb.gz
<UciProtocol (pid=83797)>: stderr >> Initialized metal backend on device Apple M3 Pro
<UciProtocol (pid=83798)>: stderr >> Initialized metal backend on device Apple M3 Pro
<UciProtocol (pid=83800)>: stderr >> [1m[31m       _
<UciProtocol (pid=83800)>: stderr >> |   _ | |
<UciProtocol (pid=83800)>: stderr >> |_ |_ |_|[0m v0.32.1+git.dirty built Nov 23 2025
<UciProtocol (pid=83800)>: stderr >> Search algorithm: classic
<UciProtocol (pid=83800)>: stderr >> Loading weights file from: data/engines/maia/maia-1500.pb.gz
<UciProtocol (pid=83801)>: stderr >> [1m[31m       _
<UciProtocol (pid=83801)>: stderr >> |   _ | |
<UciProtocol (pid=83801)>: stderr >> |_ |_ |_|[0m v0.32.1+git.dirty built Nov 23 2025
<UciProtocol (pid=83801)>: stderr >> Search algorithm: classic
<UciProtocol (pid=83801)>: stderr >> Loading weights file from: data/engines/maia/maia-1900.pb.gz
<UciProtocol (pid=83799)>: stderr >> Initialized metal backend on device Apple M3 Pro
<UciProtocol (pid=83800)>: stderr >> Initialized metal backend on device Apple M3 Pro
<UciProtocol (pid=83802)>: stderr >> [1m[31m       _
<UciProtocol (pid=83802)>: stderr >> |   _ | |
<UciProtocol (pid=83802)>: stderr >> |_ |_ |_|[0m v0.32.1+git.dirty built Nov 23 2025
<UciProtocol (pid=83802)>: stderr >> Search algorithm: classic
<UciProtocol (pid=83802)>: stderr >> Loading weights file from: data/engines/maia/maia-1500.pb.gz
<UciProtocol (pid=83801)>: stderr >> Initialized metal backend on device Apple M3 Pro
<UciProtocol (pid=83802)>: stderr >> Initialized metal backend on device Apple M3 Pro
<UciProtocol (pid=83803)>: stderr >> [1m[31m       _
<UciProtocol (pid=83803)>: stderr >> |   _ | |
<UciProtocol (pid=83803)>: stderr >> |_ |_ |_|[0m v0.32.1+git.dirty built Nov 23 2025
<UciProtocol (pid=83803)>: stderr >> Search algorithm: classic
<UciProtocol (pid=83803)>: stderr >> Loading weights file from: data/engines/maia/maia-1900.pb.gz
<UciProtocol (pid=83804)>: stderr >> [1m[31m       _
<UciProtocol (pid=83804)>: stderr >> |   _ | |
<UciProtocol (pid=83804)>: stderr >> |_ |_ |_|[0m v0.32.1+git.dirty built Nov 23 2025
<UciProtocol (pid=83804)>: stderr >> Search algorithm: classic
<UciProtocol (pid=83804)>: stderr >> Loading weights file from: data/engines/maia/maia-1900.pb.gz
<UciProtocol (pid=83803)>: stderr >> Initialized metal backend on device Apple M3 Pro
<UciProtocol (pid=83805)>: stderr >> [1m[31m       _
<UciProtocol (pid=83805)>: stderr >> |   _ | |
<UciProtocol (pid=83805)>: stderr >> |_ |_ |_|[0m v0.32.1+git.dirty built Nov 23 2025
<UciProtocol (pid=83805)>: stderr >> Search algorithm: classic
<UciProtocol (pid=83805)>: stderr >> Loading weights file from: data/engines/maia/maia-1900.pb.gz
<UciProtocol (pid=83804)>: stderr >> Initialized metal backend on device Apple M3 Pro
<UciProtocol (pid=83806)>: stderr >> [1m[31m       _
<UciProtocol (pid=83806)>: stderr >> |   _ | |
<UciProtocol (pid=83806)>: stderr >> |_ |_ |_|[0m v0.32.1+git.dirty built Nov 23 2025
<UciProtocol (pid=83806)>: stderr >> Search algorithm: classic
<UciProtocol (pid=83806)>: stderr >> Loading weights file from: data/engines/maia/maia-1900.pb.gz
<UciProtocol (pid=83805)>: stderr >> Initialized metal backend on device Apple M3 Pro
<UciProtocol (pid=83806)>: stderr >> Initialized metal backend on device Apple M3 Pro
[daemon] shards 288  anchors 37,800  rows 3,838,071  (27,108/hr)  [5020s]
<UciProtocol (pid=84318)>: stderr >> [1m[31m       _
<UciProtocol (pid=84317)>: stderr >> [1m[31m       _
<UciProtocol (pid=84318)>: stderr >> |   _ | |
<UciProtocol (pid=84317)>: stderr >> |   _ | |
<UciProtocol (pid=84318)>: stderr >> |_ |_ |_|[0m v0.32.1+git.dirty built Nov 23 2025
<UciProtocol (pid=84317)>: stderr >> |_ |_ |_|[0m v0.32.1+git.dirty built Nov 23 2025
<UciProtocol (pid=84317)>: stderr >> Search algorithm: classic
<UciProtocol (pid=84318)>: stderr >> Search algorithm: classic
<UciProtocol (pid=84317)>: stderr >> Loading weights file from: data/engines/maia/maia-1100.pb.gz
<UciProtocol (pid=84318)>: stderr >> Loading weights file from: data/engines/maia/maia-1100.pb.gz
<UciProtocol (pid=84317)>: stderr >> Initialized metal backend on device Apple M3 Pro
<UciProtocol (pid=84318)>: stderr >> Initialized metal backend on device Apple M3 Pro
<UciProtocol (pid=84324)>: stderr >> [1m[31m       _
<UciProtocol (pid=84324)>: stderr >> |   _ | |
<UciProtocol (pid=84324)>: stderr >> |_ |_ |_|[0m v0.32.1+git.dirty built Nov 23 2025
<UciProtocol (pid=84324)>: stderr >> Search algorithm: classic
<UciProtocol (pid=84324)>: stderr >> Loading weights file from: data/engines/maia/maia-1100.pb.gz
<UciProtocol (pid=84325)>: stderr >> [1m[31m       _
<UciProtocol (pid=84325)>: stderr >> |   _ | |
<UciProtocol (pid=84325)>: stderr >> |_ |_ |_|[0m v0.32.1+git.dirty built Nov 23 2025
<UciProtocol (pid=84325)>: stderr >> Search algorithm: classic
<UciProtocol (pid=84325)>: stderr >> Loading weights file from: data/engines/maia/maia-1100.pb.gz
<UciProtocol (pid=84324)>: stderr >> Initialized metal backend on device Apple M3 Pro
<UciProtocol (pid=84325)>: stderr >> Initialized metal backend on device Apple M3 Pro
<UciProtocol (pid=84326)>: stderr >> [1m[31m       _
<UciProtocol (pid=84326)>: stderr >> |   _ | |
<UciProtocol (pid=84326)>: stderr >> |_ |_ |_|[0m v0.32.1+git.dirty built Nov 23 2025
<UciProtocol (pid=84326)>: stderr >> Search algorithm: classic
<UciProtocol (pid=84326)>: stderr >> Loading weights file from: data/engines/maia/maia-1100.pb.gz
<UciProtocol (pid=84326)>: stderr >> Initialized metal backend on device Apple M3 Pro
<UciProtocol (pid=84328)>: stderr >> [1m[31m       _
<UciProtocol (pid=84328)>: stderr >> |   _ | |
<UciProtocol (pid=84328)>: stderr >> |_ |_ |_|[0m v0.32.1+git.dirty built Nov 23 2025
<UciProtocol (pid=84328)>: stderr >> Search algorithm: classic
<UciProtocol (pid=84329)>: stderr >> [1m[31m       _
<UciProtocol (pid=84329)>: stderr >> |   _ | |
<UciProtocol (pid=84329)>: stderr >> |_ |_ |_|[0m v0.32.1+git.dirty built Nov 23 2025
<UciProtocol (pid=84328)>: stderr >> Loading weights file from: data/engines/maia/maia-1500.pb.gz
<UciProtocol (pid=84329)>: stderr >> Search algorithm: classic
<UciProtocol (pid=84329)>: stderr >> Loading weights file from: data/engines/maia/maia-1500.pb.gz
<UciProtocol (pid=84330)>: stderr >> [1m[31m       _
<UciProtocol (pid=84330)>: stderr >> |   _ | |
<UciProtocol (pid=84330)>: stderr >> |_ |_ |_|[0m v0.32.1+git.dirty built Nov 23 2025
<UciProtocol (pid=84330)>: stderr >> Search algorithm: classic
<UciProtocol (pid=84330)>: stderr >> Loading weights file from: data/engines/maia/maia-1500.pb.gz
<UciProtocol (pid=84331)>: stderr >> [1m[31m       _
<UciProtocol (pid=84331)>: stderr >> |   _ | |
<UciProtocol (pid=84331)>: stderr >> |_ |_ |_|[0m v0.32.1+git.dirty built Nov 23 2025
<UciProtocol (pid=84331)>: stderr >> Search algorithm: classic
<UciProtocol (pid=84331)>: stderr >> Loading weights file from: data/engines/maia/maia-1500.pb.gz
<UciProtocol (pid=84329)>: stderr >> Initialized metal backend on device Apple M3 Pro
<UciProtocol (pid=84328)>: stderr >> Initialized metal backend on device Apple M3 Pro
<UciProtocol (pid=84330)>: stderr >> Initialized metal backend on device Apple M3 Pro
<UciProtocol (pid=84331)>: stderr >> Initialized metal backend on device Apple M3 Pro
<UciProtocol (pid=84333)>: stderr >> [1m[31m       _
<UciProtocol (pid=84333)>: stderr >> |   _ | |
<UciProtocol (pid=84333)>: stderr >> |_ |_ |_|[0m v0.32.1+git.dirty built Nov 23 2025
<UciProtocol (pid=84333)>: stderr >> Search algorithm: classic
<UciProtocol (pid=84333)>: stderr >> Loading weights file from: data/engines/maia/maia-1500.pb.gz
<UciProtocol (pid=84333)>: stderr >> Initialized metal backend on device Apple M3 Pro
<UciProtocol (pid=84334)>: stderr >> [1m[31m       _
<UciProtocol (pid=84334)>: stderr >> |   _ | |
<UciProtocol (pid=84334)>: stderr >> |_ |_ |_|[0m v0.32.1+git.dirty built Nov 23 2025
<UciProtocol (pid=84334)>: stderr >> Search algorithm: classic
<UciProtocol (pid=84335)>: stderr >> [1m[31m       _
<UciProtocol (pid=84335)>: stderr >> |   _ | |
<UciProtocol (pid=84335)>: stderr >> |_ |_ |_|[0m v0.32.1+git.dirty built Nov 23 2025
<UciProtocol (pid=84334)>: stderr >> Loading weights file from: data/engines/maia/maia-1900.pb.gz
<UciProtocol (pid=84335)>: stderr >> Search algorithm: classic
<UciProtocol (pid=84335)>: stderr >> Loading weights file from: data/engines/maia/maia-1900.pb.gz
<UciProtocol (pid=84336)>: stderr >> [1m[31m       _
<UciProtocol (pid=84337)>: stderr >> [1m[31m       _
<UciProtocol (pid=84336)>: stderr >> |   _ | |
<UciProtocol (pid=84337)>: stderr >> |   _ | |
<UciProtocol (pid=84336)>: stderr >> |_ |_ |_|[0m v0.32.1+git.dirty built Nov 23 2025
<UciProtocol (pid=84337)>: stderr >> |_ |_ |_|[0m v0.32.1+git.dirty built Nov 23 2025
<UciProtocol (pid=84336)>: stderr >> Search algorithm: classic
<UciProtocol (pid=84337)>: stderr >> Search algorithm: classic
<UciProtocol (pid=84336)>: stderr >> Loading weights file from: data/engines/maia/maia-1900.pb.gz
<UciProtocol (pid=84337)>: stderr >> Loading weights file from: data/engines/maia/maia-1900.pb.gz
<UciProtocol (pid=84335)>: stderr >> Initialized metal backend on device Apple M3 Pro
<UciProtocol (pid=84334)>: stderr >> Initialized metal backend on device Apple M3 Pro
<UciProtocol (pid=84337)>: stderr >> Initialized metal backend on device Apple M3 Pro
<UciProtocol (pid=84336)>: stderr >> Initialized metal backend on device Apple M3 Pro
<UciProtocol (pid=84338)>: stderr >> [1m[31m       _
<UciProtocol (pid=84338)>: stderr >> |   _ | |
<UciProtocol (pid=84338)>: stderr >> |_ |_ |_|[0m v0.32.1+git.dirty built Nov 23 2025
<UciProtocol (pid=84338)>: stderr >> Search algorithm: classic
<UciProtocol (pid=84338)>: stderr >> Loading weights file from: data/engines/maia/maia-1100.pb.gz
<UciProtocol (pid=84338)>: stderr >> Initialized metal backend on device Apple M3 Pro
<UciProtocol (pid=84339)>: stderr >> [1m[31m       _
<UciProtocol (pid=84339)>: stderr >> |   _ | |
<UciProtocol (pid=84339)>: stderr >> |_ |_ |_|[0m v0.32.1+git.dirty built Nov 23 2025
<UciProtocol (pid=84339)>: stderr >> Search algorithm: classic
<UciProtocol (pid=84339)>: stderr >> Loading weights file from: data/engines/maia/maia-1900.pb.gz
<UciProtocol (pid=84339)>: stderr >> Initialized metal backend on device Apple M3 Pro
<UciProtocol (pid=84340)>: stderr >> [1m[31m       _
<UciProtocol (pid=84340)>: stderr >> |   _ | |
<UciProtocol (pid=84340)>: stderr >> |_ |_ |_|[0m v0.32.1+git.dirty built Nov 23 2025
<UciProtocol (pid=84340)>: stderr >> Search algorithm: classic
<UciProtocol (pid=84340)>: stderr >> Loading weights file from: data/engines/maia/maia-1100.pb.gz
<UciProtocol (pid=84340)>: stderr >> Initialized metal backend on device Apple M3 Pro
<UciProtocol (pid=84342)>: stderr >> [1m[31m       _
<UciProtocol (pid=84342)>: stderr >> |   _ | |
<UciProtocol (pid=84342)>: stderr >> |_ |_ |_|[0m v0.32.1+git.dirty built Nov 23 2025
<UciProtocol (pid=84342)>: stderr >> Search algorithm: classic
<UciProtocol (pid=84342)>: stderr >> Loading weights file from: data/engines/maia/maia-1500.pb.gz
<UciProtocol (pid=84342)>: stderr >> Initialized metal backend on device Apple M3 Pro
<UciProtocol (pid=84348)>: stderr >> [1m[31m       _
<UciProtocol (pid=84348)>: stderr >> |   _ | |
<UciProtocol (pid=84348)>: stderr >> |_ |_ |_|[0m v0.32.1+git.dirty built Nov 23 2025
<UciProtocol (pid=84348)>: stderr >> Search algorithm: classic
<UciProtocol (pid=84348)>: stderr >> Loading weights file from: data/engines/maia/maia-1500.pb.gz
<UciProtocol (pid=84348)>: stderr >> Initialized metal backend on device Apple M3 Pro
<UciProtocol (pid=84349)>: stderr >> [1m[31m       _
<UciProtocol (pid=84349)>: stderr >> |   _ | |
<UciProtocol (pid=84349)>: stderr >> |_ |_ |_|[0m v0.32.1+git.dirty built Nov 23 2025
<UciProtocol (pid=84349)>: stderr >> Search algorithm: classic
<UciProtocol (pid=84349)>: stderr >> Loading weights file from: data/engines/maia/maia-1900.pb.gz
<UciProtocol (pid=84349)>: stderr >> Initialized metal backend on device Apple M3 Pro
<UciProtocol (pid=84351)>: stderr >> [1m[31m       _
<UciProtocol (pid=84351)>: stderr >> |   _ | |
<UciProtocol (pid=84351)>: stderr >> |_ |_ |_|[0m v0.32.1+git.dirty built Nov 23 2025
<UciProtocol (pid=84351)>: stderr >> Search algorithm: classic
<UciProtocol (pid=84351)>: stderr >> Loading weights file from: data/engines/maia/maia-1900.pb.gz
<UciProtocol (pid=84351)>: stderr >> Initialized metal backend on device Apple M3 Pro
[daemon] shards 295  anchors 39,200  rows 3,980,270  (27,077/hr)  [5212s]
<UciProtocol (pid=84880)>: stderr >> [1m[31m       _
<UciProtocol (pid=84880)>: stderr >> |   _ | |
<UciProtocol (pid=84880)>: stderr >> |_ |_ |_|[0m v0.32.1+git.dirty built Nov 23 2025
<UciProtocol (pid=84880)>: stderr >> Search algorithm: classic
<UciProtocol (pid=84880)>: stderr >> Loading weights file from: data/engines/maia/maia-1100.pb.gz
<UciProtocol (pid=84880)>: stderr >> Initialized metal backend on device Apple M3 Pro
<UciProtocol (pid=84884)>: stderr >> [1m[31m       _
<UciProtocol (pid=84884)>: stderr >> |   _ | |
<UciProtocol (pid=84884)>: stderr >> |_ |_ |_|[0m v0.32.1+git.dirty built Nov 23 2025
<UciProtocol (pid=84884)>: stderr >> Search algorithm: classic
<UciProtocol (pid=84884)>: stderr >> Loading weights file from: data/engines/maia/maia-1500.pb.gz
<UciProtocol (pid=84884)>: stderr >> Initialized metal backend on device Apple M3 Pro
<UciProtocol (pid=84885)>: stderr >> [1m[31m       _
<UciProtocol (pid=84885)>: stderr >> |   _ | |
<UciProtocol (pid=84885)>: stderr >> |_ |_ |_|[0m v0.32.1+git.dirty built Nov 23 2025
<UciProtocol (pid=84885)>: stderr >> Search algorithm: classic
<UciProtocol (pid=84885)>: stderr >> Loading weights file from: data/engines/maia/maia-1100.pb.gz
<UciProtocol (pid=84885)>: stderr >> Initialized metal backend on device Apple M3 Pro
<UciProtocol (pid=84893)>: stderr >> [1m[31m       _
<UciProtocol (pid=84893)>: stderr >> |   _ | |
<UciProtocol (pid=84893)>: stderr >> |_ |_ |_|[0m v0.32.1+git.dirty built Nov 23 2025
<UciProtocol (pid=84893)>: stderr >> Search algorithm: classic
<UciProtocol (pid=84893)>: stderr >> Loading weights file from: data/engines/maia/maia-1100.pb.gz
<UciProtocol (pid=84894)>: stderr >> [1m[31m       _
<UciProtocol (pid=84894)>: stderr >> |   _ | |
<UciProtocol (pid=84894)>: stderr >> |_ |_ |_|[0m v0.32.1+git.dirty built Nov 23 2025
<UciProtocol (pid=84894)>: stderr >> Search algorithm: classic
<UciProtocol (pid=84894)>: stderr >> Loading weights file from: data/engines/maia/maia-1100.pb.gz
<UciProtocol (pid=84894)>: stderr >> Initialized metal backend on device Apple M3 Pro
<UciProtocol (pid=84893)>: stderr >> Initialized metal backend on device Apple M3 Pro
<UciProtocol (pid=84895)>: stderr >> [1m[31m       _
<UciProtocol (pid=84895)>: stderr >> |   _ | |
<UciProtocol (pid=84895)>: stderr >> |_ |_ |_|[0m v0.32.1+git.dirty built Nov 23 2025
<UciProtocol (pid=84895)>: stderr >> Search algorithm: classic
<UciProtocol (pid=84895)>: stderr >> Loading weights file from: data/engines/maia/maia-1900.pb.gz
<UciProtocol (pid=84895)>: stderr >> Initialized metal backend on device Apple M3 Pro
<UciProtocol (pid=84896)>: stderr >> [1m[31m       _
<UciProtocol (pid=84896)>: stderr >> |   _ | |
<UciProtocol (pid=84896)>: stderr >> |_ |_ |_|[0m v0.32.1+git.dirty built Nov 23 2025
<UciProtocol (pid=84896)>: stderr >> Search algorithm: classic
<UciProtocol (pid=84896)>: stderr >> Loading weights file from: data/engines/maia/maia-1500.pb.gz
<UciProtocol (pid=84896)>: stderr >> Initialized metal backend on device Apple M3 Pro
<UciProtocol (pid=84897)>: stderr >> [1m[31m       _
<UciProtocol (pid=84897)>: stderr >> |   _ | |
<UciProtocol (pid=84897)>: stderr >> |_ |_ |_|[0m v0.32.1+git.dirty built Nov 23 2025
<UciProtocol (pid=84898)>: stderr >> [1m[31m       _
<UciProtocol (pid=84898)>: stderr >> |   _ | |
<UciProtocol (pid=84898)>: stderr >> |_ |_ |_|[0m v0.32.1+git.dirty built Nov 23 2025
<UciProtocol (pid=84897)>: stderr >> Search algorithm: classic
<UciProtocol (pid=84898)>: stderr >> Search algorithm: classic
<UciProtocol (pid=84897)>: stderr >> Loading weights file from: data/engines/maia/maia-1500.pb.gz
<UciProtocol (pid=84898)>: stderr >> Loading weights file from: data/engines/maia/maia-1500.pb.gz
<UciProtocol (pid=84897)>: stderr >> Initialized metal backend on device Apple M3 Pro
<UciProtocol (pid=84898)>: stderr >> Initialized metal backend on device Apple M3 Pro
<UciProtocol (pid=84900)>: stderr >> [1m[31m       _
<UciProtocol (pid=84900)>: stderr >> |   _ | |
<UciProtocol (pid=84900)>: stderr >> |_ |_ |_|[0m v0.32.1+git.dirty built Nov 23 2025
<UciProtocol (pid=84900)>: stderr >> Search algorithm: classic
<UciProtocol (pid=84899)>: stderr >> [1m[31m       _
<UciProtocol (pid=84899)>: stderr >> |   _ | |
<UciProtocol (pid=84899)>: stderr >> |_ |_ |_|[0m v0.32.1+git.dirty built Nov 23 2025
<UciProtocol (pid=84899)>: stderr >> Search algorithm: classic
<UciProtocol (pid=84900)>: stderr >> Loading weights file from: data/engines/maia/maia-1100.pb.gz
<UciProtocol (pid=84899)>: stderr >> Loading weights file from: data/engines/maia/maia-1100.pb.gz
<UciProtocol (pid=84901)>: stderr >> [1m[31m       _
<UciProtocol (pid=84901)>: stderr >> |   _ | |
<UciProtocol (pid=84901)>: stderr >> |_ |_ |_|[0m v0.32.1+git.dirty built Nov 23 2025
<UciProtocol (pid=84899)>: stderr >> Initialized metal backend on device Apple M3 Pro
<UciProtocol (pid=84900)>: stderr >> Initialized metal backend on device Apple M3 Pro
<UciProtocol (pid=84901)>: stderr >> Search algorithm: classic
<UciProtocol (pid=84901)>: stderr >> Loading weights file from: data/engines/maia/maia-1900.pb.gz
<UciProtocol (pid=84902)>: stderr >> [1m[31m       _
<UciProtocol (pid=84902)>: stderr >> |   _ | |
<UciProtocol (pid=84902)>: stderr >> |_ |_ |_|[0m v0.32.1+git.dirty built Nov 23 2025
<UciProtocol (pid=84902)>: stderr >> Search algorithm: classic
<UciProtocol (pid=84902)>: stderr >> Loading weights file from: data/engines/maia/maia-1100.pb.gz
<UciProtocol (pid=84901)>: stderr >> Initialized metal backend on device Apple M3 Pro
<UciProtocol (pid=84902)>: stderr >> Initialized metal backend on device Apple M3 Pro
<UciProtocol (pid=84903)>: stderr >> [1m[31m       _
<UciProtocol (pid=84903)>: stderr >> |   _ | |
<UciProtocol (pid=84903)>: stderr >> |_ |_ |_|[0m v0.32.1+git.dirty built Nov 23 2025
<UciProtocol (pid=84903)>: stderr >> Search algorithm: classic
<UciProtocol (pid=84903)>: stderr >> Loading weights file from: data/engines/maia/maia-1900.pb.gz
<UciProtocol (pid=84904)>: stderr >> [1m[31m       _
<UciProtocol (pid=84904)>: stderr >> |   _ | |
<UciProtocol (pid=84904)>: stderr >> |_ |_ |_|[0m v0.32.1+git.dirty built Nov 23 2025
<UciProtocol (pid=84904)>: stderr >> Search algorithm: classic
<UciProtocol (pid=84904)>: stderr >> Loading weights file from: data/engines/maia/maia-1900.pb.gz
<UciProtocol (pid=84903)>: stderr >> Initialized metal backend on device Apple M3 Pro
<UciProtocol (pid=84904)>: stderr >> Initialized metal backend on device Apple M3 Pro
<UciProtocol (pid=84905)>: stderr >> [1m[31m       _
<UciProtocol (pid=84905)>: stderr >> |   _ | |
<UciProtocol (pid=84905)>: stderr >> |_ |_ |_|[0m v0.32.1+git.dirty built Nov 23 2025
<UciProtocol (pid=84905)>: stderr >> Search algorithm: classic
<UciProtocol (pid=84905)>: stderr >> Loading weights file from: data/engines/maia/maia-1500.pb.gz
<UciProtocol (pid=84906)>: stderr >> [1m[31m       _
<UciProtocol (pid=84906)>: stderr >> |   _ | |
<UciProtocol (pid=84906)>: stderr >> |_ |_ |_|[0m v0.32.1+git.dirty built Nov 23 2025
<UciProtocol (pid=84906)>: stderr >> Search algorithm: classic
<UciProtocol (pid=84906)>: stderr >> Loading weights file from: data/engines/maia/maia-1500.pb.gz
<UciProtocol (pid=84905)>: stderr >> Initialized metal backend on device Apple M3 Pro
<UciProtocol (pid=84906)>: stderr >> Initialized metal backend on device Apple M3 Pro
<UciProtocol (pid=84907)>: stderr >> [1m[31m       _
<UciProtocol (pid=84907)>: stderr >> |   _ | |
<UciProtocol (pid=84907)>: stderr >> |_ |_ |_|[0m v0.32.1+git.dirty built Nov 23 2025
<UciProtocol (pid=84907)>: stderr >> Search algorithm: classic
<UciProtocol (pid=84907)>: stderr >> Loading weights file from: data/engines/maia/maia-1500.pb.gz
<UciProtocol (pid=84907)>: stderr >> Initialized metal backend on device Apple M3 Pro
<UciProtocol (pid=84908)>: stderr >> [1m[31m       _
<UciProtocol (pid=84908)>: stderr >> |   _ | |
<UciProtocol (pid=84908)>: stderr >> |_ |_ |_|[0m v0.32.1+git.dirty built Nov 23 2025
<UciProtocol (pid=84908)>: stderr >> Search algorithm: classic
<UciProtocol (pid=84908)>: stderr >> Loading weights file from: data/engines/maia/maia-1900.pb.gz
<UciProtocol (pid=84909)>: stderr >> [1m[31m       _
<UciProtocol (pid=84909)>: stderr >> |   _ | |
<UciProtocol (pid=84909)>: stderr >> |_ |_ |_|[0m v0.32.1+git.dirty built Nov 23 2025
<UciProtocol (pid=84909)>: stderr >> Search algorithm: classic
<UciProtocol (pid=84909)>: stderr >> Loading weights file from: data/engines/maia/maia-1900.pb.gz
<UciProtocol (pid=84908)>: stderr >> Initialized metal backend on device Apple M3 Pro
<UciProtocol (pid=84909)>: stderr >> Initialized metal backend on device Apple M3 Pro
<UciProtocol (pid=84910)>: stderr >> [1m[31m       _
<UciProtocol (pid=84910)>: stderr >> |   _ | |
<UciProtocol (pid=84910)>: stderr >> |_ |_ |_|[0m v0.32.1+git.dirty built Nov 23 2025
<UciProtocol (pid=84910)>: stderr >> Search algorithm: classic
<UciProtocol (pid=84910)>: stderr >> Loading weights file from: data/engines/maia/maia-1900.pb.gz
<UciProtocol (pid=84910)>: stderr >> Initialized metal backend on device Apple M3 Pro
[daemon] shards 302  anchors 40,600  rows 4,122,474  (26,968/hr)  [5420s]
<UciProtocol (pid=85534)>: stderr >> [1m[31m       _
<UciProtocol (pid=85534)>: stderr >> |   _ | |
<UciProtocol (pid=85534)>: stderr >> |_ |_ |_|[0m v0.32.1+git.dirty built Nov 23 2025
<UciProtocol (pid=85534)>: stderr >> Search algorithm: classic
<UciProtocol (pid=85534)>: stderr >> Loading weights file from: data/engines/maia/maia-1100.pb.gz
<UciProtocol (pid=85534)>: stderr >> Initialized metal backend on device Apple M3 Pro
<UciProtocol (pid=85536)>: stderr >> [1m[31m       _
<UciProtocol (pid=85536)>: stderr >> |   _ | |
<UciProtocol (pid=85536)>: stderr >> |_ |_ |_|[0m v0.32.1+git.dirty built Nov 23 2025
<UciProtocol (pid=85536)>: stderr >> Search algorithm: classic
<UciProtocol (pid=85536)>: stderr >> Loading weights file from: data/engines/maia/maia-1100.pb.gz
<UciProtocol (pid=85537)>: stderr >> [1m[31m       _
<UciProtocol (pid=85537)>: stderr >> |   _ | |
<UciProtocol (pid=85537)>: stderr >> |_ |_ |_|[0m v0.32.1+git.dirty built Nov 23 2025
<UciProtocol (pid=85537)>: stderr >> Search algorithm: classic
<UciProtocol (pid=85536)>: stderr >> Initialized metal backend on device Apple M3 Pro
<UciProtocol (pid=85537)>: stderr >> Loading weights file from: data/engines/maia/maia-1100.pb.gz
<UciProtocol (pid=85538)>: stderr >> [1m[31m       _
<UciProtocol (pid=85538)>: stderr >> |   _ | |
<UciProtocol (pid=85538)>: stderr >> |_ |_ |_|[0m v0.32.1+git.dirty built Nov 23 2025
<UciProtocol (pid=85538)>: stderr >> Search algorithm: classic
<UciProtocol (pid=85539)>: stderr >> [1m[31m       _
<UciProtocol (pid=85539)>: stderr >> |   _ | |
<UciProtocol (pid=85539)>: stderr >> |_ |_ |_|[0m v0.32.1+git.dirty built Nov 23 2025
<UciProtocol (pid=85539)>: stderr >> Search algorithm: classic
<UciProtocol (pid=85538)>: stderr >> Loading weights file from: data/engines/maia/maia-1100.pb.gz
<UciProtocol (pid=85539)>: stderr >> Loading weights file from: data/engines/maia/maia-1100.pb.gz
<UciProtocol (pid=85537)>: stderr >> Initialized metal backend on device Apple M3 Pro
<UciProtocol (pid=85538)>: stderr >> Initialized metal backend on device Apple M3 Pro
<UciProtocol (pid=85539)>: stderr >> Initialized metal backend on device Apple M3 Pro
<UciProtocol (pid=85548)>: stderr >> [1m[31m       _
<UciProtocol (pid=85548)>: stderr >> |   _ | |
<UciProtocol (pid=85548)>: stderr >> |_ |_ |_|[0m v0.32.1+git.dirty built Nov 23 2025
<UciProtocol (pid=85548)>: stderr >> Search algorithm: classic
<UciProtocol (pid=85548)>: stderr >> Loading weights file from: data/engines/maia/maia-1100.pb.gz
<UciProtocol (pid=85548)>: stderr >> Initialized metal backend on device Apple M3 Pro
<UciProtocol (pid=85549)>: stderr >> [1m[31m       _
<UciProtocol (pid=85549)>: stderr >> |   _ | |
<UciProtocol (pid=85549)>: stderr >> |_ |_ |_|[0m v0.32.1+git.dirty built Nov 23 2025
<UciProtocol (pid=85549)>: stderr >> Search algorithm: classic
<UciProtocol (pid=85549)>: stderr >> Loading weights file from: data/engines/maia/maia-1500.pb.gz
<UciProtocol (pid=85550)>: stderr >> [1m[31m       _
<UciProtocol (pid=85550)>: stderr >> |   _ | |
<UciProtocol (pid=85550)>: stderr >> |_ |_ |_|[0m v0.32.1+git.dirty built Nov 23 2025
<UciProtocol (pid=85550)>: stderr >> Search algorithm: classic
<UciProtocol (pid=85549)>: stderr >> Initialized metal backend on device Apple M3 Pro
<UciProtocol (pid=85550)>: stderr >> Loading weights file from: data/engines/maia/maia-1500.pb.gz
<UciProtocol (pid=85550)>: stderr >> Initialized metal backend on device Apple M3 Pro
<UciProtocol (pid=85551)>: stderr >> [1m[31m       _
<UciProtocol (pid=85551)>: stderr >> |   _ | |
<UciProtocol (pid=85551)>: stderr >> |_ |_ |_|[0m v0.32.1+git.dirty built Nov 23 2025
<UciProtocol (pid=85552)>: stderr >> [1m[31m       _
<UciProtocol (pid=85552)>: stderr >> |   _ | |
<UciProtocol (pid=85552)>: stderr >> |_ |_ |_|[0m v0.32.1+git.dirty built Nov 23 2025
<UciProtocol (pid=85551)>: stderr >> Search algorithm: classic
<UciProtocol (pid=85552)>: stderr >> Search algorithm: classic
<UciProtocol (pid=85551)>: stderr >> Loading weights file from: data/engines/maia/maia-1500.pb.gz
<UciProtocol (pid=85553)>: stderr >> [1m[31m       _
<UciProtocol (pid=85553)>: stderr >> |   _ | |
<UciProtocol (pid=85553)>: stderr >> |_ |_ |_|[0m v0.32.1+git.dirty built Nov 23 2025
<UciProtocol (pid=85552)>: stderr >> Loading weights file from: data/engines/maia/maia-1500.pb.gz
<UciProtocol (pid=85553)>: stderr >> Search algorithm: classic
<UciProtocol (pid=85553)>: stderr >> Loading weights file from: data/engines/maia/maia-1500.pb.gz
<UciProtocol (pid=85553)>: stderr >> Initialized metal backend on device Apple M3 Pro
<UciProtocol (pid=85551)>: stderr >> Initialized metal backend on device Apple M3 Pro
<UciProtocol (pid=85552)>: stderr >> Initialized metal backend on device Apple M3 Pro
<UciProtocol (pid=85554)>: stderr >> [1m[31m       _
<UciProtocol (pid=85554)>: stderr >> |   _ | |
<UciProtocol (pid=85554)>: stderr >> |_ |_ |_|[0m v0.32.1+git.dirty built Nov 23 2025
<UciProtocol (pid=85554)>: stderr >> Search algorithm: classic
<UciProtocol (pid=85554)>: stderr >> Loading weights file from: data/engines/maia/maia-1500.pb.gz
<UciProtocol (pid=85555)>: stderr >> [1m[31m       _
<UciProtocol (pid=85555)>: stderr >> |   _ | |
<UciProtocol (pid=85555)>: stderr >> |_ |_ |_|[0m v0.32.1+git.dirty built Nov 23 2025
<UciProtocol (pid=85555)>: stderr >> Search algorithm: classic
<UciProtocol (pid=85555)>: stderr >> Loading weights file from: data/engines/maia/maia-1900.pb.gz
<UciProtocol (pid=85554)>: stderr >> Initialized metal backend on device Apple M3 Pro
<UciProtocol (pid=85555)>: stderr >> Initialized metal backend on device Apple M3 Pro
<UciProtocol (pid=85556)>: stderr >> [1m[31m       _
<UciProtocol (pid=85556)>: stderr >> |   _ | |
<UciProtocol (pid=85556)>: stderr >> |_ |_ |_|[0m v0.32.1+git.dirty built Nov 23 2025
<UciProtocol (pid=85556)>: stderr >> Search algorithm: classic
<UciProtocol (pid=85556)>: stderr >> Loading weights file from: data/engines/maia/maia-1900.pb.gz
<UciProtocol (pid=85556)>: stderr >> Initialized metal backend on device Apple M3 Pro
<UciProtocol (pid=85557)>: stderr >> [1m[31m       _
<UciProtocol (pid=85557)>: stderr >> |   _ | |
<UciProtocol (pid=85557)>: stderr >> |_ |_ |_|[0m v0.32.1+git.dirty built Nov 23 2025
<UciProtocol (pid=85557)>: stderr >> Search algorithm: classic
<UciProtocol (pid=85557)>: stderr >> Loading weights file from: data/engines/maia/maia-1100.pb.gz
<UciProtocol (pid=85557)>: stderr >> Initialized metal backend on device Apple M3 Pro
<UciProtocol (pid=85558)>: stderr >> [1m[31m       _
<UciProtocol (pid=85558)>: stderr >> |   _ | |
<UciProtocol (pid=85558)>: stderr >> |_ |_ |_|[0m v0.32.1+git.dirty built Nov 23 2025
<UciProtocol (pid=85558)>: stderr >> Search algorithm: classic
<UciProtocol (pid=85558)>: stderr >> Loading weights file from: data/engines/maia/maia-1900.pb.gz
<UciProtocol (pid=85559)>: stderr >> [1m[31m       _
<UciProtocol (pid=85559)>: stderr >> |   _ | |
<UciProtocol (pid=85559)>: stderr >> |_ |_ |_|[0m v0.32.1+git.dirty built Nov 23 2025
<UciProtocol (pid=85559)>: stderr >> Search algorithm: classic
<UciProtocol (pid=85560)>: stderr >> [1m[31m       _
<UciProtocol (pid=85560)>: stderr >> |   _ | |
<UciProtocol (pid=85560)>: stderr >> |_ |_ |_|[0m v0.32.1+git.dirty built Nov 23 2025
<UciProtocol (pid=85559)>: stderr >> Loading weights file from: data/engines/maia/maia-1900.pb.gz
<UciProtocol (pid=85560)>: stderr >> Search algorithm: classic
<UciProtocol (pid=85560)>: stderr >> Loading weights file from: data/engines/maia/maia-1900.pb.gz
<UciProtocol (pid=85558)>: stderr >> Initialized metal backend on device Apple M3 Pro
<UciProtocol (pid=85560)>: stderr >> Initialized metal backend on device Apple M3 Pro
<UciProtocol (pid=85559)>: stderr >> Initialized metal backend on device Apple M3 Pro
<UciProtocol (pid=85561)>: stderr >> [1m[31m       _
<UciProtocol (pid=85561)>: stderr >> |   _ | |
<UciProtocol (pid=85561)>: stderr >> |_ |_ |_|[0m v0.32.1+git.dirty built Nov 23 2025
<UciProtocol (pid=85561)>: stderr >> Search algorithm: classic
<UciProtocol (pid=85561)>: stderr >> Loading weights file from: data/engines/maia/maia-1900.pb.gz
<UciProtocol (pid=85561)>: stderr >> Initialized metal backend on device Apple M3 Pro
<UciProtocol (pid=85562)>: stderr >> [1m[31m       _
<UciProtocol (pid=85562)>: stderr >> |   _ | |
<UciProtocol (pid=85562)>: stderr >> |_ |_ |_|[0m v0.32.1+git.dirty built Nov 23 2025
<UciProtocol (pid=85562)>: stderr >> Search algorithm: classic
<UciProtocol (pid=85562)>: stderr >> Loading weights file from: data/engines/maia/maia-1500.pb.gz
<UciProtocol (pid=85562)>: stderr >> Initialized metal backend on device Apple M3 Pro
<UciProtocol (pid=85563)>: stderr >> [1m[31m       _
<UciProtocol (pid=85563)>: stderr >> |   _ | |
<UciProtocol (pid=85563)>: stderr >> |_ |_ |_|[0m v0.32.1+git.dirty built Nov 23 2025
<UciProtocol (pid=85563)>: stderr >> Search algorithm: classic
<UciProtocol (pid=85563)>: stderr >> Loading weights file from: data/engines/maia/maia-1900.pb.gz
<UciProtocol (pid=85563)>: stderr >> Initialized metal backend on device Apple M3 Pro
[daemon] shards 309  anchors 42,000  rows 4,263,300  (27,050/hr)  [5590s]
<UciProtocol (pid=86029)>: stderr >> [1m[31m       _
<UciProtocol (pid=86029)>: stderr >> |   _ | |
<UciProtocol (pid=86029)>: stderr >> |_ |_ |_|[0m v0.32.1+git.dirty built Nov 23 2025
<UciProtocol (pid=86029)>: stderr >> Search algorithm: classic
<UciProtocol (pid=86029)>: stderr >> Loading weights file from: data/engines/maia/maia-1100.pb.gz
<UciProtocol (pid=86029)>: stderr >> Initialized metal backend on device Apple M3 Pro
<UciProtocol (pid=86031)>: stderr >> [1m[31m       _
<UciProtocol (pid=86031)>: stderr >> |   _ | |
<UciProtocol (pid=86031)>: stderr >> |_ |_ |_|[0m v0.32.1+git.dirty built Nov 23 2025
<UciProtocol (pid=86031)>: stderr >> Search algorithm: classic
<UciProtocol (pid=86031)>: stderr >> Loading weights file from: data/engines/maia/maia-1100.pb.gz
<UciProtocol (pid=86031)>: stderr >> Initialized metal backend on device Apple M3 Pro
<UciProtocol (pid=86038)>: stderr >> [1m[31m       _
<UciProtocol (pid=86038)>: stderr >> |   _ | |
<UciProtocol (pid=86038)>: stderr >> |_ |_ |_|[0m v0.32.1+git.dirty built Nov 23 2025
<UciProtocol (pid=86037)>: stderr >> [1m[31m       _
<UciProtocol (pid=86037)>: stderr >> |   _ | |
<UciProtocol (pid=86037)>: stderr >> |_ |_ |_|[0m v0.32.1+git.dirty built Nov 23 2025
<UciProtocol (pid=86038)>: stderr >> Search algorithm: classic
<UciProtocol (pid=86037)>: stderr >> Search algorithm: classic
<UciProtocol (pid=86037)>: stderr >> Loading weights file from: data/engines/maia/maia-1500.pb.gz
<UciProtocol (pid=86038)>: stderr >> Loading weights file from: data/engines/maia/maia-1100.pb.gz
<UciProtocol (pid=86038)>: stderr >> Initialized metal backend on device Apple M3 Pro
<UciProtocol (pid=86037)>: stderr >> Initialized metal backend on device Apple M3 Pro
<UciProtocol (pid=86039)>: stderr >> [1m[31m       _
<UciProtocol (pid=86039)>: stderr >> |   _ | |
<UciProtocol (pid=86039)>: stderr >> |_ |_ |_|[0m v0.32.1+git.dirty built Nov 23 2025
<UciProtocol (pid=86039)>: stderr >> Search algorithm: classic
<UciProtocol (pid=86039)>: stderr >> Loading weights file from: data/engines/maia/maia-1500.pb.gz
<UciProtocol (pid=86039)>: stderr >> Initialized metal backend on device Apple M3 Pro
<UciProtocol (pid=86040)>: stderr >> [1m[31m       _
<UciProtocol (pid=86040)>: stderr >> |   _ | |
<UciProtocol (pid=86040)>: stderr >> |_ |_ |_|[0m v0.32.1+git.dirty built Nov 23 2025
<UciProtocol (pid=86040)>: stderr >> Search algorithm: classic
<UciProtocol (pid=86040)>: stderr >> Loading weights file from: data/engines/maia/maia-1100.pb.gz
<UciProtocol (pid=86040)>: stderr >> Initialized metal backend on device Apple M3 Pro
<UciProtocol (pid=86041)>: stderr >> [1m[31m       _
<UciProtocol (pid=86041)>: stderr >> |   _ | |
<UciProtocol (pid=86041)>: stderr >> |_ |_ |_|[0m v0.32.1+git.dirty built Nov 23 2025
<UciProtocol (pid=86041)>: stderr >> Search algorithm: classic
<UciProtocol (pid=86041)>: stderr >> Loading weights file from: data/engines/maia/maia-1900.pb.gz
<UciProtocol (pid=86042)>: stderr >> [1m[31m       _
<UciProtocol (pid=86042)>: stderr >> |   _ | |
<UciProtocol (pid=86042)>: stderr >> |_ |_ |_|[0m v0.32.1+git.dirty built Nov 23 2025
<UciProtocol (pid=86042)>: stderr >> Search algorithm: classic
<UciProtocol (pid=86042)>: stderr >> Loading weights file from: data/engines/maia/maia-1100.pb.gz
<UciProtocol (pid=86041)>: stderr >> Initialized metal backend on device Apple M3 Pro
<UciProtocol (pid=86042)>: stderr >> Initialized metal backend on device Apple M3 Pro
<UciProtocol (pid=86043)>: stderr >> [1m[31m       _
<UciProtocol (pid=86043)>: stderr >> |   _ | |
<UciProtocol (pid=86043)>: stderr >> |_ |_ |_|[0m v0.32.1+git.dirty built Nov 23 2025
<UciProtocol (pid=86043)>: stderr >> Search algorithm: classic
<UciProtocol (pid=86043)>: stderr >> Loading weights file from: data/engines/maia/maia-1500.pb.gz
<UciProtocol (pid=86045)>: stderr >> [1m[31m       _
<UciProtocol (pid=86045)>: stderr >> |   _ | |
<UciProtocol (pid=86045)>: stderr >> |_ |_ |_|[0m v0.32.1+git.dirty built Nov 23 2025
<UciProtocol (pid=86045)>: stderr >> Search algorithm: classic
<UciProtocol (pid=86045)>: stderr >> Loading weights file from: data/engines/maia/maia-1900.pb.gz
<UciProtocol (pid=86043)>: stderr >> Initialized metal backend on device Apple M3 Pro
<UciProtocol (pid=86045)>: stderr >> Initialized metal backend on device Apple M3 Pro
<UciProtocol (pid=86046)>: stderr >> [1m[31m       _
<UciProtocol (pid=86046)>: stderr >> |   _ | |
<UciProtocol (pid=86046)>: stderr >> |_ |_ |_|[0m v0.32.1+git.dirty built Nov 23 2025
<UciProtocol (pid=86046)>: stderr >> Search algorithm: classic
<UciProtocol (pid=86046)>: stderr >> Loading weights file from: data/engines/maia/maia-1500.pb.gz
<UciProtocol (pid=86046)>: stderr >> Initialized metal backend on device Apple M3 Pro
<UciProtocol (pid=86048)>: stderr >> [1m[31m       _
<UciProtocol (pid=86048)>: stderr >> |   _ | |
<UciProtocol (pid=86048)>: stderr >> |_ |_ |_|[0m v0.32.1+git.dirty built Nov 23 2025
<UciProtocol (pid=86048)>: stderr >> Search algorithm: classic
<UciProtocol (pid=86048)>: stderr >> Loading weights file from: data/engines/maia/maia-1500.pb.gz
<UciProtocol (pid=86048)>: stderr >> Initialized metal backend on device Apple M3 Pro
<UciProtocol (pid=86049)>: stderr >> [1m[31m       _
<UciProtocol (pid=86049)>: stderr >> |   _ | |
<UciProtocol (pid=86049)>: stderr >> |_ |_ |_|[0m v0.32.1+git.dirty built Nov 23 2025
<UciProtocol (pid=86049)>: stderr >> Search algorithm: classic
<UciProtocol (pid=86049)>: stderr >> Loading weights file from: data/engines/maia/maia-1900.pb.gz
<UciProtocol (pid=86049)>: stderr >> Initialized metal backend on device Apple M3 Pro
<UciProtocol (pid=86050)>: stderr >> [1m[31m       _
<UciProtocol (pid=86050)>: stderr >> |   _ | |
<UciProtocol (pid=86050)>: stderr >> |_ |_ |_|[0m v0.32.1+git.dirty built Nov 23 2025
<UciProtocol (pid=86050)>: stderr >> Search algorithm: classic
<UciProtocol (pid=86050)>: stderr >> Loading weights file from: data/engines/maia/maia-1900.pb.gz
<UciProtocol (pid=86050)>: stderr >> Initialized metal backend on device Apple M3 Pro
<UciProtocol (pid=86051)>: stderr >> [1m[31m       _
<UciProtocol (pid=86051)>: stderr >> |   _ | |
<UciProtocol (pid=86051)>: stderr >> |_ |_ |_|[0m v0.32.1+git.dirty built Nov 23 2025
<UciProtocol (pid=86051)>: stderr >> Search algorithm: classic
<UciProtocol (pid=86051)>: stderr >> Loading weights file from: data/engines/maia/maia-1100.pb.gz
<UciProtocol (pid=86051)>: stderr >> Initialized metal backend on device Apple M3 Pro
<UciProtocol (pid=86052)>: stderr >> [1m[31m       _
<UciProtocol (pid=86052)>: stderr >> |   _ | |
<UciProtocol (pid=86052)>: stderr >> |_ |_ |_|[0m v0.32.1+git.dirty built Nov 23 2025
<UciProtocol (pid=86052)>: stderr >> Search algorithm: classic
<UciProtocol (pid=86052)>: stderr >> Loading weights file from: data/engines/maia/maia-1900.pb.gz
<UciProtocol (pid=86052)>: stderr >> Initialized metal backend on device Apple M3 Pro
<UciProtocol (pid=86054)>: stderr >> [1m[31m       _
<UciProtocol (pid=86054)>: stderr >> |   _ | |
<UciProtocol (pid=86054)>: stderr >> |_ |_ |_|[0m v0.32.1+git.dirty built Nov 23 2025
<UciProtocol (pid=86054)>: stderr >> Search algorithm: classic
<UciProtocol (pid=86054)>: stderr >> Loading weights file from: data/engines/maia/maia-1500.pb.gz
<UciProtocol (pid=86054)>: stderr >> Initialized metal backend on device Apple M3 Pro
<UciProtocol (pid=86060)>: stderr >> [1m[31m       _
<UciProtocol (pid=86060)>: stderr >> |   _ | |
<UciProtocol (pid=86060)>: stderr >> |_ |_ |_|[0m v0.32.1+git.dirty built Nov 23 2025
<UciProtocol (pid=86060)>: stderr >> Search algorithm: classic
<UciProtocol (pid=86060)>: stderr >> Loading weights file from: data/engines/maia/maia-1100.pb.gz
<UciProtocol (pid=86060)>: stderr >> Initialized metal backend on device Apple M3 Pro
<UciProtocol (pid=86061)>: stderr >> [1m[31m       _
<UciProtocol (pid=86061)>: stderr >> |   _ | |
<UciProtocol (pid=86061)>: stderr >> |_ |_ |_|[0m v0.32.1+git.dirty built Nov 23 2025
<UciProtocol (pid=86061)>: stderr >> Search algorithm: classic
<UciProtocol (pid=86061)>: stderr >> Loading weights file from: data/engines/maia/maia-1900.pb.gz
<UciProtocol (pid=86061)>: stderr >> Initialized metal backend on device Apple M3 Pro
<UciProtocol (pid=86062)>: stderr >> [1m[31m       _
<UciProtocol (pid=86062)>: stderr >> |   _ | |
<UciProtocol (pid=86062)>: stderr >> |_ |_ |_|[0m v0.32.1+git.dirty built Nov 23 2025
<UciProtocol (pid=86062)>: stderr >> Search algorithm: classic
<UciProtocol (pid=86062)>: stderr >> Loading weights file from: data/engines/maia/maia-1500.pb.gz
<UciProtocol (pid=86062)>: stderr >> Initialized metal backend on device Apple M3 Pro
<UciProtocol (pid=86063)>: stderr >> [1m[31m       _
<UciProtocol (pid=86063)>: stderr >> |   _ | |
<UciProtocol (pid=86063)>: stderr >> |_ |_ |_|[0m v0.32.1+git.dirty built Nov 23 2025
<UciProtocol (pid=86063)>: stderr >> Search algorithm: classic
<UciProtocol (pid=86063)>: stderr >> Loading weights file from: data/engines/maia/maia-1900.pb.gz
<UciProtocol (pid=86063)>: stderr >> Initialized metal backend on device Apple M3 Pro
[daemon] shards 316  anchors 43,400  rows 4,405,433  (27,035/hr)  [5779s]
<UciProtocol (pid=86590)>: stderr >> [1m[31m       _
<UciProtocol (pid=86590)>: stderr >> |   _ | |
<UciProtocol (pid=86590)>: stderr >> |_ |_ |_|[0m v0.32.1+git.dirty built Nov 23 2025
<UciProtocol (pid=86590)>: stderr >> Search algorithm: classic
<UciProtocol (pid=86590)>: stderr >> Loading weights file from: data/engines/maia/maia-1100.pb.gz
<UciProtocol (pid=86590)>: stderr >> Initialized metal backend on device Apple M3 Pro
<UciProtocol (pid=86592)>: stderr >> [1m[31m       _
<UciProtocol (pid=86592)>: stderr >> |   _ | |
<UciProtocol (pid=86592)>: stderr >> |_ |_ |_|[0m v0.32.1+git.dirty built Nov 23 2025
<UciProtocol (pid=86592)>: stderr >> Search algorithm: classic
<UciProtocol (pid=86592)>: stderr >> Loading weights file from: data/engines/maia/maia-1100.pb.gz
<UciProtocol (pid=86592)>: stderr >> Initialized metal backend on device Apple M3 Pro
<UciProtocol (pid=86594)>: stderr >> [1m[31m       _
<UciProtocol (pid=86594)>: stderr >> |   _ | |
<UciProtocol (pid=86594)>: stderr >> |_ |_ |_|[0m v0.32.1+git.dirty built Nov 23 2025
<UciProtocol (pid=86594)>: stderr >> Search algorithm: classic
<UciProtocol (pid=86594)>: stderr >> Loading weights file from: data/engines/maia/maia-1100.pb.gz
<UciProtocol (pid=86595)>: stderr >> [1m[31m       _
<UciProtocol (pid=86595)>: stderr >> |   _ | |
<UciProtocol (pid=86595)>: stderr >> |_ |_ |_|[0m v0.32.1+git.dirty built Nov 23 2025
<UciProtocol (pid=86595)>: stderr >> Search algorithm: classic
<UciProtocol (pid=86595)>: stderr >> Loading weights file from: data/engines/maia/maia-1100.pb.gz
<UciProtocol (pid=86595)>: stderr >> Initialized metal backend on device Apple M3 Pro
<UciProtocol (pid=86594)>: stderr >> Initialized metal backend on device Apple M3 Pro
<UciProtocol (pid=86603)>: stderr >> [1m[31m       _
<UciProtocol (pid=86603)>: stderr >> |   _ | |
<UciProtocol (pid=86603)>: stderr >> |_ |_ |_|[0m v0.32.1+git.dirty built Nov 23 2025
<UciProtocol (pid=86603)>: stderr >> Search algorithm: classic
<UciProtocol (pid=86603)>: stderr >> Loading weights file from: data/engines/maia/maia-1500.pb.gz
<UciProtocol (pid=86603)>: stderr >> Initialized metal backend on device Apple M3 Pro
<UciProtocol (pid=86604)>: stderr >> [1m[31m       _
<UciProtocol (pid=86604)>: stderr >> |   _ | |
<UciProtocol (pid=86604)>: stderr >> |_ |_ |_|[0m v0.32.1+git.dirty built Nov 23 2025
<UciProtocol (pid=86604)>: stderr >> Search algorithm: classic
<UciProtocol (pid=86604)>: stderr >> Loading weights file from: data/engines/maia/maia-1500.pb.gz
<UciProtocol (pid=86605)>: stderr >> [1m[31m       _
<UciProtocol (pid=86605)>: stderr >> |   _ | |
<UciProtocol (pid=86605)>: stderr >> |_ |_ |_|[0m v0.32.1+git.dirty built Nov 23 2025
<UciProtocol (pid=86605)>: stderr >> Search algorithm: classic
<UciProtocol (pid=86605)>: stderr >> Loading weights file from: data/engines/maia/maia-1500.pb.gz
<UciProtocol (pid=86604)>: stderr >> Initialized metal backend on device Apple M3 Pro
<UciProtocol (pid=86606)>: stderr >> [1m[31m       _
<UciProtocol (pid=86606)>: stderr >> |   _ | |
<UciProtocol (pid=86606)>: stderr >> |_ |_ |_|[0m v0.32.1+git.dirty built Nov 23 2025
<UciProtocol (pid=86606)>: stderr >> Search algorithm: classic
<UciProtocol (pid=86606)>: stderr >> Loading weights file from: data/engines/maia/maia-1500.pb.gz
<UciProtocol (pid=86605)>: stderr >> Initialized metal backend on device Apple M3 Pro
<UciProtocol (pid=86606)>: stderr >> Initialized metal backend on device Apple M3 Pro
<UciProtocol (pid=86607)>: stderr >> [1m[31m       _
<UciProtocol (pid=86607)>: stderr >> |   _ | |
<UciProtocol (pid=86607)>: stderr >> |_ |_ |_|[0m v0.32.1+git.dirty built Nov 23 2025
<UciProtocol (pid=86607)>: stderr >> Search algorithm: classic
<UciProtocol (pid=86607)>: stderr >> Loading weights file from: data/engines/maia/maia-1100.pb.gz
<UciProtocol (pid=86608)>: stderr >> [1m[31m       _
<UciProtocol (pid=86608)>: stderr >> |   _ | |
<UciProtocol (pid=86608)>: stderr >> |_ |_ |_|[0m v0.32.1+git.dirty built Nov 23 2025
<UciProtocol (pid=86608)>: stderr >> Search algorithm: classic
<UciProtocol (pid=86608)>: stderr >> Loading weights file from: data/engines/maia/maia-1900.pb.gz
<UciProtocol (pid=86607)>: stderr >> Initialized metal backend on device Apple M3 Pro
<UciProtocol (pid=86609)>: stderr >> [1m[31m       _
<UciProtocol (pid=86609)>: stderr >> |   _ | |
<UciProtocol (pid=86609)>: stderr >> |_ |_ |_|[0m v0.32.1+git.dirty built Nov 23 2025
<UciProtocol (pid=86609)>: stderr >> Search algorithm: classic
<UciProtocol (pid=86608)>: stderr >> Initialized metal backend on device Apple M3 Pro
<UciProtocol (pid=86609)>: stderr >> Loading weights file from: data/engines/maia/maia-1100.pb.gz
<UciProtocol (pid=86609)>: stderr >> Initialized metal backend on device Apple M3 Pro
<UciProtocol (pid=86610)>: stderr >> [1m[31m       _
<UciProtocol (pid=86610)>: stderr >> |   _ | |
<UciProtocol (pid=86610)>: stderr >> |_ |_ |_|[0m v0.32.1+git.dirty built Nov 23 2025
<UciProtocol (pid=86610)>: stderr >> Search algorithm: classic
<UciProtocol (pid=86610)>: stderr >> Loading weights file from: data/engines/maia/maia-1100.pb.gz
<UciProtocol (pid=86610)>: stderr >> Initialized metal backend on device Apple M3 Pro
<UciProtocol (pid=86611)>: stderr >> [1m[31m       _
<UciProtocol (pid=86611)>: stderr >> |   _ | |
<UciProtocol (pid=86611)>: stderr >> |_ |_ |_|[0m v0.32.1+git.dirty built Nov 23 2025
<UciProtocol (pid=86611)>: stderr >> Search algorithm: classic
<UciProtocol (pid=86611)>: stderr >> Loading weights file from: data/engines/maia/maia-1900.pb.gz
<UciProtocol (pid=86611)>: stderr >> Initialized metal backend on device Apple M3 Pro
<UciProtocol (pid=86612)>: stderr >> [1m[31m       _
<UciProtocol (pid=86612)>: stderr >> |   _ | |
<UciProtocol (pid=86612)>: stderr >> |_ |_ |_|[0m v0.32.1+git.dirty built Nov 23 2025
<UciProtocol (pid=86612)>: stderr >> Search algorithm: classic
<UciProtocol (pid=86612)>: stderr >> Loading weights file from: data/engines/maia/maia-1900.pb.gz
<UciProtocol (pid=86612)>: stderr >> Initialized metal backend on device Apple M3 Pro
<UciProtocol (pid=86613)>: stderr >> [1m[31m       _
<UciProtocol (pid=86613)>: stderr >> |   _ | |
<UciProtocol (pid=86613)>: stderr >> |_ |_ |_|[0m v0.32.1+git.dirty built Nov 23 2025
<UciProtocol (pid=86613)>: stderr >> Search algorithm: classic
<UciProtocol (pid=86613)>: stderr >> Loading weights file from: data/engines/maia/maia-1900.pb.gz
<UciProtocol (pid=86613)>: stderr >> Initialized metal backend on device Apple M3 Pro
<UciProtocol (pid=86614)>: stderr >> [1m[31m       _
<UciProtocol (pid=86614)>: stderr >> |   _ | |
<UciProtocol (pid=86614)>: stderr >> |_ |_ |_|[0m v0.32.1+git.dirty built Nov 23 2025
<UciProtocol (pid=86614)>: stderr >> Search algorithm: classic
<UciProtocol (pid=86614)>: stderr >> Loading weights file from: data/engines/maia/maia-1500.pb.gz
<UciProtocol (pid=86614)>: stderr >> Initialized metal backend on device Apple M3 Pro
<UciProtocol (pid=86615)>: stderr >> [1m[31m       _
<UciProtocol (pid=86615)>: stderr >> |   _ | |
<UciProtocol (pid=86615)>: stderr >> |_ |_ |_|[0m v0.32.1+git.dirty built Nov 23 2025
<UciProtocol (pid=86615)>: stderr >> Search algorithm: classic
<UciProtocol (pid=86615)>: stderr >> Loading weights file from: data/engines/maia/maia-1500.pb.gz
<UciProtocol (pid=86615)>: stderr >> Initialized metal backend on device Apple M3 Pro
<UciProtocol (pid=86616)>: stderr >> [1m[31m       _
<UciProtocol (pid=86616)>: stderr >> |   _ | |
<UciProtocol (pid=86616)>: stderr >> |_ |_ |_|[0m v0.32.1+git.dirty built Nov 23 2025
<UciProtocol (pid=86616)>: stderr >> Search algorithm: classic
<UciProtocol (pid=86616)>: stderr >> Loading weights file from: data/engines/maia/maia-1500.pb.gz
<UciProtocol (pid=86616)>: stderr >> Initialized metal backend on device Apple M3 Pro
<UciProtocol (pid=86617)>: stderr >> [1m[31m       _
<UciProtocol (pid=86617)>: stderr >> |   _ | |
<UciProtocol (pid=86617)>: stderr >> |_ |_ |_|[0m v0.32.1+git.dirty built Nov 23 2025
<UciProtocol (pid=86617)>: stderr >> Search algorithm: classic
<UciProtocol (pid=86617)>: stderr >> Loading weights file from: data/engines/maia/maia-1900.pb.gz
<UciProtocol (pid=86617)>: stderr >> Initialized metal backend on device Apple M3 Pro
<UciProtocol (pid=86618)>: stderr >> [1m[31m       _
<UciProtocol (pid=86618)>: stderr >> |   _ | |
<UciProtocol (pid=86618)>: stderr >> |_ |_ |_|[0m v0.32.1+git.dirty built Nov 23 2025
<UciProtocol (pid=86618)>: stderr >> Search algorithm: classic
<UciProtocol (pid=86618)>: stderr >> Loading weights file from: data/engines/maia/maia-1900.pb.gz
<UciProtocol (pid=86618)>: stderr >> Initialized metal backend on device Apple M3 Pro
<UciProtocol (pid=86619)>: stderr >> [1m[31m       _
<UciProtocol (pid=86619)>: stderr >> |   _ | |
<UciProtocol (pid=86619)>: stderr >> |_ |_ |_|[0m v0.32.1+git.dirty built Nov 23 2025
<UciProtocol (pid=86619)>: stderr >> Search algorithm: classic
<UciProtocol (pid=86619)>: stderr >> Loading weights file from: data/engines/maia/maia-1900.pb.gz
<UciProtocol (pid=86619)>: stderr >> Initialized metal backend on device Apple M3 Pro
[daemon] shards 323  anchors 44,800  rows 4,547,695  (27,022/hr)  [5968s]
<UciProtocol (pid=87125)>: stderr >> [1m[31m       _
<UciProtocol (pid=87125)>: stderr >> |   _ | |
<UciProtocol (pid=87125)>: stderr >> |_ |_ |_|[0m v0.32.1+git.dirty built Nov 23 2025
<UciProtocol (pid=87125)>: stderr >> Search algorithm: classic
<UciProtocol (pid=87125)>: stderr >> Loading weights file from: data/engines/maia/maia-1100.pb.gz
<UciProtocol (pid=87126)>: stderr >> [1m[31m       _
<UciProtocol (pid=87126)>: stderr >> |   _ | |
<UciProtocol (pid=87126)>: stderr >> |_ |_ |_|[0m v0.32.1+git.dirty built Nov 23 2025
<UciProtocol (pid=87126)>: stderr >> Search algorithm: classic
<UciProtocol (pid=87126)>: stderr >> Loading weights file from: data/engines/maia/maia-1100.pb.gz
<UciProtocol (pid=87127)>: stderr >> [1m[31m       _
<UciProtocol (pid=87127)>: stderr >> |   _ | |
<UciProtocol (pid=87127)>: stderr >> |_ |_ |_|[0m v0.32.1+git.dirty built Nov 23 2025
<UciProtocol (pid=87127)>: stderr >> Search algorithm: classic
<UciProtocol (pid=87127)>: stderr >> Loading weights file from: data/engines/maia/maia-1100.pb.gz
<UciProtocol (pid=87125)>: stderr >> Initialized metal backend on device Apple M3 Pro
<UciProtocol (pid=87126)>: stderr >> Initialized metal backend on device Apple M3 Pro
<UciProtocol (pid=87127)>: stderr >> Initialized metal backend on device Apple M3 Pro
<UciProtocol (pid=87131)>: stderr >> [1m[31m       _
<UciProtocol (pid=87131)>: stderr >> |   _ | |
<UciProtocol (pid=87131)>: stderr >> |_ |_ |_|[0m v0.32.1+git.dirty built Nov 23 2025
<UciProtocol (pid=87131)>: stderr >> Search algorithm: classic
<UciProtocol (pid=87131)>: stderr >> Loading weights file from: data/engines/maia/maia-1500.pb.gz
<UciProtocol (pid=87132)>: stderr >> [1m[31m       _
<UciProtocol (pid=87132)>: stderr >> |   _ | |
<UciProtocol (pid=87132)>: stderr >> |_ |_ |_|[0m v0.32.1+git.dirty built Nov 23 2025
<UciProtocol (pid=87131)>: stderr >> Initialized metal backend on device Apple M3 Pro
<UciProtocol (pid=87132)>: stderr >> Search algorithm: classic
<UciProtocol (pid=87132)>: stderr >> Loading weights file from: data/engines/maia/maia-1500.pb.gz
<UciProtocol (pid=87133)>: stderr >> [1m[31m       _
<UciProtocol (pid=87133)>: stderr >> |   _ | |
<UciProtocol (pid=87133)>: stderr >> |_ |_ |_|[0m v0.32.1+git.dirty built Nov 23 2025
<UciProtocol (pid=87133)>: stderr >> Search algorithm: classic
<UciProtocol (pid=87133)>: stderr >> Loading weights file from: data/engines/maia/maia-1500.pb.gz
<UciProtocol (pid=87132)>: stderr >> Initialized metal backend on device Apple M3 Pro
<UciProtocol (pid=87134)>: stderr >> [1m[31m       _
<UciProtocol (pid=87134)>: stderr >> |   _ | |
<UciProtocol (pid=87134)>: stderr >> |_ |_ |_|[0m v0.32.1+git.dirty built Nov 23 2025
<UciProtocol (pid=87134)>: stderr >> Search algorithm: classic
<UciProtocol (pid=87134)>: stderr >> Loading weights file from: data/engines/maia/maia-1100.pb.gz
<UciProtocol (pid=87133)>: stderr >> Initialized metal backend on device Apple M3 Pro
<UciProtocol (pid=87134)>: stderr >> Initialized metal backend on device Apple M3 Pro
<UciProtocol (pid=87136)>: stderr >> [1m[31m       _
<UciProtocol (pid=87136)>: stderr >> |   _ | |
<UciProtocol (pid=87136)>: stderr >> |_ |_ |_|[0m v0.32.1+git.dirty built Nov 23 2025
<UciProtocol (pid=87136)>: stderr >> Search algorithm: classic
<UciProtocol (pid=87136)>: stderr >> Loading weights file from: data/engines/maia/maia-1100.pb.gz
<UciProtocol (pid=87136)>: stderr >> Initialized metal backend on device Apple M3 Pro
<UciProtocol (pid=87137)>: stderr >> [1m[31m       _
<UciProtocol (pid=87137)>: stderr >> |   _ | |
<UciProtocol (pid=87137)>: stderr >> |_ |_ |_|[0m v0.32.1+git.dirty built Nov 23 2025
<UciProtocol (pid=87137)>: stderr >> Search algorithm: classic
<UciProtocol (pid=87137)>: stderr >> Loading weights file from: data/engines/maia/maia-1900.pb.gz
<UciProtocol (pid=87138)>: stderr >> [1m[31m       _
<UciProtocol (pid=87138)>: stderr >> |   _ | |
<UciProtocol (pid=87138)>: stderr >> |_ |_ |_|[0m v0.32.1+git.dirty built Nov 23 2025
<UciProtocol (pid=87138)>: stderr >> Search algorithm: classic
<UciProtocol (pid=87138)>: stderr >> Loading weights file from: data/engines/maia/maia-1100.pb.gz
<UciProtocol (pid=87137)>: stderr >> Initialized metal backend on device Apple M3 Pro
<UciProtocol (pid=87138)>: stderr >> Initialized metal backend on device Apple M3 Pro
<UciProtocol (pid=87144)>: stderr >> [1m[31m       _
<UciProtocol (pid=87144)>: stderr >> |   _ | |
<UciProtocol (pid=87144)>: stderr >> |_ |_ |_|[0m v0.32.1+git.dirty built Nov 23 2025
<UciProtocol (pid=87144)>: stderr >> Search algorithm: classic
<UciProtocol (pid=87144)>: stderr >> Loading weights file from: data/engines/maia/maia-1900.pb.gz
<UciProtocol (pid=87145)>: stderr >> [1m[31m       _
<UciProtocol (pid=87145)>: stderr >> |   _ | |
<UciProtocol (pid=87145)>: stderr >> |_ |_ |_|[0m v0.32.1+git.dirty built Nov 23 2025
<UciProtocol (pid=87145)>: stderr >> Search algorithm: classic
<UciProtocol (pid=87145)>: stderr >> Loading weights file from: data/engines/maia/maia-1900.pb.gz
<UciProtocol (pid=87144)>: stderr >> Initialized metal backend on device Apple M3 Pro
<UciProtocol (pid=87146)>: stderr >> [1m[31m       _
<UciProtocol (pid=87146)>: stderr >> |   _ | |
<UciProtocol (pid=87146)>: stderr >> |_ |_ |_|[0m v0.32.1+git.dirty built Nov 23 2025
<UciProtocol (pid=87145)>: stderr >> Initialized metal backend on device Apple M3 Pro
<UciProtocol (pid=87146)>: stderr >> Search algorithm: classic
<UciProtocol (pid=87146)>: stderr >> Loading weights file from: data/engines/maia/maia-1500.pb.gz
<UciProtocol (pid=87146)>: stderr >> Initialized metal backend on device Apple M3 Pro
<UciProtocol (pid=87147)>: stderr >> [1m[31m       _
<UciProtocol (pid=87147)>: stderr >> |   _ | |
<UciProtocol (pid=87147)>: stderr >> |_ |_ |_|[0m v0.32.1+git.dirty built Nov 23 2025
<UciProtocol (pid=87147)>: stderr >> Search algorithm: classic
<UciProtocol (pid=87147)>: stderr >> Loading weights file from: data/engines/maia/maia-1500.pb.gz
<UciProtocol (pid=87147)>: stderr >> Initialized metal backend on device Apple M3 Pro
<UciProtocol (pid=87148)>: stderr >> [1m[31m       _
<UciProtocol (pid=87148)>: stderr >> |   _ | |
<UciProtocol (pid=87148)>: stderr >> |_ |_ |_|[0m v0.32.1+git.dirty built Nov 23 2025
<UciProtocol (pid=87148)>: stderr >> Search algorithm: classic
<UciProtocol (pid=87148)>: stderr >> Loading weights file from: data/engines/maia/maia-1500.pb.gz
<UciProtocol (pid=87148)>: stderr >> Initialized metal backend on device Apple M3 Pro
<UciProtocol (pid=87150)>: stderr >> [1m[31m       _
<UciProtocol (pid=87150)>: stderr >> |   _ | |
<UciProtocol (pid=87150)>: stderr >> |_ |_ |_|[0m v0.32.1+git.dirty built Nov 23 2025
<UciProtocol (pid=87149)>: stderr >> [1m[31m       _
<UciProtocol (pid=87149)>: stderr >> |   _ | |
<UciProtocol (pid=87149)>: stderr >> |_ |_ |_|[0m v0.32.1+git.dirty built Nov 23 2025
<UciProtocol (pid=87150)>: stderr >> Search algorithm: classic
<UciProtocol (pid=87150)>: stderr >> Loading weights file from: data/engines/maia/maia-1900.pb.gz
<UciProtocol (pid=87149)>: stderr >> Search algorithm: classic
<UciProtocol (pid=87149)>: stderr >> Loading weights file from: data/engines/maia/maia-1900.pb.gz
<UciProtocol (pid=87150)>: stderr >> Initialized metal backend on device Apple M3 Pro
<UciProtocol (pid=87149)>: stderr >> Initialized metal backend on device Apple M3 Pro
<UciProtocol (pid=87151)>: stderr >> [1m[31m       _
<UciProtocol (pid=87151)>: stderr >> |   _ | |
<UciProtocol (pid=87151)>: stderr >> |_ |_ |_|[0m v0.32.1+git.dirty built Nov 23 2025
<UciProtocol (pid=87151)>: stderr >> Search algorithm: classic
<UciProtocol (pid=87151)>: stderr >> Loading weights file from: data/engines/maia/maia-1900.pb.gz
<UciProtocol (pid=87151)>: stderr >> Initialized metal backend on device Apple M3 Pro
<UciProtocol (pid=87152)>: stderr >> [1m[31m       _
<UciProtocol (pid=87152)>: stderr >> |   _ | |
<UciProtocol (pid=87152)>: stderr >> |_ |_ |_|[0m v0.32.1+git.dirty built Nov 23 2025
<UciProtocol (pid=87152)>: stderr >> Search algorithm: classic
<UciProtocol (pid=87152)>: stderr >> Loading weights file from: data/engines/maia/maia-1100.pb.gz
<UciProtocol (pid=87152)>: stderr >> Initialized metal backend on device Apple M3 Pro
<UciProtocol (pid=87153)>: stderr >> [1m[31m       _
<UciProtocol (pid=87153)>: stderr >> |   _ | |
<UciProtocol (pid=87153)>: stderr >> |_ |_ |_|[0m v0.32.1+git.dirty built Nov 23 2025
<UciProtocol (pid=87153)>: stderr >> Search algorithm: classic
<UciProtocol (pid=87153)>: stderr >> Loading weights file from: data/engines/maia/maia-1500.pb.gz
<UciProtocol (pid=87153)>: stderr >> Initialized metal backend on device Apple M3 Pro
<UciProtocol (pid=87159)>: stderr >> [1m[31m       _
<UciProtocol (pid=87159)>: stderr >> |   _ | |
<UciProtocol (pid=87159)>: stderr >> |_ |_ |_|[0m v0.32.1+git.dirty built Nov 23 2025
<UciProtocol (pid=87159)>: stderr >> Search algorithm: classic
<UciProtocol (pid=87159)>: stderr >> Loading weights file from: data/engines/maia/maia-1900.pb.gz
<UciProtocol (pid=87159)>: stderr >> Initialized metal backend on device Apple M3 Pro
[daemon] shards 330  anchors 46,200  rows 4,689,868  (27,017/hr)  [6156s]
<UciProtocol (pid=87663)>: stderr >> [1m[31m       _
<UciProtocol (pid=87663)>: stderr >> |   _ | |
<UciProtocol (pid=87663)>: stderr >> |_ |_ |_|[0m v0.32.1+git.dirty built Nov 23 2025
<UciProtocol (pid=87663)>: stderr >> Search algorithm: classic
<UciProtocol (pid=87663)>: stderr >> Loading weights file from: data/engines/maia/maia-1100.pb.gz
<UciProtocol (pid=87663)>: stderr >> Initialized metal backend on device Apple M3 Pro
<UciProtocol (pid=87667)>: stderr >> [1m[31m       _
<UciProtocol (pid=87667)>: stderr >> |   _ | |
<UciProtocol (pid=87667)>: stderr >> |_ |_ |_|[0m v0.32.1+git.dirty built Nov 23 2025
<UciProtocol (pid=87667)>: stderr >> Search algorithm: classic
<UciProtocol (pid=87667)>: stderr >> Loading weights file from: data/engines/maia/maia-1100.pb.gz
<UciProtocol (pid=87667)>: stderr >> Initialized metal backend on device Apple M3 Pro
<UciProtocol (pid=87673)>: stderr >> [1m[31m       _
<UciProtocol (pid=87673)>: stderr >> |   _ | |
<UciProtocol (pid=87673)>: stderr >> |_ |_ |_|[0m v0.32.1+git.dirty built Nov 23 2025
<UciProtocol (pid=87673)>: stderr >> Search algorithm: classic
<UciProtocol (pid=87673)>: stderr >> Loading weights file from: data/engines/maia/maia-1100.pb.gz
<UciProtocol (pid=87673)>: stderr >> Initialized metal backend on device Apple M3 Pro
<UciProtocol (pid=87674)>: stderr >> [1m[31m       _
<UciProtocol (pid=87674)>: stderr >> |   _ | |
<UciProtocol (pid=87674)>: stderr >> |_ |_ |_|[0m v0.32.1+git.dirty built Nov 23 2025
<UciProtocol (pid=87674)>: stderr >> Search algorithm: classic
<UciProtocol (pid=87674)>: stderr >> Loading weights file from: data/engines/maia/maia-1500.pb.gz
<UciProtocol (pid=87674)>: stderr >> Initialized metal backend on device Apple M3 Pro
<UciProtocol (pid=87676)>: stderr >> [1m[31m       _
<UciProtocol (pid=87676)>: stderr >> |   _ | |
<UciProtocol (pid=87677)>: stderr >> [1m[31m       _
<UciProtocol (pid=87676)>: stderr >> |_ |_ |_|[0m v0.32.1+git.dirty built Nov 23 2025
<UciProtocol (pid=87677)>: stderr >> |   _ | |
<UciProtocol (pid=87677)>: stderr >> |_ |_ |_|[0m v0.32.1+git.dirty built Nov 23 2025
<UciProtocol (pid=87677)>: stderr >> Search algorithm: classic
<UciProtocol (pid=87676)>: stderr >> Search algorithm: classic
<UciProtocol (pid=87677)>: stderr >> Loading weights file from: data/engines/maia/maia-1500.pb.gz
<UciProtocol (pid=87676)>: stderr >> Loading weights file from: data/engines/maia/maia-1900.pb.gz
<UciProtocol (pid=87679)>: stderr >> [1m[31m       _
<UciProtocol (pid=87679)>: stderr >> |   _ | |
<UciProtocol (pid=87679)>: stderr >> |_ |_ |_|[0m v0.32.1+git.dirty built Nov 23 2025
<UciProtocol (pid=87678)>: stderr >> [1m[31m       _
<UciProtocol (pid=87678)>: stderr >> |   _ | |
<UciProtocol (pid=87678)>: stderr >> |_ |_ |_|[0m v0.32.1+git.dirty built Nov 23 2025
<UciProtocol (pid=87678)>: stderr >> Search algorithm: classic
<UciProtocol (pid=87679)>: stderr >> Search algorithm: classic
<UciProtocol (pid=87678)>: stderr >> Loading weights file from: data/engines/maia/maia-1100.pb.gz
<UciProtocol (pid=87679)>: stderr >> Loading weights file from: data/engines/maia/maia-1500.pb.gz
<UciProtocol (pid=87677)>: stderr >> Initialized metal backend on device Apple M3 Pro
<UciProtocol (pid=87676)>: stderr >> Initialized metal backend on device Apple M3 Pro
<UciProtocol (pid=87678)>: stderr >> Initialized metal backend on device Apple M3 Pro
<UciProtocol (pid=87679)>: stderr >> Initialized metal backend on device Apple M3 Pro
<UciProtocol (pid=87680)>: stderr >> [1m[31m       _
<UciProtocol (pid=87680)>: stderr >> |   _ | |
<UciProtocol (pid=87680)>: stderr >> |_ |_ |_|[0m v0.32.1+git.dirty built Nov 23 2025
<UciProtocol (pid=87680)>: stderr >> Search algorithm: classic
<UciProtocol (pid=87680)>: stderr >> Loading weights file from: data/engines/maia/maia-1100.pb.gz
<UciProtocol (pid=87680)>: stderr >> Initialized metal backend on device Apple M3 Pro
<UciProtocol (pid=87681)>: stderr >> [1m[31m       _
<UciProtocol (pid=87681)>: stderr >> |   _ | |
<UciProtocol (pid=87681)>: stderr >> |_ |_ |_|[0m v0.32.1+git.dirty built Nov 23 2025
<UciProtocol (pid=87681)>: stderr >> Search algorithm: classic
<UciProtocol (pid=87681)>: stderr >> Loading weights file from: data/engines/maia/maia-1100.pb.gz
<UciProtocol (pid=87683)>: stderr >> [1m[31m       _
<UciProtocol (pid=87682)>: stderr >> [1m[31m       _
<UciProtocol (pid=87683)>: stderr >> |   _ | |
<UciProtocol (pid=87683)>: stderr >> |_ |_ |_|[0m v0.32.1+git.dirty built Nov 23 2025
<UciProtocol (pid=87682)>: stderr >> |   _ | |
<UciProtocol (pid=87682)>: stderr >> |_ |_ |_|[0m v0.32.1+git.dirty built Nov 23 2025
<UciProtocol (pid=87682)>: stderr >> Search algorithm: classic
<UciProtocol (pid=87683)>: stderr >> Search algorithm: classic
<UciProtocol (pid=87684)>: stderr >> [1m[31m       _
<UciProtocol (pid=87684)>: stderr >> |   _ | |
<UciProtocol (pid=87684)>: stderr >> |_ |_ |_|[0m v0.32.1+git.dirty built Nov 23 2025
<UciProtocol (pid=87682)>: stderr >> Loading weights file from: data/engines/maia/maia-1900.pb.gz
<UciProtocol (pid=87683)>: stderr >> Loading weights file from: data/engines/maia/maia-1900.pb.gz
<UciProtocol (pid=87681)>: stderr >> Initialized metal backend on device Apple M3 Pro
<UciProtocol (pid=87684)>: stderr >> Search algorithm: classic
<UciProtocol (pid=87684)>: stderr >> Loading weights file from: data/engines/maia/maia-1500.pb.gz
<UciProtocol (pid=87683)>: stderr >> Initialized metal backend on device Apple M3 Pro
<UciProtocol (pid=87682)>: stderr >> Initialized metal backend on device Apple M3 Pro
<UciProtocol (pid=87684)>: stderr >> Initialized metal backend on device Apple M3 Pro
<UciProtocol (pid=87685)>: stderr >> [1m[31m       _
<UciProtocol (pid=87685)>: stderr >> |   _ | |
<UciProtocol (pid=87685)>: stderr >> |_ |_ |_|[0m v0.32.1+git.dirty built Nov 23 2025
<UciProtocol (pid=87685)>: stderr >> Search algorithm: classic
<UciProtocol (pid=87685)>: stderr >> Loading weights file from: data/engines/maia/maia-1500.pb.gz
<UciProtocol (pid=87685)>: stderr >> Initialized metal backend on device Apple M3 Pro
<UciProtocol (pid=87691)>: stderr >> [1m[31m       _
<UciProtocol (pid=87691)>: stderr >> |   _ | |
<UciProtocol (pid=87691)>: stderr >> |_ |_ |_|[0m v0.32.1+git.dirty built Nov 23 2025
<UciProtocol (pid=87691)>: stderr >> Search algorithm: classic
<UciProtocol (pid=87691)>: stderr >> Loading weights file from: data/engines/maia/maia-1500.pb.gz
<UciProtocol (pid=87692)>: stderr >> [1m[31m       _
<UciProtocol (pid=87692)>: stderr >> |   _ | |
<UciProtocol (pid=87692)>: stderr >> |_ |_ |_|[0m v0.32.1+git.dirty built Nov 23 2025
<UciProtocol (pid=87692)>: stderr >> Search algorithm: classic
<UciProtocol (pid=87692)>: stderr >> Loading weights file from: data/engines/maia/maia-1900.pb.gz
<UciProtocol (pid=87691)>: stderr >> Initialized metal backend on device Apple M3 Pro
<UciProtocol (pid=87692)>: stderr >> Initialized metal backend on device Apple M3 Pro
<UciProtocol (pid=87693)>: stderr >> [1m[31m       _
<UciProtocol (pid=87693)>: stderr >> |   _ | |
<UciProtocol (pid=87693)>: stderr >> |_ |_ |_|[0m v0.32.1+git.dirty built Nov 23 2025
<UciProtocol (pid=87693)>: stderr >> Search algorithm: classic
<UciProtocol (pid=87693)>: stderr >> Loading weights file from: data/engines/maia/maia-1900.pb.gz
<UciProtocol (pid=87694)>: stderr >> [1m[31m       _
<UciProtocol (pid=87694)>: stderr >> |   _ | |
<UciProtocol (pid=87694)>: stderr >> |_ |_ |_|[0m v0.32.1+git.dirty built Nov 23 2025
<UciProtocol (pid=87694)>: stderr >> Search algorithm: classic
<UciProtocol (pid=87694)>: stderr >> Loading weights file from: data/engines/maia/maia-1100.pb.gz
<UciProtocol (pid=87693)>: stderr >> Initialized metal backend on device Apple M3 Pro
<UciProtocol (pid=87694)>: stderr >> Initialized metal backend on device Apple M3 Pro
<UciProtocol (pid=87695)>: stderr >> [1m[31m       _
<UciProtocol (pid=87695)>: stderr >> |   _ | |
<UciProtocol (pid=87695)>: stderr >> |_ |_ |_|[0m v0.32.1+git.dirty built Nov 23 2025
<UciProtocol (pid=87695)>: stderr >> Search algorithm: classic
<UciProtocol (pid=87695)>: stderr >> Loading weights file from: data/engines/maia/maia-1900.pb.gz
<UciProtocol (pid=87695)>: stderr >> Initialized metal backend on device Apple M3 Pro
<UciProtocol (pid=87696)>: stderr >> [1m[31m       _
<UciProtocol (pid=87696)>: stderr >> |   _ | |
<UciProtocol (pid=87696)>: stderr >> |_ |_ |_|[0m v0.32.1+git.dirty built Nov 23 2025
<UciProtocol (pid=87696)>: stderr >> Search algorithm: classic
<UciProtocol (pid=87696)>: stderr >> Loading weights file from: data/engines/maia/maia-1500.pb.gz
<UciProtocol (pid=87696)>: stderr >> Initialized metal backend on device Apple M3 Pro
<UciProtocol (pid=87697)>: stderr >> [1m[31m       _
<UciProtocol (pid=87697)>: stderr >> |   _ | |
<UciProtocol (pid=87697)>: stderr >> |_ |_ |_|[0m v0.32.1+git.dirty built Nov 23 2025
<UciProtocol (pid=87697)>: stderr >> Search algorithm: classic
<UciProtocol (pid=87697)>: stderr >> Loading weights file from: data/engines/maia/maia-1900.pb.gz
<UciProtocol (pid=87697)>: stderr >> Initialized metal backend on device Apple M3 Pro
[daemon] shards 337  anchors 47,600  rows 4,832,524  (26,971/hr)  [6353s]
<UciProtocol (pid=88248)>: stderr >> [1m[31m       _
<UciProtocol (pid=88248)>: stderr >> |   _ | |
<UciProtocol (pid=88248)>: stderr >> |_ |_ |_|[0m v0.32.1+git.dirty built Nov 23 2025
<UciProtocol (pid=88248)>: stderr >> Search algorithm: classic
<UciProtocol (pid=88248)>: stderr >> Loading weights file from: data/engines/maia/maia-1100.pb.gz
<UciProtocol (pid=88248)>: stderr >> Initialized metal backend on device Apple M3 Pro
<UciProtocol (pid=88253)>: stderr >> [1m[31m       _
<UciProtocol (pid=88253)>: stderr >> |   _ | |
<UciProtocol (pid=88253)>: stderr >> |_ |_ |_|[0m v0.32.1+git.dirty built Nov 23 2025
<UciProtocol (pid=88253)>: stderr >> Search algorithm: classic
<UciProtocol (pid=88253)>: stderr >> Loading weights file from: data/engines/maia/maia-1500.pb.gz
<UciProtocol (pid=88253)>: stderr >> Initialized metal backend on device Apple M3 Pro
<UciProtocol (pid=88256)>: stderr >> [1m[31m       _
<UciProtocol (pid=88256)>: stderr >> |   _ | |
<UciProtocol (pid=88256)>: stderr >> |_ |_ |_|[0m v0.32.1+git.dirty built Nov 23 2025
<UciProtocol (pid=88256)>: stderr >> Search algorithm: classic
<UciProtocol (pid=88256)>: stderr >> Loading weights file from: data/engines/maia/maia-1100.pb.gz
<UciProtocol (pid=88257)>: stderr >> [1m[31m       _
<UciProtocol (pid=88257)>: stderr >> |   _ | |
<UciProtocol (pid=88257)>: stderr >> |_ |_ |_|[0m v0.32.1+git.dirty built Nov 23 2025
<UciProtocol (pid=88257)>: stderr >> Search algorithm: classic
<UciProtocol (pid=88257)>: stderr >> Loading weights file from: data/engines/maia/maia-1100.pb.gz
<UciProtocol (pid=88256)>: stderr >> Initialized metal backend on device Apple M3 Pro
<UciProtocol (pid=88258)>: stderr >> [1m[31m       _
<UciProtocol (pid=88258)>: stderr >> |   _ | |
<UciProtocol (pid=88258)>: stderr >> |_ |_ |_|[0m v0.32.1+git.dirty built Nov 23 2025
<UciProtocol (pid=88258)>: stderr >> Search algorithm: classic
<UciProtocol (pid=88258)>: stderr >> Loading weights file from: data/engines/maia/maia-1100.pb.gz
<UciProtocol (pid=88258)>: stderr >> Initialized metal backend on device Apple M3 Pro
<UciProtocol (pid=88257)>: stderr >> Initialized metal backend on device Apple M3 Pro
<UciProtocol (pid=88260)>: stderr >> [1m[31m       _
<UciProtocol (pid=88260)>: stderr >> |   _ | |
<UciProtocol (pid=88260)>: stderr >> |_ |_ |_|[0m v0.32.1+git.dirty built Nov 23 2025
<UciProtocol (pid=88260)>: stderr >> Search algorithm: classic
<UciProtocol (pid=88260)>: stderr >> Loading weights file from: data/engines/maia/maia-1100.pb.gz
<UciProtocol (pid=88259)>: stderr >> [1m[31m       _
<UciProtocol (pid=88259)>: stderr >> |   _ | |
<UciProtocol (pid=88259)>: stderr >> |_ |_ |_|[0m v0.32.1+git.dirty built Nov 23 2025
<UciProtocol (pid=88259)>: stderr >> Search algorithm: classic
<UciProtocol (pid=88259)>: stderr >> Loading weights file from: data/engines/maia/maia-1900.pb.gz
<UciProtocol (pid=88260)>: stderr >> Initialized metal backend on device Apple M3 Pro
<UciProtocol (pid=88259)>: stderr >> Initialized metal backend on device Apple M3 Pro
<UciProtocol (pid=88261)>: stderr >> [1m[31m       _
<UciProtocol (pid=88261)>: stderr >> |   _ | |
<UciProtocol (pid=88261)>: stderr >> |_ |_ |_|[0m v0.32.1+git.dirty built Nov 23 2025
<UciProtocol (pid=88261)>: stderr >> Search algorithm: classic
<UciProtocol (pid=88261)>: stderr >> Loading weights file from: data/engines/maia/maia-1500.pb.gz
<UciProtocol (pid=88261)>: stderr >> Initialized metal backend on device Apple M3 Pro
<UciProtocol (pid=88262)>: stderr >> [1m[31m       _
<UciProtocol (pid=88262)>: stderr >> |   _ | |
<UciProtocol (pid=88262)>: stderr >> |_ |_ |_|[0m v0.32.1+git.dirty built Nov 23 2025
<UciProtocol (pid=88263)>: stderr >> [1m[31m       _
<UciProtocol (pid=88263)>: stderr >> |   _ | |
<UciProtocol (pid=88263)>: stderr >> |_ |_ |_|[0m v0.32.1+git.dirty built Nov 23 2025
<UciProtocol (pid=88262)>: stderr >> Search algorithm: classic
<UciProtocol (pid=88263)>: stderr >> Search algorithm: classic
<UciProtocol (pid=88262)>: stderr >> Loading weights file from: data/engines/maia/maia-1500.pb.gz
<UciProtocol (pid=88263)>: stderr >> Loading weights file from: data/engines/maia/maia-1100.pb.gz
<UciProtocol (pid=88264)>: stderr >> [1m[31m       _
<UciProtocol (pid=88264)>: stderr >> |   _ | |
<UciProtocol (pid=88264)>: stderr >> |_ |_ |_|[0m v0.32.1+git.dirty built Nov 23 2025
<UciProtocol (pid=88264)>: stderr >> Search algorithm: classic
<UciProtocol (pid=88264)>: stderr >> Loading weights file from: data/engines/maia/maia-1500.pb.gz
<UciProtocol (pid=88265)>: stderr >> [1m[31m       _
<UciProtocol (pid=88265)>: stderr >> |   _ | |
<UciProtocol (pid=88265)>: stderr >> |_ |_ |_|[0m v0.32.1+git.dirty built Nov 23 2025
<UciProtocol (pid=88265)>: stderr >> Search algorithm: classic
<UciProtocol (pid=88265)>: stderr >> Loading weights file from: data/engines/maia/maia-1100.pb.gz
<UciProtocol (pid=88262)>: stderr >> Initialized metal backend on device Apple M3 Pro
<UciProtocol (pid=88263)>: stderr >> Initialized metal backend on device Apple M3 Pro
<UciProtocol (pid=88264)>: stderr >> Initialized metal backend on device Apple M3 Pro
<UciProtocol (pid=88265)>: stderr >> Initialized metal backend on device Apple M3 Pro
<UciProtocol (pid=88271)>: stderr >> [1m[31m       _
<UciProtocol (pid=88271)>: stderr >> |   _ | |
<UciProtocol (pid=88271)>: stderr >> |_ |_ |_|[0m v0.32.1+git.dirty built Nov 23 2025
<UciProtocol (pid=88271)>: stderr >> Search algorithm: classic
<UciProtocol (pid=88271)>: stderr >> Loading weights file from: data/engines/maia/maia-1500.pb.gz
<UciProtocol (pid=88272)>: stderr >> [1m[31m       _
<UciProtocol (pid=88272)>: stderr >> |   _ | |
<UciProtocol (pid=88272)>: stderr >> |_ |_ |_|[0m v0.32.1+git.dirty built Nov 23 2025
<UciProtocol (pid=88272)>: stderr >> Search algorithm: classic
<UciProtocol (pid=88272)>: stderr >> Loading weights file from: data/engines/maia/maia-1900.pb.gz
<UciProtocol (pid=88271)>: stderr >> Initialized metal backend on device Apple M3 Pro
<UciProtocol (pid=88272)>: stderr >> Initialized metal backend on device Apple M3 Pro
<UciProtocol (pid=88273)>: stderr >> [1m[31m       _
<UciProtocol (pid=88273)>: stderr >> |   _ | |
<UciProtocol (pid=88273)>: stderr >> |_ |_ |_|[0m v0.32.1+git.dirty built Nov 23 2025
<UciProtocol (pid=88273)>: stderr >> Search algorithm: classic
<UciProtocol (pid=88273)>: stderr >> Loading weights file from: data/engines/maia/maia-1900.pb.gz
<UciProtocol (pid=88274)>: stderr >> [1m[31m       _
<UciProtocol (pid=88274)>: stderr >> |   _ | |
<UciProtocol (pid=88274)>: stderr >> |_ |_ |_|[0m v0.32.1+git.dirty built Nov 23 2025
<UciProtocol (pid=88274)>: stderr >> Search algorithm: classic
<UciProtocol (pid=88274)>: stderr >> Loading weights file from: data/engines/maia/maia-1500.pb.gz
<UciProtocol (pid=88273)>: stderr >> Initialized metal backend on device Apple M3 Pro
<UciProtocol (pid=88274)>: stderr >> Initialized metal backend on device Apple M3 Pro
<UciProtocol (pid=88275)>: stderr >> [1m[31m       _
<UciProtocol (pid=88275)>: stderr >> |   _ | |
<UciProtocol (pid=88275)>: stderr >> |_ |_ |_|[0m v0.32.1+git.dirty built Nov 23 2025
<UciProtocol (pid=88275)>: stderr >> Search algorithm: classic
<UciProtocol (pid=88275)>: stderr >> Loading weights file from: data/engines/maia/maia-1900.pb.gz
<UciProtocol (pid=88275)>: stderr >> Initialized metal backend on device Apple M3 Pro
<UciProtocol (pid=88276)>: stderr >> [1m[31m       _
<UciProtocol (pid=88276)>: stderr >> |   _ | |
<UciProtocol (pid=88276)>: stderr >> |_ |_ |_|[0m v0.32.1+git.dirty built Nov 23 2025
<UciProtocol (pid=88277)>: stderr >> [1m[31m       _
<UciProtocol (pid=88277)>: stderr >> |   _ | |
<UciProtocol (pid=88277)>: stderr >> |_ |_ |_|[0m v0.32.1+git.dirty built Nov 23 2025
<UciProtocol (pid=88277)>: stderr >> Search algorithm: classic
<UciProtocol (pid=88276)>: stderr >> Search algorithm: classic
<UciProtocol (pid=88277)>: stderr >> Loading weights file from: data/engines/maia/maia-1500.pb.gz
<UciProtocol (pid=88276)>: stderr >> Loading weights file from: data/engines/maia/maia-1900.pb.gz
<UciProtocol (pid=88276)>: stderr >> Initialized metal backend on device Apple M3 Pro
<UciProtocol (pid=88277)>: stderr >> Initialized metal backend on device Apple M3 Pro
<UciProtocol (pid=88278)>: stderr >> [1m[31m       _
<UciProtocol (pid=88278)>: stderr >> |   _ | |
<UciProtocol (pid=88278)>: stderr >> |_ |_ |_|[0m v0.32.1+git.dirty built Nov 23 2025
<UciProtocol (pid=88278)>: stderr >> Search algorithm: classic
<UciProtocol (pid=88278)>: stderr >> Loading weights file from: data/engines/maia/maia-1900.pb.gz
<UciProtocol (pid=88278)>: stderr >> Initialized metal backend on device Apple M3 Pro
<UciProtocol (pid=88279)>: stderr >> [1m[31m       _
<UciProtocol (pid=88279)>: stderr >> |   _ | |
<UciProtocol (pid=88279)>: stderr >> |_ |_ |_|[0m v0.32.1+git.dirty built Nov 23 2025
<UciProtocol (pid=88279)>: stderr >> Search algorithm: classic
<UciProtocol (pid=88279)>: stderr >> Loading weights file from: data/engines/maia/maia-1900.pb.gz
<UciProtocol (pid=88279)>: stderr >> Initialized metal backend on device Apple M3 Pro
[daemon] shards 344  anchors 49,000  rows 4,975,082  (26,967/hr)  [6541s]
<UciProtocol (pid=88797)>: stderr >> [1m[31m       _
<UciProtocol (pid=88797)>: stderr >> |   _ | |
<UciProtocol (pid=88797)>: stderr >> |_ |_ |_|[0m v0.32.1+git.dirty built Nov 23 2025
<UciProtocol (pid=88797)>: stderr >> Search algorithm: classic
<UciProtocol (pid=88797)>: stderr >> Loading weights file from: data/engines/maia/maia-1100.pb.gz
<UciProtocol (pid=88798)>: stderr >> [1m[31m       _
<UciProtocol (pid=88798)>: stderr >> |   _ | |
<UciProtocol (pid=88798)>: stderr >> |_ |_ |_|[0m v0.32.1+git.dirty built Nov 23 2025
<UciProtocol (pid=88798)>: stderr >> Search algorithm: classic
<UciProtocol (pid=88797)>: stderr >> Initialized metal backend on device Apple M3 Pro
<UciProtocol (pid=88798)>: stderr >> Loading weights file from: data/engines/maia/maia-1100.pb.gz
<UciProtocol (pid=88798)>: stderr >> Initialized metal backend on device Apple M3 Pro
<UciProtocol (pid=88802)>: stderr >> [1m[31m       _
<UciProtocol (pid=88802)>: stderr >> |   _ | |
<UciProtocol (pid=88802)>: stderr >> |_ |_ |_|[0m v0.32.1+git.dirty built Nov 23 2025
<UciProtocol (pid=88802)>: stderr >> Search algorithm: classic
<UciProtocol (pid=88802)>: stderr >> Loading weights file from: data/engines/maia/maia-1100.pb.gz
<UciProtocol (pid=88801)>: stderr >> [1m[31m       _
<UciProtocol (pid=88801)>: stderr >> |   _ | |
<UciProtocol (pid=88801)>: stderr >> |_ |_ |_|[0m v0.32.1+git.dirty built Nov 23 2025
<UciProtocol (pid=88801)>: stderr >> Search algorithm: classic
<UciProtocol (pid=88801)>: stderr >> Loading weights file from: data/engines/maia/maia-1100.pb.gz
<UciProtocol (pid=88803)>: stderr >> [1m[31m       _
<UciProtocol (pid=88803)>: stderr >> |   _ | |
<UciProtocol (pid=88803)>: stderr >> |_ |_ |_|[0m v0.32.1+git.dirty built Nov 23 2025
<UciProtocol (pid=88803)>: stderr >> Search algorithm: classic
<UciProtocol (pid=88803)>: stderr >> Loading weights file from: data/engines/maia/maia-1100.pb.gz
<UciProtocol (pid=88802)>: stderr >> Initialized metal backend on device Apple M3 Pro
<UciProtocol (pid=88801)>: stderr >> Initialized metal backend on device Apple M3 Pro
<UciProtocol (pid=88803)>: stderr >> Initialized metal backend on device Apple M3 Pro
<UciProtocol (pid=88804)>: stderr >> [1m[31m       _
<UciProtocol (pid=88804)>: stderr >> |   _ | |
<UciProtocol (pid=88804)>: stderr >> |_ |_ |_|[0m v0.32.1+git.dirty built Nov 23 2025
<UciProtocol (pid=88804)>: stderr >> Search algorithm: classic
<UciProtocol (pid=88804)>: stderr >> Loading weights file from: data/engines/maia/maia-1500.pb.gz
<UciProtocol (pid=88804)>: stderr >> Initialized metal backend on device Apple M3 Pro
<UciProtocol (pid=88805)>: stderr >> [1m[31m       _
<UciProtocol (pid=88805)>: stderr >> |   _ | |
<UciProtocol (pid=88805)>: stderr >> |_ |_ |_|[0m v0.32.1+git.dirty built Nov 23 2025
<UciProtocol (pid=88805)>: stderr >> Search algorithm: classic
<UciProtocol (pid=88805)>: stderr >> Loading weights file from: data/engines/maia/maia-1500.pb.gz
<UciProtocol (pid=88805)>: stderr >> Initialized metal backend on device Apple M3 Pro
<UciProtocol (pid=88811)>: stderr >> [1m[31m       _
<UciProtocol (pid=88811)>: stderr >> |   _ | |
<UciProtocol (pid=88811)>: stderr >> |_ |_ |_|[0m v0.32.1+git.dirty built Nov 23 2025
<UciProtocol (pid=88811)>: stderr >> Search algorithm: classic
<UciProtocol (pid=88811)>: stderr >> Loading weights file from: data/engines/maia/maia-1500.pb.gz
<UciProtocol (pid=88813)>: stderr >> [1m[31m       _
<UciProtocol (pid=88813)>: stderr >> |   _ | |
<UciProtocol (pid=88813)>: stderr >> |_ |_ |_|[0m v0.32.1+git.dirty built Nov 23 2025
<UciProtocol (pid=88812)>: stderr >> [1m[31m       _
<UciProtocol (pid=88812)>: stderr >> |   _ | |
<UciProtocol (pid=88812)>: stderr >> |_ |_ |_|[0m v0.32.1+git.dirty built Nov 23 2025
<UciProtocol (pid=88813)>: stderr >> Search algorithm: classic
<UciProtocol (pid=88812)>: stderr >> Search algorithm: classic
<UciProtocol (pid=88813)>: stderr >> Loading weights file from: data/engines/maia/maia-1500.pb.gz
<UciProtocol (pid=88812)>: stderr >> Loading weights file from: data/engines/maia/maia-1500.pb.gz
<UciProtocol (pid=88811)>: stderr >> Initialized metal backend on device Apple M3 Pro
<UciProtocol (pid=88813)>: stderr >> Initialized metal backend on device Apple M3 Pro
<UciProtocol (pid=88812)>: stderr >> Initialized metal backend on device Apple M3 Pro
<UciProtocol (pid=88814)>: stderr >> [1m[31m       _
<UciProtocol (pid=88814)>: stderr >> |   _ | |
<UciProtocol (pid=88814)>: stderr >> |_ |_ |_|[0m v0.32.1+git.dirty built Nov 23 2025
<UciProtocol (pid=88814)>: stderr >> Search algorithm: classic
<UciProtocol (pid=88814)>: stderr >> Loading weights file from: data/engines/maia/maia-1900.pb.gz
<UciProtocol (pid=88814)>: stderr >> Initialized metal backend on device Apple M3 Pro
<UciProtocol (pid=88815)>: stderr >> [1m[31m       _
<UciProtocol (pid=88815)>: stderr >> |   _ | |
<UciProtocol (pid=88815)>: stderr >> |_ |_ |_|[0m v0.32.1+git.dirty built Nov 23 2025
<UciProtocol (pid=88815)>: stderr >> Search algorithm: classic
<UciProtocol (pid=88815)>: stderr >> Loading weights file from: data/engines/maia/maia-1900.pb.gz
<UciProtocol (pid=88815)>: stderr >> Initialized metal backend on device Apple M3 Pro
<UciProtocol (pid=88816)>: stderr >> [1m[31m       _
<UciProtocol (pid=88816)>: stderr >> |   _ | |
<UciProtocol (pid=88816)>: stderr >> |_ |_ |_|[0m v0.32.1+git.dirty built Nov 23 2025
<UciProtocol (pid=88816)>: stderr >> Search algorithm: classic
<UciProtocol (pid=88816)>: stderr >> Loading weights file from: data/engines/maia/maia-1900.pb.gz
<UciProtocol (pid=88816)>: stderr >> Initialized metal backend on device Apple M3 Pro
<UciProtocol (pid=88817)>: stderr >> [1m[31m       _
<UciProtocol (pid=88817)>: stderr >> |   _ | |
<UciProtocol (pid=88817)>: stderr >> |_ |_ |_|[0m v0.32.1+git.dirty built Nov 23 2025
<UciProtocol (pid=88817)>: stderr >> Search algorithm: classic
<UciProtocol (pid=88817)>: stderr >> Loading weights file from: data/engines/maia/maia-1900.pb.gz
<UciProtocol (pid=88818)>: stderr >> [1m[31m       _
<UciProtocol (pid=88818)>: stderr >> |   _ | |
<UciProtocol (pid=88818)>: stderr >> |_ |_ |_|[0m v0.32.1+git.dirty built Nov 23 2025
<UciProtocol (pid=88818)>: stderr >> Search algorithm: classic
<UciProtocol (pid=88818)>: stderr >> Loading weights file from: data/engines/maia/maia-1900.pb.gz
<UciProtocol (pid=88817)>: stderr >> Initialized metal backend on device Apple M3 Pro
<UciProtocol (pid=88818)>: stderr >> Initialized metal backend on device Apple M3 Pro
<UciProtocol (pid=88819)>: stderr >> [1m[31m       _
<UciProtocol (pid=88819)>: stderr >> |   _ | |
<UciProtocol (pid=88819)>: stderr >> |_ |_ |_|[0m v0.32.1+git.dirty built Nov 23 2025
<UciProtocol (pid=88819)>: stderr >> Search algorithm: classic
<UciProtocol (pid=88819)>: stderr >> Loading weights file from: data/engines/maia/maia-1100.pb.gz
<UciProtocol (pid=88819)>: stderr >> Initialized metal backend on device Apple M3 Pro
<UciProtocol (pid=88820)>: stderr >> [1m[31m       _
<UciProtocol (pid=88820)>: stderr >> |   _ | |
<UciProtocol (pid=88820)>: stderr >> |_ |_ |_|[0m v0.32.1+git.dirty built Nov 23 2025
<UciProtocol (pid=88820)>: stderr >> Search algorithm: classic
<UciProtocol (pid=88820)>: stderr >> Loading weights file from: data/engines/maia/maia-1100.pb.gz
<UciProtocol (pid=88820)>: stderr >> Initialized metal backend on device Apple M3 Pro
<UciProtocol (pid=88821)>: stderr >> [1m[31m       _
<UciProtocol (pid=88821)>: stderr >> |   _ | |
<UciProtocol (pid=88821)>: stderr >> |_ |_ |_|[0m v0.32.1+git.dirty built Nov 23 2025
<UciProtocol (pid=88821)>: stderr >> Search algorithm: classic
<UciProtocol (pid=88821)>: stderr >> Loading weights file from: data/engines/maia/maia-1500.pb.gz
<UciProtocol (pid=88821)>: stderr >> Initialized metal backend on device Apple M3 Pro
<UciProtocol (pid=88822)>: stderr >> [1m[31m       _
<UciProtocol (pid=88822)>: stderr >> |   _ | |
<UciProtocol (pid=88822)>: stderr >> |_ |_ |_|[0m v0.32.1+git.dirty built Nov 23 2025
<UciProtocol (pid=88822)>: stderr >> Search algorithm: classic
<UciProtocol (pid=88822)>: stderr >> Loading weights file from: data/engines/maia/maia-1500.pb.gz
<UciProtocol (pid=88822)>: stderr >> Initialized metal backend on device Apple M3 Pro
<UciProtocol (pid=88823)>: stderr >> [1m[31m       _
<UciProtocol (pid=88823)>: stderr >> |   _ | |
<UciProtocol (pid=88823)>: stderr >> |_ |_ |_|[0m v0.32.1+git.dirty built Nov 23 2025
<UciProtocol (pid=88823)>: stderr >> Search algorithm: classic
<UciProtocol (pid=88823)>: stderr >> Loading weights file from: data/engines/maia/maia-1900.pb.gz
<UciProtocol (pid=88823)>: stderr >> Initialized metal backend on device Apple M3 Pro
<UciProtocol (pid=88824)>: stderr >> [1m[31m       _
<UciProtocol (pid=88824)>: stderr >> |   _ | |
<UciProtocol (pid=88824)>: stderr >> |_ |_ |_|[0m v0.32.1+git.dirty built Nov 23 2025
<UciProtocol (pid=88824)>: stderr >> Search algorithm: classic
<UciProtocol (pid=88824)>: stderr >> Loading weights file from: data/engines/maia/maia-1900.pb.gz
<UciProtocol (pid=88824)>: stderr >> Initialized metal backend on device Apple M3 Pro
[daemon] shards 351  anchors 50,400  rows 5,117,443  (26,959/hr)  [6730s]
<UciProtocol (pid=89335)>: stderr >> [1m[31m       _
<UciProtocol (pid=89335)>: stderr >> |   _ | |
<UciProtocol (pid=89335)>: stderr >> |_ |_ |_|[0m v0.32.1+git.dirty built Nov 23 2025
<UciProtocol (pid=89335)>: stderr >> Search algorithm: classic
<UciProtocol (pid=89335)>: stderr >> Loading weights file from: data/engines/maia/maia-1100.pb.gz
<UciProtocol (pid=89335)>: stderr >> Initialized metal backend on device Apple M3 Pro
<UciProtocol (pid=89336)>: stderr >> [1m[31m       _
<UciProtocol (pid=89336)>: stderr >> |   _ | |
<UciProtocol (pid=89336)>: stderr >> |_ |_ |_|[0m v0.32.1+git.dirty built Nov 23 2025
<UciProtocol (pid=89336)>: stderr >> Search algorithm: classic
<UciProtocol (pid=89336)>: stderr >> Loading weights file from: data/engines/maia/maia-1100.pb.gz
<UciProtocol (pid=89337)>: stderr >> [1m[31m       _
<UciProtocol (pid=89337)>: stderr >> |   _ | |
<UciProtocol (pid=89337)>: stderr >> |_ |_ |_|[0m v0.32.1+git.dirty built Nov 23 2025
<UciProtocol (pid=89337)>: stderr >> Search algorithm: classic
<UciProtocol (pid=89337)>: stderr >> Loading weights file from: data/engines/maia/maia-1100.pb.gz
<UciProtocol (pid=89336)>: stderr >> Initialized metal backend on device Apple M3 Pro
<UciProtocol (pid=89337)>: stderr >> Initialized metal backend on device Apple M3 Pro
<UciProtocol (pid=89341)>: stderr >> [1m[31m       _
<UciProtocol (pid=89341)>: stderr >> |   _ | |
<UciProtocol (pid=89341)>: stderr >> |_ |_ |_|[0m v0.32.1+git.dirty built Nov 23 2025
<UciProtocol (pid=89341)>: stderr >> Search algorithm: classic
<UciProtocol (pid=89341)>: stderr >> Loading weights file from: data/engines/maia/maia-1500.pb.gz
<UciProtocol (pid=89341)>: stderr >> Initialized metal backend on device Apple M3 Pro
<UciProtocol (pid=89343)>: stderr >> [1m[31m       _
<UciProtocol (pid=89343)>: stderr >> |   _ | |
<UciProtocol (pid=89343)>: stderr >> |_ |_ |_|[0m v0.32.1+git.dirty built Nov 23 2025
<UciProtocol (pid=89343)>: stderr >> Search algorithm: classic
<UciProtocol (pid=89343)>: stderr >> Loading weights file from: data/engines/maia/maia-1500.pb.gz
<UciProtocol (pid=89342)>: stderr >> [1m[31m       _
<UciProtocol (pid=89342)>: stderr >> |   _ | |
<UciProtocol (pid=89342)>: stderr >> |_ |_ |_|[0m v0.32.1+git.dirty built Nov 23 2025
<UciProtocol (pid=89342)>: stderr >> Search algorithm: classic
<UciProtocol (pid=89342)>: stderr >> Loading weights file from: data/engines/maia/maia-1500.pb.gz
<UciProtocol (pid=89343)>: stderr >> Initialized metal backend on device Apple M3 Pro
<UciProtocol (pid=89342)>: stderr >> Initialized metal backend on device Apple M3 Pro
<UciProtocol (pid=89344)>: stderr >> [1m[31m       _
<UciProtocol (pid=89344)>: stderr >> |   _ | |
<UciProtocol (pid=89344)>: stderr >> |_ |_ |_|[0m v0.32.1+git.dirty built Nov 23 2025
<UciProtocol (pid=89344)>: stderr >> Search algorithm: classic
<UciProtocol (pid=89344)>: stderr >> Loading weights file from: data/engines/maia/maia-1100.pb.gz
<UciProtocol (pid=89344)>: stderr >> Initialized metal backend on device Apple M3 Pro
<UciProtocol (pid=89347)>: stderr >> [1m[31m       _
<UciProtocol (pid=89347)>: stderr >> |   _ | |
<UciProtocol (pid=89347)>: stderr >> |_ |_ |_|[0m v0.32.1+git.dirty built Nov 23 2025
<UciProtocol (pid=89347)>: stderr >> Search algorithm: classic
<UciProtocol (pid=89347)>: stderr >> Loading weights file from: data/engines/maia/maia-1100.pb.gz
<UciProtocol (pid=89347)>: stderr >> Initialized metal backend on device Apple M3 Pro
<UciProtocol (pid=89348)>: stderr >> [1m[31m       _
<UciProtocol (pid=89348)>: stderr >> |   _ | |
<UciProtocol (pid=89348)>: stderr >> |_ |_ |_|[0m v0.32.1+git.dirty built Nov 23 2025
<UciProtocol (pid=89348)>: stderr >> Search algorithm: classic
<UciProtocol (pid=89348)>: stderr >> Loading weights file from: data/engines/maia/maia-1900.pb.gz
<UciProtocol (pid=89348)>: stderr >> Initialized metal backend on device Apple M3 Pro
<UciProtocol (pid=89349)>: stderr >> [1m[31m       _
<UciProtocol (pid=89349)>: stderr >> |   _ | |
<UciProtocol (pid=89349)>: stderr >> |_ |_ |_|[0m v0.32.1+git.dirty built Nov 23 2025
<UciProtocol (pid=89349)>: stderr >> Search algorithm: classic
<UciProtocol (pid=89349)>: stderr >> Loading weights file from: data/engines/maia/maia-1900.pb.gz
<UciProtocol (pid=89349)>: stderr >> Initialized metal backend on device Apple M3 Pro
<UciProtocol (pid=89350)>: stderr >> [1m[31m       _
<UciProtocol (pid=89350)>: stderr >> |   _ | |
<UciProtocol (pid=89350)>: stderr >> |_ |_ |_|[0m v0.32.1+git.dirty built Nov 23 2025
<UciProtocol (pid=89350)>: stderr >> Search algorithm: classic
<UciProtocol (pid=89351)>: stderr >> [1m[31m       _
<UciProtocol (pid=89351)>: stderr >> |   _ | |
<UciProtocol (pid=89351)>: stderr >> |_ |_ |_|[0m v0.32.1+git.dirty built Nov 23 2025
<UciProtocol (pid=89351)>: stderr >> Search algorithm: classic
<UciProtocol (pid=89350)>: stderr >> Loading weights file from: data/engines/maia/maia-1900.pb.gz
<UciProtocol (pid=89351)>: stderr >> Loading weights file from: data/engines/maia/maia-1100.pb.gz
<UciProtocol (pid=89351)>: stderr >> Initialized metal backend on device Apple M3 Pro
<UciProtocol (pid=89350)>: stderr >> Initialized metal backend on device Apple M3 Pro
<UciProtocol (pid=89352)>: stderr >> [1m[31m       _
<UciProtocol (pid=89352)>: stderr >> |   _ | |
<UciProtocol (pid=89352)>: stderr >> |_ |_ |_|[0m v0.32.1+git.dirty built Nov 23 2025
<UciProtocol (pid=89352)>: stderr >> Search algorithm: classic
<UciProtocol (pid=89352)>: stderr >> Loading weights file from: data/engines/maia/maia-1500.pb.gz
<UciProtocol (pid=89353)>: stderr >> [1m[31m       _
<UciProtocol (pid=89353)>: stderr >> |   _ | |
<UciProtocol (pid=89353)>: stderr >> |_ |_ |_|[0m v0.32.1+git.dirty built Nov 23 2025
<UciProtocol (pid=89353)>: stderr >> Search algorithm: classic
<UciProtocol (pid=89353)>: stderr >> Loading weights file from: data/engines/maia/maia-1500.pb.gz
<UciProtocol (pid=89359)>: stderr >> [1m[31m       _
<UciProtocol (pid=89359)>: stderr >> |   _ | |
<UciProtocol (pid=89359)>: stderr >> |_ |_ |_|[0m v0.32.1+git.dirty built Nov 23 2025
<UciProtocol (pid=89359)>: stderr >> Search algorithm: classic
<UciProtocol (pid=89359)>: stderr >> Loading weights file from: data/engines/maia/maia-1100.pb.gz
<UciProtocol (pid=89352)>: stderr >> Initialized metal backend on device Apple M3 Pro
<UciProtocol (pid=89353)>: stderr >> Initialized metal backend on device Apple M3 Pro
<UciProtocol (pid=89359)>: stderr >> Initialized metal backend on device Apple M3 Pro
<UciProtocol (pid=89360)>: stderr >> [1m[31m       _
<UciProtocol (pid=89360)>: stderr >> |   _ | |
<UciProtocol (pid=89360)>: stderr >> |_ |_ |_|[0m v0.32.1+git.dirty built Nov 23 2025
<UciProtocol (pid=89360)>: stderr >> Search algorithm: classic
<UciProtocol (pid=89360)>: stderr >> Loading weights file from: data/engines/maia/maia-1900.pb.gz
<UciProtocol (pid=89360)>: stderr >> Initialized metal backend on device Apple M3 Pro
<UciProtocol (pid=89361)>: stderr >> [1m[31m       _
<UciProtocol (pid=89361)>: stderr >> |   _ | |
<UciProtocol (pid=89361)>: stderr >> |_ |_ |_|[0m v0.32.1+git.dirty built Nov 23 2025
<UciProtocol (pid=89361)>: stderr >> Search algorithm: classic
<UciProtocol (pid=89361)>: stderr >> Loading weights file from: data/engines/maia/maia-1500.pb.gz
<UciProtocol (pid=89362)>: stderr >> [1m[31m       _
<UciProtocol (pid=89363)>: stderr >> [1m[31m       _
<UciProtocol (pid=89362)>: stderr >> |   _ | |
<UciProtocol (pid=89362)>: stderr >> |_ |_ |_|[0m v0.32.1+git.dirty built Nov 23 2025
<UciProtocol (pid=89363)>: stderr >> |   _ | |
<UciProtocol (pid=89363)>: stderr >> |_ |_ |_|[0m v0.32.1+git.dirty built Nov 23 2025
<UciProtocol (pid=89363)>: stderr >> Search algorithm: classic
<UciProtocol (pid=89362)>: stderr >> Search algorithm: classic
<UciProtocol (pid=89363)>: stderr >> Loading weights file from: data/engines/maia/maia-1900.pb.gz
<UciProtocol (pid=89362)>: stderr >> Loading weights file from: data/engines/maia/maia-1500.pb.gz
<UciProtocol (pid=89361)>: stderr >> Initialized metal backend on device Apple M3 Pro
<UciProtocol (pid=89362)>: stderr >> Initialized metal backend on device Apple M3 Pro
<UciProtocol (pid=89363)>: stderr >> Initialized metal backend on device Apple M3 Pro
<UciProtocol (pid=89364)>: stderr >> [1m[31m       _
<UciProtocol (pid=89364)>: stderr >> |   _ | |
<UciProtocol (pid=89364)>: stderr >> |_ |_ |_|[0m v0.32.1+git.dirty built Nov 23 2025
<UciProtocol (pid=89364)>: stderr >> Search algorithm: classic
<UciProtocol (pid=89364)>: stderr >> Loading weights file from: data/engines/maia/maia-1900.pb.gz
<UciProtocol (pid=89364)>: stderr >> Initialized metal backend on device Apple M3 Pro
<UciProtocol (pid=89365)>: stderr >> [1m[31m       _
<UciProtocol (pid=89365)>: stderr >> |   _ | |
<UciProtocol (pid=89365)>: stderr >> |_ |_ |_|[0m v0.32.1+git.dirty built Nov 23 2025
<UciProtocol (pid=89365)>: stderr >> Search algorithm: classic
<UciProtocol (pid=89365)>: stderr >> Loading weights file from: data/engines/maia/maia-1900.pb.gz
<UciProtocol (pid=89365)>: stderr >> Initialized metal backend on device Apple M3 Pro
[daemon] shards 358  anchors 51,800  rows 5,259,894  (26,897/hr)  [6933s]
<UciProtocol (pid=89971)>: stderr >> [1m[31m       _
<UciProtocol (pid=89971)>: stderr >> |   _ | |
<UciProtocol (pid=89971)>: stderr >> |_ |_ |_|[0m v0.32.1+git.dirty built Nov 23 2025
<UciProtocol (pid=89971)>: stderr >> Search algorithm: classic
<UciProtocol (pid=89971)>: stderr >> Loading weights file from: data/engines/maia/maia-1100.pb.gz
<UciProtocol (pid=89971)>: stderr >> Initialized metal backend on device Apple M3 Pro
<UciProtocol (pid=89977)>: stderr >> [1m[31m       _
<UciProtocol (pid=89977)>: stderr >> |   _ | |
<UciProtocol (pid=89977)>: stderr >> |_ |_ |_|[0m v0.32.1+git.dirty built Nov 23 2025
<UciProtocol (pid=89977)>: stderr >> Search algorithm: classic
<UciProtocol (pid=89977)>: stderr >> Loading weights file from: data/engines/maia/maia-1100.pb.gz
<UciProtocol (pid=89978)>: stderr >> [1m[31m       _
<UciProtocol (pid=89978)>: stderr >> |   _ | |
<UciProtocol (pid=89978)>: stderr >> |_ |_ |_|[0m v0.32.1+git.dirty built Nov 23 2025
<UciProtocol (pid=89978)>: stderr >> Search algorithm: classic
<UciProtocol (pid=89978)>: stderr >> Loading weights file from: data/engines/maia/maia-1500.pb.gz
<UciProtocol (pid=89977)>: stderr >> Initialized metal backend on device Apple M3 Pro
<UciProtocol (pid=89978)>: stderr >> Initialized metal backend on device Apple M3 Pro
<UciProtocol (pid=89983)>: stderr >> [1m[31m       _
<UciProtocol (pid=89983)>: stderr >> |   _ | |
<UciProtocol (pid=89983)>: stderr >> |_ |_ |_|[0m v0.32.1+git.dirty built Nov 23 2025
<UciProtocol (pid=89983)>: stderr >> Search algorithm: classic
<UciProtocol (pid=89983)>: stderr >> Loading weights file from: data/engines/maia/maia-1100.pb.gz
<UciProtocol (pid=89985)>: stderr >> [1m[31m       _
<UciProtocol (pid=89985)>: stderr >> |   _ | |
<UciProtocol (pid=89985)>: stderr >> |_ |_ |_|[0m v0.32.1+git.dirty built Nov 23 2025
<UciProtocol (pid=89985)>: stderr >> Search algorithm: classic
<UciProtocol (pid=89985)>: stderr >> Loading weights file from: data/engines/maia/maia-1100.pb.gz
<UciProtocol (pid=89983)>: stderr >> Initialized metal backend on device Apple M3 Pro
<UciProtocol (pid=89985)>: stderr >> Initialized metal backend on device Apple M3 Pro
<UciProtocol (pid=89986)>: stderr >> [1m[31m       _
<UciProtocol (pid=89986)>: stderr >> |   _ | |
<UciProtocol (pid=89986)>: stderr >> |_ |_ |_|[0m v0.32.1+git.dirty built Nov 23 2025
<UciProtocol (pid=89986)>: stderr >> Search algorithm: classic
<UciProtocol (pid=89986)>: stderr >> Loading weights file from: data/engines/maia/maia-1100.pb.gz
<UciProtocol (pid=89987)>: stderr >> [1m[31m       _
<UciProtocol (pid=89987)>: stderr >> |   _ | |
<UciProtocol (pid=89987)>: stderr >> |_ |_ |_|[0m v0.32.1+git.dirty built Nov 23 2025
<UciProtocol (pid=89987)>: stderr >> Search algorithm: classic
<UciProtocol (pid=89987)>: stderr >> Loading weights file from: data/engines/maia/maia-1500.pb.gz
<UciProtocol (pid=89988)>: stderr >> [1m[31m       _
<UciProtocol (pid=89988)>: stderr >> |   _ | |
<UciProtocol (pid=89988)>: stderr >> |_ |_ |_|[0m v0.32.1+git.dirty built Nov 23 2025
<UciProtocol (pid=89988)>: stderr >> Search algorithm: classic
<UciProtocol (pid=89988)>: stderr >> Loading weights file from: data/engines/maia/maia-1900.pb.gz
<UciProtocol (pid=89986)>: stderr >> Initialized metal backend on device Apple M3 Pro
<UciProtocol (pid=89987)>: stderr >> Initialized metal backend on device Apple M3 Pro
<UciProtocol (pid=89988)>: stderr >> Initialized metal backend on device Apple M3 Pro
<UciProtocol (pid=89989)>: stderr >> [1m[31m       _
<UciProtocol (pid=89989)>: stderr >> |   _ | |
<UciProtocol (pid=89989)>: stderr >> |_ |_ |_|[0m v0.32.1+git.dirty built Nov 23 2025
<UciProtocol (pid=89989)>: stderr >> Search algorithm: classic
<UciProtocol (pid=89989)>: stderr >> Loading weights file from: data/engines/maia/maia-1500.pb.gz
<UciProtocol (pid=89990)>: stderr >> [1m[31m       _
<UciProtocol (pid=89990)>: stderr >> |   _ | |
<UciProtocol (pid=89989)>: stderr >> Initialized metal backend on device Apple M3 Pro
<UciProtocol (pid=89990)>: stderr >> |_ |_ |_|[0m v0.32.1+git.dirty built Nov 23 2025
<UciProtocol (pid=89990)>: stderr >> Search algorithm: classic
<UciProtocol (pid=89990)>: stderr >> Loading weights file from: data/engines/maia/maia-1100.pb.gz
<UciProtocol (pid=89991)>: stderr >> [1m[31m       _
<UciProtocol (pid=89991)>: stderr >> |   _ | |
<UciProtocol (pid=89991)>: stderr >> |_ |_ |_|[0m v0.32.1+git.dirty built Nov 23 2025
<UciProtocol (pid=89991)>: stderr >> Search algorithm: classic
<UciProtocol (pid=89991)>: stderr >> Loading weights file from: data/engines/maia/maia-1500.pb.gz
<UciProtocol (pid=89990)>: stderr >> Initialized metal backend on device Apple M3 Pro
<UciProtocol (pid=89991)>: stderr >> Initialized metal backend on device Apple M3 Pro
<UciProtocol (pid=89992)>: stderr >> [1m[31m       _
<UciProtocol (pid=89992)>: stderr >> |   _ | |
<UciProtocol (pid=89992)>: stderr >> |_ |_ |_|[0m v0.32.1+git.dirty built Nov 23 2025
<UciProtocol (pid=89992)>: stderr >> Search algorithm: classic
<UciProtocol (pid=89992)>: stderr >> Loading weights file from: data/engines/maia/maia-1500.pb.gz
<UciProtocol (pid=89993)>: stderr >> [1m[31m       _
<UciProtocol (pid=89993)>: stderr >> |   _ | |
<UciProtocol (pid=89993)>: stderr >> |_ |_ |_|[0m v0.32.1+git.dirty built Nov 23 2025
<UciProtocol (pid=89993)>: stderr >> Search algorithm: classic
<UciProtocol (pid=89993)>: stderr >> Loading weights file from: data/engines/maia/maia-1900.pb.gz
<UciProtocol (pid=89994)>: stderr >> [1m[31m       _
<UciProtocol (pid=89994)>: stderr >> |   _ | |
<UciProtocol (pid=89994)>: stderr >> |_ |_ |_|[0m v0.32.1+git.dirty built Nov 23 2025
<UciProtocol (pid=89994)>: stderr >> Search algorithm: classic
<UciProtocol (pid=89994)>: stderr >> Loading weights file from: data/engines/maia/maia-1100.pb.gz
<UciProtocol (pid=89992)>: stderr >> Initialized metal backend on device Apple M3 Pro
<UciProtocol (pid=89993)>: stderr >> Initialized metal backend on device Apple M3 Pro
<UciProtocol (pid=89994)>: stderr >> Initialized metal backend on device Apple M3 Pro
<UciProtocol (pid=89995)>: stderr >> [1m[31m       _
<UciProtocol (pid=89995)>: stderr >> |   _ | |
<UciProtocol (pid=89995)>: stderr >> |_ |_ |_|[0m v0.32.1+git.dirty built Nov 23 2025
<UciProtocol (pid=89995)>: stderr >> Search algorithm: classic
<UciProtocol (pid=89995)>: stderr >> Loading weights file from: data/engines/maia/maia-1900.pb.gz
<UciProtocol (pid=89995)>: stderr >> Initialized metal backend on device Apple M3 Pro
<UciProtocol (pid=89997)>: stderr >> [1m[31m       _
<UciProtocol (pid=89997)>: stderr >> |   _ | |
<UciProtocol (pid=89997)>: stderr >> |_ |_ |_|[0m v0.32.1+git.dirty built Nov 23 2025
<UciProtocol (pid=89997)>: stderr >> Search algorithm: classic
<UciProtocol (pid=89997)>: stderr >> Loading weights file from: data/engines/maia/maia-1900.pb.gz
<UciProtocol (pid=89998)>: stderr >> [1m[31m       _
<UciProtocol (pid=89998)>: stderr >> |   _ | |
<UciProtocol (pid=89998)>: stderr >> |_ |_ |_|[0m v0.32.1+git.dirty built Nov 23 2025
<UciProtocol (pid=89998)>: stderr >> Search algorithm: classic
<UciProtocol (pid=89998)>: stderr >> Loading weights file from: data/engines/maia/maia-1500.pb.gz
<UciProtocol (pid=89997)>: stderr >> Initialized metal backend on device Apple M3 Pro
<UciProtocol (pid=89998)>: stderr >> Initialized metal backend on device Apple M3 Pro
<UciProtocol (pid=89999)>: stderr >> [1m[31m       _
<UciProtocol (pid=89999)>: stderr >> |   _ | |
<UciProtocol (pid=89999)>: stderr >> |_ |_ |_|[0m v0.32.1+git.dirty built Nov 23 2025
<UciProtocol (pid=89999)>: stderr >> Search algorithm: classic
<UciProtocol (pid=89999)>: stderr >> Loading weights file from: data/engines/maia/maia-1500.pb.gz
<UciProtocol (pid=90000)>: stderr >> [1m[31m       _
<UciProtocol (pid=90000)>: stderr >> |   _ | |
<UciProtocol (pid=90000)>: stderr >> |_ |_ |_|[0m v0.32.1+git.dirty built Nov 23 2025
<UciProtocol (pid=90000)>: stderr >> Search algorithm: classic
<UciProtocol (pid=90000)>: stderr >> Loading weights file from: data/engines/maia/maia-1900.pb.gz
<UciProtocol (pid=89999)>: stderr >> Initialized metal backend on device Apple M3 Pro
<UciProtocol (pid=90000)>: stderr >> Initialized metal backend on device Apple M3 Pro
<UciProtocol (pid=90001)>: stderr >> [1m[31m       _
<UciProtocol (pid=90001)>: stderr >> |   _ | |
<UciProtocol (pid=90001)>: stderr >> |_ |_ |_|[0m v0.32.1+git.dirty built Nov 23 2025
<UciProtocol (pid=90001)>: stderr >> Search algorithm: classic
<UciProtocol (pid=90001)>: stderr >> Loading weights file from: data/engines/maia/maia-1900.pb.gz
<UciProtocol (pid=90001)>: stderr >> Initialized metal backend on device Apple M3 Pro
<UciProtocol (pid=90002)>: stderr >> [1m[31m       _
<UciProtocol (pid=90002)>: stderr >> |   _ | |
<UciProtocol (pid=90002)>: stderr >> |_ |_ |_|[0m v0.32.1+git.dirty built Nov 23 2025
<UciProtocol (pid=90002)>: stderr >> Search algorithm: classic
<UciProtocol (pid=90002)>: stderr >> Loading weights file from: data/engines/maia/maia-1900.pb.gz
<UciProtocol (pid=90002)>: stderr >> Initialized metal backend on device Apple M3 Pro
[daemon] shards 365  anchors 53,200  rows 5,402,262  (26,885/hr)  [7123s]
<UciProtocol (pid=90561)>: stderr >> [1m[31m       _
<UciProtocol (pid=90562)>: stderr >> [1m[31m       _
<UciProtocol (pid=90561)>: stderr >> |   _ | |
<UciProtocol (pid=90562)>: stderr >> |   _ | |
<UciProtocol (pid=90561)>: stderr >> |_ |_ |_|[0m v0.32.1+git.dirty built Nov 23 2025
<UciProtocol (pid=90562)>: stderr >> |_ |_ |_|[0m v0.32.1+git.dirty built Nov 23 2025
<UciProtocol (pid=90561)>: stderr >> Search algorithm: classic
<UciProtocol (pid=90562)>: stderr >> Search algorithm: classic
<UciProtocol (pid=90561)>: stderr >> Loading weights file from: data/engines/maia/maia-1100.pb.gz
<UciProtocol (pid=90562)>: stderr >> Loading weights file from: data/engines/maia/maia-1100.pb.gz
<UciProtocol (pid=90564)>: stderr >> [1m[31m       _
<UciProtocol (pid=90564)>: stderr >> |   _ | |
<UciProtocol (pid=90564)>: stderr >> |_ |_ |_|[0m v0.32.1+git.dirty built Nov 23 2025
<UciProtocol (pid=90563)>: stderr >> [1m[31m       _
<UciProtocol (pid=90563)>: stderr >> |   _ | |
<UciProtocol (pid=90563)>: stderr >> |_ |_ |_|[0m v0.32.1+git.dirty built Nov 23 2025
<UciProtocol (pid=90564)>: stderr >> Search algorithm: classic
<UciProtocol (pid=90563)>: stderr >> Search algorithm: classic
<UciProtocol (pid=90564)>: stderr >> Loading weights file from: data/engines/maia/maia-1100.pb.gz
<UciProtocol (pid=90563)>: stderr >> Loading weights file from: data/engines/maia/maia-1100.pb.gz
<UciProtocol (pid=90565)>: stderr >> [1m[31m       _
<UciProtocol (pid=90565)>: stderr >> |   _ | |
<UciProtocol (pid=90565)>: stderr >> |_ |_ |_|[0m v0.32.1+git.dirty built Nov 23 2025
<UciProtocol (pid=90565)>: stderr >> Search algorithm: classic
<UciProtocol (pid=90565)>: stderr >> Loading weights file from: data/engines/maia/maia-1100.pb.gz
<UciProtocol (pid=90566)>: stderr >> [1m[31m       _
<UciProtocol (pid=90566)>: stderr >> |   _ | |
<UciProtocol (pid=90566)>: stderr >> |_ |_ |_|[0m v0.32.1+git.dirty built Nov 23 2025
<UciProtocol (pid=90562)>: stderr >> Initialized metal backend on device Apple M3 Pro
<UciProtocol (pid=90566)>: stderr >> Search algorithm: classic
<UciProtocol (pid=90561)>: stderr >> Initialized metal backend on device Apple M3 Pro
<UciProtocol (pid=90566)>: stderr >> Loading weights file from: data/engines/maia/maia-1100.pb.gz
<UciProtocol (pid=90564)>: stderr >> Initialized metal backend on device Apple M3 Pro
<UciProtocol (pid=90563)>: stderr >> Initialized metal backend on device Apple M3 Pro
<UciProtocol (pid=90565)>: stderr >> Initialized metal backend on device Apple M3 Pro
<UciProtocol (pid=90566)>: stderr >> Initialized metal backend on device Apple M3 Pro
<UciProtocol (pid=90569)>: stderr >> [1m[31m       _
<UciProtocol (pid=90569)>: stderr >> |   _ | |
<UciProtocol (pid=90569)>: stderr >> |_ |_ |_|[0m v0.32.1+git.dirty built Nov 23 2025
<UciProtocol (pid=90569)>: stderr >> Search algorithm: classic
<UciProtocol (pid=90569)>: stderr >> Loading weights file from: data/engines/maia/maia-1500.pb.gz
<UciProtocol (pid=90570)>: stderr >> [1m[31m       _
<UciProtocol (pid=90570)>: stderr >> |   _ | |
<UciProtocol (pid=90570)>: stderr >> |_ |_ |_|[0m v0.32.1+git.dirty built Nov 23 2025
<UciProtocol (pid=90570)>: stderr >> Search algorithm: classic
<UciProtocol (pid=90570)>: stderr >> Loading weights file from: data/engines/maia/maia-1500.pb.gz
<UciProtocol (pid=90569)>: stderr >> Initialized metal backend on device Apple M3 Pro
<UciProtocol (pid=90571)>: stderr >> [1m[31m       _
<UciProtocol (pid=90571)>: stderr >> |   _ | |
<UciProtocol (pid=90571)>: stderr >> |_ |_ |_|[0m v0.32.1+git.dirty built Nov 23 2025
<UciProtocol (pid=90571)>: stderr >> Search algorithm: classic
<UciProtocol (pid=90571)>: stderr >> Loading weights file from: data/engines/maia/maia-1500.pb.gz
<UciProtocol (pid=90570)>: stderr >> Initialized metal backend on device Apple M3 Pro
<UciProtocol (pid=90571)>: stderr >> Initialized metal backend on device Apple M3 Pro
<UciProtocol (pid=90572)>: stderr >> [1m[31m       _
<UciProtocol (pid=90572)>: stderr >> |   _ | |
<UciProtocol (pid=90572)>: stderr >> |_ |_ |_|[0m v0.32.1+git.dirty built Nov 23 2025
<UciProtocol (pid=90572)>: stderr >> Search algorithm: classic
<UciProtocol (pid=90573)>: stderr >> [1m[31m       _
<UciProtocol (pid=90573)>: stderr >> |   _ | |
<UciProtocol (pid=90573)>: stderr >> |_ |_ |_|[0m v0.32.1+git.dirty built Nov 23 2025
<UciProtocol (pid=90573)>: stderr >> Search algorithm: classic
<UciProtocol (pid=90572)>: stderr >> Loading weights file from: data/engines/maia/maia-1500.pb.gz
<UciProtocol (pid=90573)>: stderr >> Loading weights file from: data/engines/maia/maia-1500.pb.gz
<UciProtocol (pid=90574)>: stderr >> [1m[31m       _
<UciProtocol (pid=90574)>: stderr >> |   _ | |
<UciProtocol (pid=90574)>: stderr >> |_ |_ |_|[0m v0.32.1+git.dirty built Nov 23 2025
<UciProtocol (pid=90574)>: stderr >> Search algorithm: classic
<UciProtocol (pid=90574)>: stderr >> Loading weights file from: data/engines/maia/maia-1500.pb.gz
<UciProtocol (pid=90575)>: stderr >> [1m[31m       _
<UciProtocol (pid=90575)>: stderr >> |   _ | |
<UciProtocol (pid=90575)>: stderr >> |_ |_ |_|[0m v0.32.1+git.dirty built Nov 23 2025
<UciProtocol (pid=90572)>: stderr >> Initialized metal backend on device Apple M3 Pro
<UciProtocol (pid=90575)>: stderr >> Search algorithm: classic
<UciProtocol (pid=90575)>: stderr >> Loading weights file from: data/engines/maia/maia-1100.pb.gz
<UciProtocol (pid=90573)>: stderr >> Initialized metal backend on device Apple M3 Pro
<UciProtocol (pid=90574)>: stderr >> Initialized metal backend on device Apple M3 Pro
<UciProtocol (pid=90575)>: stderr >> Initialized metal backend on device Apple M3 Pro
<UciProtocol (pid=90577)>: stderr >> [1m[31m       _
<UciProtocol (pid=90577)>: stderr >> |   _ | |
<UciProtocol (pid=90577)>: stderr >> |_ |_ |_|[0m v0.32.1+git.dirty built Nov 23 2025
<UciProtocol (pid=90576)>: stderr >> [1m[31m       _
<UciProtocol (pid=90576)>: stderr >> |   _ | |
<UciProtocol (pid=90576)>: stderr >> |_ |_ |_|[0m v0.32.1+git.dirty built Nov 23 2025
<UciProtocol (pid=90577)>: stderr >> Search algorithm: classic
<UciProtocol (pid=90576)>: stderr >> Search algorithm: classic
<UciProtocol (pid=90576)>: stderr >> Loading weights file from: data/engines/maia/maia-1900.pb.gz
<UciProtocol (pid=90577)>: stderr >> Loading weights file from: data/engines/maia/maia-1900.pb.gz
<UciProtocol (pid=90577)>: stderr >> Initialized metal backend on device Apple M3 Pro
<UciProtocol (pid=90576)>: stderr >> Initialized metal backend on device Apple M3 Pro
<UciProtocol (pid=90578)>: stderr >> [1m[31m       _
<UciProtocol (pid=90578)>: stderr >> |   _ | |
<UciProtocol (pid=90578)>: stderr >> |_ |_ |_|[0m v0.32.1+git.dirty built Nov 23 2025
<UciProtocol (pid=90578)>: stderr >> Search algorithm: classic
<UciProtocol (pid=90578)>: stderr >> Loading weights file from: data/engines/maia/maia-1900.pb.gz
<UciProtocol (pid=90578)>: stderr >> Initialized metal backend on device Apple M3 Pro
<UciProtocol (pid=90584)>: stderr >> [1m[31m       _
<UciProtocol (pid=90584)>: stderr >> |   _ | |
<UciProtocol (pid=90584)>: stderr >> |_ |_ |_|[0m v0.32.1+git.dirty built Nov 23 2025
<UciProtocol (pid=90584)>: stderr >> Search algorithm: classic
<UciProtocol (pid=90584)>: stderr >> Loading weights file from: data/engines/maia/maia-1900.pb.gz
<UciProtocol (pid=90584)>: stderr >> Initialized metal backend on device Apple M3 Pro
<UciProtocol (pid=90585)>: stderr >> [1m[31m       _
<UciProtocol (pid=90585)>: stderr >> |   _ | |
<UciProtocol (pid=90585)>: stderr >> |_ |_ |_|[0m v0.32.1+git.dirty built Nov 23 2025
<UciProtocol (pid=90586)>: stderr >> [1m[31m       _
<UciProtocol (pid=90586)>: stderr >> |   _ | |
<UciProtocol (pid=90586)>: stderr >> |_ |_ |_|[0m v0.32.1+git.dirty built Nov 23 2025
<UciProtocol (pid=90586)>: stderr >> Search algorithm: classic
<UciProtocol (pid=90587)>: stderr >> [1m[31m       _
<UciProtocol (pid=90587)>: stderr >> |   _ | |
<UciProtocol (pid=90587)>: stderr >> |_ |_ |_|[0m v0.32.1+git.dirty built Nov 23 2025
<UciProtocol (pid=90585)>: stderr >> Search algorithm: classic
<UciProtocol (pid=90586)>: stderr >> Loading weights file from: data/engines/maia/maia-1500.pb.gz
<UciProtocol (pid=90585)>: stderr >> Loading weights file from: data/engines/maia/maia-1900.pb.gz
<UciProtocol (pid=90587)>: stderr >> Search algorithm: classic
<UciProtocol (pid=90587)>: stderr >> Loading weights file from: data/engines/maia/maia-1900.pb.gz
<UciProtocol (pid=90585)>: stderr >> Initialized metal backend on device Apple M3 Pro
<UciProtocol (pid=90586)>: stderr >> Initialized metal backend on device Apple M3 Pro
<UciProtocol (pid=90587)>: stderr >> Initialized metal backend on device Apple M3 Pro
<UciProtocol (pid=90589)>: stderr >> [1m[31m       _
<UciProtocol (pid=90589)>: stderr >> |   _ | |
<UciProtocol (pid=90589)>: stderr >> |_ |_ |_|[0m v0.32.1+git.dirty built Nov 23 2025
<UciProtocol (pid=90589)>: stderr >> Search algorithm: classic
<UciProtocol (pid=90589)>: stderr >> Loading weights file from: data/engines/maia/maia-1900.pb.gz
<UciProtocol (pid=90589)>: stderr >> Initialized metal backend on device Apple M3 Pro
[daemon] shards 372  anchors 54,600  rows 5,543,081  (26,946/hr)  [7294s]
[daemon] STOP sentinel found -- clean shutdown
VERDICT ROLLOUT_DAEMON anchors=54,600 rows=5,543,081 shards=372 regimes=[2, 3, 4, 5, 6, 8, 9, 10] [7294s]
